tag,row,type,description,Group,Location,total,Start Timing,Spread Over (mths),Share %,sum_in_model
2020-08,509,A,Oil Facility Phase #1,Facilities,Field,-15900000.0,#N/A,6.0,0.0,0.0
2020-08,510,A,Oil Facility Phase #2,Facilities,Field,-5100000.0,#N/A,6.0,0.0,0.0
2020-08,511,A,Gas Facility Phase #1,Facilities,Field,-11800000.0,#N/A,6.0,0.0,0.0
2020-08,512,A,Gas Facility Phase #2,Facilities,Field,-700000.0,#N/A,6.0,0.0,0.0
2020-08,513,A,Gas Facility Phase #3,Facilities,Field,-2900000.0,#N/A,6.0,0.0,0.0
2020-08,514,A,Gas Facility Phase #4,Facilities,Field,-700000.0,#N/A,6.0,0.0,0.0
2020-08,515,A,Gas Facility Compression Phase #1,Facilities,Field,-5000000.0,#N/A,6.0,0.0,0.0
2020-08,516,A,Gas Facility Compression Phase #2,Facilities,Field,-5000000.0,#N/A,6.0,0.0,0.0
2020-08,517,A,Gas Facility Compression Phase #3,Facilities,Field,-5000000.0,#N/A,6.0,0.0,0.0
2020-08,518,A,Gas Facility Compression Phase #4,Facilities,Field,-5000000.0,#N/A,6.0,0.0,0.0
2020-08,519,A,Pipeline (Gas),Facilities,Field,-4100000.0,#N/A,6.0,0.0,0.0
2020-08,520,A,Pipeline (Oil),Facilities,Field,-3800000.0,#N/A,6.0,0.0,0.0
2020-08,523,A,Engineering and Facility Design,Engineering,Field,-30000.0,2019-01-01,1.0,0.0,0.0
2020-08,524,A,Road Upgrades (Tec-2 WO & Tec-10 Drill),Drill,Field,-15000.0,2019-01-01,1.0,0.0,0.0
2020-08,525,A,Road Upgrades (Tec-11 Drill +),Drill,Field,-77000.0,2019-01-01,1.0,0.0,0.0
2020-08,526,A,Tec-2 Survey,Workover,Field,-5000.0,2019-01-01,1.0,0.0,0.0
2020-08,527,A,Tec-10 VT Survey,Drill,Field,-25000.0,2019-01-01,1.0,0.0,0.0
2020-08,528,A,Field Surveying,Engineering,Field,-20000.0,2019-01-01,1.0,0.0,0.0
2020-08,529,A,Tec-2 Wellhead Maintenance,Workover,Tecolutla-2,-10000.0,2019-01-01,1.0,0.0,0.0
2020-08,530,A,Tec-2 Site Prep,Workover,Tecolutla-2,-10000.0,2019-01-01,1.0,0.0,0.0
2020-08,531,A,Tec-2 Workover Basic (no rods or tubing; or pump; short test),Workover,Tecolutla-2,-260000.0,2019-01-01,1.0,0.0,0.0
2020-08,532,A,"Tec- 2 Extras (rods tubing, pump; extended test)",Workover,Tecolutla-2,0.0,2019-01-01,1.0,0.0,0.0
2020-08,533,A,Tec-2 Equip and Pipeline,Workover,Tecolutla-2,0.0,2019-01-01,1.0,0.0,0.0
2020-08,534,A,Tec-10 VT Permit,Drill,Tecolutla-10,-15000.0,2019-01-01,1.0,0.0,0.0
2020-08,535,A,Tec-10 VT Site Construction,Workover,Tecolutla-10,-150000.0,2019-01-01,1.0,0.0,0.0
2020-08,536,A,Tec-10 VT Drill,Drill,Tecolutla-10,-1800000.0,2019-01-01,1.0,0.0,0.0
2020-08,537,A,Tec-10 VT Complete,Drill,Tecolutla-10,-450000.0,2019-01-01,1.0,0.0,0.0
2020-08,538,A,Tec-10 Core Study,Drill,Tecolutla-10,-25500.0,2019-01-01,1.0,0.0,0.0
2020-08,539,A,Tec-11 HZ Permit,Drill,Tecolutla-11,-25000.0,2019-01-01,1.0,0.0,0.0
2020-08,540,A,Tec-2 Site Expansion (for Tec 11 Driil),Drill,Tecolutla-11,-200000.0,2019-01-01,1.0,0.0,0.0
2020-08,541,A,Tec-11 HZ Drill,Drill,Tecolutla-11,-3100000.0,2019-01-01,1.0,0.0,0.0
2020-08,542,A,Tec-11 HZ Complete,Drill,Tecolutla-11,-800000.0,2019-01-01,1.0,0.0,0.0
2020-08,543,A,Tec-11 HZ Equip (jack),Drill,Tecolutla-11,0.0,2019-01-01,1.0,0.0,0.0
2020-08,544,A,Tec-11 Single Well Battery,Facility,Battery,0.0,2019-01-01,1.0,0.0,0.0
2020-08,545,A,Tec-11 Pipeline (pending success on Tec-12 *Tec-10 Re-Entry),Workover,Tecolutla-11,0.0,2019-01-01,1.0,0.0,0.0
2020-08,546,A,Tec-12 HZ Drill *Tec-10 Re-Entry,Drill,Tecolutla-12,-1250000.0,2021-01-01,1.0,0.0,0.0
2020-08,547,A,"Tec-12 HZ Complete, Equip *Tec-10 Re-Entry",Drill,Tecolutla-12,-250000.0,2021-01-01,1.0,0.0,0.0
2020-08,548,A,Tec-12 HZ Equip (jack),Facility,Tecolutla-12,-50000.0,2021-01-01,1.0,0.0,0.0
2020-08,549,A,"Tec-12  New Facility, Meter, Move SWB from Tec-11",Facility,Battery,0.0,2019-01-01,1.0,0.0,0.0
2020-08,550,A,"Tec-13 HZ Drill, Complete, Equip",Drill,Tecolutla-13,0.0,2019-01-01,1.0,0.0,0.0
2020-08,551,A,"Tec-14 HZ Drill, Complete, Equip",Drill,Tecolutla-14,0.0,2019-01-01,1.0,0.0,0.0
2020-08,553,A,Tec-7 Workover Basic (no rods or tubing; or pump; short test),Workover,Tecolutla-7,-260000.0,2019-01-01,1.0,0.0,0.0
2020-08,554,A,Water Disposal Line to Tec 7,Pipeline,Tecolutla-7,0.0,2019-01-01,1.0,0.0,0.0
2020-08,555,A,Conversion of Tec 7 to Water Disposal (incl. logging),Conversion,Tecolutla-7,0.0,2019-01-01,1.0,0.0,0.0
2020-08,556,A,Tec-12 Facility expansion #3 (winj skid? & add. Tanks),Pipeline,Battery,0.0,2021-03-01,1.0,0.0,0.0
2020-08,558,A,2020 START UP CAPITAL,Facility,Battery,-65000.0,2020-09-01,1.0,1.0,-65000.0
2022-v1,509,A,Oil Facility Phase #1,Facilities,Field,-15900000.0,#N/A,6.0,0.0,0.0
2022-v1,510,A,Oil Facility Phase #2,Facilities,Field,-5100000.0,#N/A,6.0,0.0,0.0
2022-v1,511,A,Gas Facility Phase #1,Facilities,Field,-11800000.0,#N/A,6.0,0.0,0.0
2022-v1,512,A,Gas Facility Phase #2,Facilities,Field,-700000.0,#N/A,6.0,0.0,0.0
2022-v1,513,A,Gas Facility Phase #3,Facilities,Field,-2900000.0,#N/A,6.0,0.0,0.0
2022-v1,514,A,Gas Facility Phase #4,Facilities,Field,-700000.0,#N/A,6.0,0.0,0.0
2022-v1,515,A,Gas Facility Compression Phase #1,Facilities,Field,-5000000.0,#N/A,6.0,0.0,0.0
2022-v1,516,A,Gas Facility Compression Phase #2,Facilities,Field,-5000000.0,#N/A,6.0,0.0,0.0
2022-v1,517,A,Gas Facility Compression Phase #3,Facilities,Field,-5000000.0,#N/A,6.0,0.0,0.0
2022-v1,518,A,Gas Facility Compression Phase #4,Facilities,Field,-5000000.0,#N/A,6.0,0.0,0.0
2022-v1,519,A,Pipeline (Gas),Facilities,Field,-4100000.0,#N/A,6.0,0.0,0.0
2022-v1,520,A,Pipeline (Oil),Facilities,Field,-3800000.0,#N/A,6.0,0.0,0.0
2022-v1,523,A,Engineering and Facility Design,Engineering,Field,-30000.0,2019-01-01,1.0,0.0,0.0
2022-v1,524,A,Road Upgrades (Tec-2 WO & Tec-10 Drill),Drill,Field,-15000.0,2019-01-01,1.0,0.0,0.0
2022-v1,525,A,Road Upgrades (Tec-11 Drill +),Drill,Field,-77000.0,2019-01-01,1.0,0.0,0.0
2022-v1,526,A,Tec-2 Survey,Workover,Field,-5000.0,2019-01-01,1.0,0.0,0.0
2022-v1,527,A,Tec-10 VT Survey,Drill,Field,-25000.0,2019-01-01,1.0,0.0,0.0
2022-v1,528,A,Field Surveying,Engineering,Field,-20000.0,2019-01-01,1.0,0.0,0.0
2022-v1,529,A,Tec-2 Wellhead Maintenance,Workover,Tecolutla-2,-10000.0,2019-01-01,1.0,0.0,0.0
2022-v1,530,A,Tec-2 Site Prep,Workover,Tecolutla-2,-10000.0,2019-01-01,1.0,0.0,0.0
2022-v1,531,A,Tec-2 Workover Basic (no rods or tubing; or pump; short test),Workover,Tecolutla-2,-260000.0,2019-01-01,1.0,0.0,0.0
2022-v1,532,A,"Tec- 2 Extras (rods tubing, pump; extended test)",Workover,Tecolutla-2,0.0,2019-01-01,1.0,0.0,0.0
2022-v1,533,A,Tec-2 Equip and Pipeline,Workover,Tecolutla-2,0.0,2019-01-01,1.0,0.0,0.0
2022-v1,534,A,Tec-10 VT Permit,Drill,Tecolutla-10,-15000.0,2019-01-01,1.0,0.0,0.0
2022-v1,535,A,Tec-10 VT Site Construction,Workover,Tecolutla-10,-150000.0,2019-01-01,1.0,0.0,0.0
2022-v1,536,A,Tec-10 VT Drill,Drill,Tecolutla-10,-1800000.0,2019-01-01,1.0,0.0,0.0
2022-v1,537,A,Tec-10 VT Complete,Drill,Tecolutla-10,-450000.0,2019-01-01,1.0,0.0,0.0
2022-v1,538,A,Tec-10 Core Study,Drill,Tecolutla-10,-25500.0,2019-01-01,1.0,0.0,0.0
2022-v1,539,A,Tec-11 HZ Permit,Drill,Tecolutla-11,-25000.0,2019-01-01,1.0,0.0,0.0
2022-v1,540,A,Tec-2 Site Expansion (for Tec 11 Driil),Drill,Tecolutla-11,-200000.0,2019-01-01,1.0,0.0,0.0
2022-v1,541,A,Tec-11 HZ Drill,Drill,Tecolutla-11,-3100000.0,2019-01-01,1.0,0.0,0.0
2022-v1,542,A,Tec-11 HZ Complete,Drill,Tecolutla-11,-800000.0,2019-01-01,1.0,0.0,0.0
2022-v1,543,A,Tec-11 HZ Equip (jack),Drill,Tecolutla-11,0.0,2019-01-01,1.0,0.0,0.0
2022-v1,544,A,Tec-11 Single Well Battery,Facility,Battery,0.0,2019-01-01,1.0,0.0,0.0
2022-v1,545,A,Tec-11 Pipeline (pending success on Tec-12 *Tec-10 Re-Entry),Workover,Tecolutla-11,0.0,2019-01-01,1.0,0.0,0.0
2022-v1,546,A,Tec-12 Drill,Drill,Tecolutla-12,-1250000.0,2022-08-01,1.0,1.0,-1250000.0
2022-v1,547,A,"Tec-12 Complete, Equip",Drill,Tecolutla-12,-250000.0,2022-08-01,1.0,1.0,-250000.0
2022-v1,548,A,Tec-12 Tie-in,Facility,Tecolutla-12,-50000.0,2022-08-01,1.0,1.0,-50000.0
2022-v1,549,A,"Tec-12 Battery Upgrade 
(incl Tec-11 WO  <- added this comment 2022-04-11)",Facility,Battery,-250000.0,2022-09-01,1.0,1.0,-250000.0
2022-v1,550,A,"Tec-13 Drill, Complete, Equip",Drill,Tecolutla-13,-1550000.0,2023-05-01,1.0,1.0,-1550000.0
2022-v1,551,A,"Tec-14 HZ Drill, Complete, Equip",Drill,Tecolutla-14,0.0,2019-01-01,1.0,0.0,0.0
2022-v1,553,A,Tec-7 Workover Basic (no rods or tubing; or pump; short test),Workover,Tecolutla-7,-260000.0,2019-01-01,1.0,0.0,0.0
2022-v1,554,A,Water Disposal Line to Tec 7,Pipeline,Tecolutla-7,0.0,2019-01-01,1.0,0.0,0.0
2022-v1,555,A,Conversion of Tec 7 to Water Disposal (incl. logging),Conversion,Tecolutla-7,0.0,2019-01-01,1.0,0.0,0.0
2022-v1,556,A,Tec-12 Facility expansion #3 (winj skid? & add. Tanks),Pipeline,Battery,0.0,2019-01-01,1.0,0.0,0.0
2022-v1,558,A,2020 START UP CAPITAL,Facility,Battery,-65000.0,2019-01-01,1.0,0.0,0.0
2022-v2,509,A,Oil Facility Phase #1,Facilities,Field,-15900000.0,#N/A,6.0,0.0,0.0
2022-v2,510,A,Oil Facility Phase #2,Facilities,Field,-5100000.0,#N/A,6.0,0.0,0.0
2022-v2,511,A,Gas Facility Phase #1,Facilities,Field,-11800000.0,#N/A,6.0,0.0,0.0
2022-v2,512,A,Gas Facility Phase #2,Facilities,Field,-700000.0,#N/A,6.0,0.0,0.0
2022-v2,513,A,Gas Facility Phase #3,Facilities,Field,-2900000.0,#N/A,6.0,0.0,0.0
2022-v2,514,A,Gas Facility Phase #4,Facilities,Field,-700000.0,#N/A,6.0,0.0,0.0
2022-v2,515,A,Gas Facility Compression Phase #1,Facilities,Field,-5000000.0,#N/A,6.0,0.0,0.0
2022-v2,516,A,Gas Facility Compression Phase #2,Facilities,Field,-5000000.0,#N/A,6.0,0.0,0.0
2022-v2,517,A,Gas Facility Compression Phase #3,Facilities,Field,-5000000.0,#N/A,6.0,0.0,0.0
2022-v2,518,A,Gas Facility Compression Phase #4,Facilities,Field,-5000000.0,#N/A,6.0,0.0,0.0
2022-v2,519,A,Pipeline (Gas),Facilities,Field,-4100000.0,#N/A,6.0,0.0,0.0
2022-v2,520,A,Pipeline (Oil),Facilities,Field,-3800000.0,#N/A,6.0,0.0,0.0
2022-v2,523,A,Engineering and Facility Design,Engineering,Field,-30000.0,2019-01-01,1.0,0.0,0.0
2022-v2,524,A,Road Upgrades (Tec-2 WO & Tec-10 Drill),Drill,Field,-15000.0,2019-01-01,1.0,0.0,0.0
2022-v2,525,A,Road Upgrades (Tec-11 Drill +),Drill,Field,-77000.0,2019-01-01,1.0,0.0,0.0
2022-v2,526,A,Tec-2 Survey,Workover,Field,-5000.0,2019-01-01,1.0,0.0,0.0
2022-v2,527,A,Tec-10 VT Survey,Drill,Field,-25000.0,2019-01-01,1.0,0.0,0.0
2022-v2,528,A,Field Surveying,Engineering,Field,-20000.0,2019-01-01,1.0,0.0,0.0
2022-v2,529,A,Tec-2 Wellhead Maintenance,Workover,Tecolutla-2,-10000.0,2019-01-01,1.0,0.0,0.0
2022-v2,530,A,Tec-2 Site Prep,Workover,Tecolutla-2,-10000.0,2019-01-01,1.0,0.0,0.0
2022-v2,531,A,Tec-2 Workover Basic (no rods or tubing; or pump; short test),Workover,Tecolutla-2,-260000.0,2019-01-01,1.0,0.0,0.0
2022-v2,532,A,"Tec- 2 Extras (rods tubing, pump; extended test)",Workover,Tecolutla-2,0.0,2019-01-01,1.0,0.0,0.0
2022-v2,533,A,Tec-2 Equip and Pipeline,Workover,Tecolutla-2,0.0,2019-01-01,1.0,0.0,0.0
2022-v2,534,A,Tec-10 VT Permit,Drill,Tecolutla-10,-15000.0,2019-01-01,1.0,0.0,0.0
2022-v2,535,A,Tec-10 VT Site Construction,Workover,Tecolutla-10,-150000.0,2019-01-01,1.0,0.0,0.0
2022-v2,536,A,Tec-10 VT Drill,Drill,Tecolutla-10,-1800000.0,2019-01-01,1.0,0.0,0.0
2022-v2,537,A,Tec-10 VT Complete,Drill,Tecolutla-10,-450000.0,2019-01-01,1.0,0.0,0.0
2022-v2,538,A,Tec-10 Core Study,Drill,Tecolutla-10,-25500.0,2019-01-01,1.0,0.0,0.0
2022-v2,539,A,Tec-11 HZ Permit,Drill,Tecolutla-11,-25000.0,2019-01-01,1.0,0.0,0.0
2022-v2,540,A,Tec-2 Site Expansion (for Tec 11 Driil),Drill,Tecolutla-11,-200000.0,2019-01-01,1.0,0.0,0.0
2022-v2,541,A,Tec-11 HZ Drill,Drill,Tecolutla-11,-3100000.0,2019-01-01,1.0,0.0,0.0
2022-v2,542,A,Tec-11 HZ Complete,Drill,Tecolutla-11,-800000.0,2019-01-01,1.0,0.0,0.0
2022-v2,543,A,Tec-11 HZ Equip (jack),Drill,Tecolutla-11,0.0,2019-01-01,1.0,0.0,0.0
2022-v2,544,A,Tec-11 Single Well Battery,Facility,Battery,0.0,2019-01-01,1.0,0.0,0.0
2022-v2,545,A,Tec-11 Pipeline (pending success on Tec-12 *Tec-10 Re-Entry),Workover,Tecolutla-11,0.0,2019-01-01,1.0,0.0,0.0
2022-v2,546,A,Tec-12 Drill,Drill,Tecolutla-12,-1250000.0,2022-08-01,1.0,1.0,-1250000.0
2022-v2,547,A,"Tec-12 Complete, Equip",Drill,Tecolutla-12,-250000.0,2022-08-01,1.0,1.0,-250000.0
2022-v2,548,A,Tec-12 Tie-in,Facility,Tecolutla-12,-50000.0,2022-08-01,1.0,1.0,-50000.0
2022-v2,549,A,"Tec-12 Battery Upgrade 
(incl Tec-11 WO  <- added this comment 2022-04-11)",Facility,Battery,-250000.0,2022-09-01,1.0,1.0,-250000.0
2022-v2,550,A,"Tec-13 Drill, Complete, Equip",Drill,Tecolutla-13,-1550000.0,2023-01-01,1.0,1.0,-1550000.0
2022-v2,551,A,"Tec-14 HZ Drill, Complete, Equip",Drill,Tecolutla-14,0.0,2019-01-01,1.0,0.0,0.0
2022-v2,553,A,Tec-7 Workover Basic (no rods or tubing; or pump; short test),Workover,Tecolutla-7,-260000.0,2019-01-01,1.0,0.0,0.0
2022-v2,554,A,Water Disposal Line to Tec 7,Pipeline,Tecolutla-7,0.0,2019-01-01,1.0,0.0,0.0
2022-v2,555,A,Conversion of Tec 7 to Water Disposal (incl. logging),Conversion,Tecolutla-7,0.0,2019-01-01,1.0,0.0,0.0
2022-v2,556,A,Tec-12 Facility expansion #3 (winj skid? & add. Tanks),Pipeline,Battery,0.0,2019-01-01,1.0,0.0,0.0
2022-v2,558,A,2020 START UP CAPITAL,Facility,Battery,-65000.0,2019-01-01,1.0,0.0,0.0
2022-v3,510,A,Oil Facility Phase #1,Facilities,Field,-15900000.0,#N/A,6.0,0.0,0.0
2022-v3,511,A,Oil Facility Phase #2,Facilities,Field,-5100000.0,#N/A,6.0,0.0,0.0
2022-v3,512,A,Gas Facility Phase #1,Facilities,Field,-11800000.0,#N/A,6.0,0.0,0.0
2022-v3,513,A,Gas Facility Phase #2,Facilities,Field,-700000.0,#N/A,6.0,0.0,0.0
2022-v3,514,A,Gas Facility Phase #3,Facilities,Field,-2900000.0,#N/A,6.0,0.0,0.0
2022-v3,515,A,Gas Facility Phase #4,Facilities,Field,-700000.0,#N/A,6.0,0.0,0.0
2022-v3,516,A,Gas Facility Compression Phase #1,Facilities,Field,-5000000.0,#N/A,6.0,0.0,0.0
2022-v3,517,A,Gas Facility Compression Phase #2,Facilities,Field,-5000000.0,#N/A,6.0,0.0,0.0
2022-v3,518,A,Gas Facility Compression Phase #3,Facilities,Field,-5000000.0,#N/A,6.0,0.0,0.0
2022-v3,519,A,Gas Facility Compression Phase #4,Facilities,Field,-5000000.0,#N/A,6.0,0.0,0.0
2022-v3,520,A,Pipeline (Gas),Facilities,Field,-4100000.0,#N/A,6.0,0.0,0.0
2022-v3,521,A,Pipeline (Oil),Facilities,Field,-3800000.0,#N/A,6.0,0.0,0.0
2022-v3,524,A,Engineering and Facility Design,Engineering,Field,-30000.0,2019-01-01,1.0,0.0,0.0
2022-v3,525,A,Road Upgrades (Tec-2 WO & Tec-10 Drill),Drill,Field,-15000.0,2019-01-01,1.0,0.0,0.0
2022-v3,526,A,Road Upgrades (Tec-11 Drill +),Drill,Field,-77000.0,2019-01-01,1.0,0.0,0.0
2022-v3,527,A,Tec-2 Survey,Workover,Field,-5000.0,2019-01-01,1.0,0.0,0.0
2022-v3,528,A,Tec-10 VT Survey,Drill,Field,-25000.0,2019-01-01,1.0,0.0,0.0
2022-v3,529,A,Field Surveying,Engineering,Field,-20000.0,2019-01-01,1.0,0.0,0.0
2022-v3,530,A,Tec-2 Wellhead Maintenance,Workover,Tecolutla-2,-10000.0,2019-01-01,1.0,0.0,0.0
2022-v3,531,A,Tec-2 Site Prep,Workover,Tecolutla-2,-10000.0,2019-01-01,1.0,0.0,0.0
2022-v3,532,A,Tec-2 Workover Basic (no rods or tubing; or pump; short test),Workover,Tecolutla-2,-260000.0,2019-01-01,1.0,0.0,0.0
2022-v3,533,A,"Tec- 2 Extras (rods tubing, pump; extended test)",Workover,Tecolutla-2,0.0,2019-01-01,1.0,0.0,0.0
2022-v3,534,A,Tec-2 Equip and Pipeline,Workover,Tecolutla-2,0.0,2019-01-01,1.0,0.0,0.0
2022-v3,535,A,Tec-10 VT Permit,Drill,Tecolutla-10,-15000.0,2019-01-01,1.0,0.0,0.0
2022-v3,536,A,Tec-10 VT Site Construction,Workover,Tecolutla-10,-150000.0,2019-01-01,1.0,0.0,0.0
2022-v3,537,A,Tec-10 VT Drill,Drill,Tecolutla-10,-1800000.0,2019-01-01,1.0,0.0,0.0
2022-v3,538,A,Tec-10 VT Complete,Drill,Tecolutla-10,-450000.0,2019-01-01,1.0,0.0,0.0
2022-v3,539,A,Tec-10 Core Study,Drill,Tecolutla-10,-25500.0,2019-01-01,1.0,0.0,0.0
2022-v3,540,A,Tec-11 HZ Permit,Drill,Tecolutla-11,-25000.0,2019-01-01,1.0,0.0,0.0
2022-v3,541,A,Tec-2 Site Expansion (for Tec 11 Driil),Drill,Tecolutla-11,-200000.0,2019-01-01,1.0,0.0,0.0
2022-v3,542,A,Tec-11 HZ Drill,Drill,Tecolutla-11,-3100000.0,2019-01-01,1.0,0.0,0.0
2022-v3,543,A,Tec-11 HZ Complete,Drill,Tecolutla-11,-800000.0,2019-01-01,1.0,0.0,0.0
2022-v3,544,A,Tec-11 HZ Equip (jack),Drill,Tecolutla-11,0.0,2019-01-01,1.0,0.0,0.0
2022-v3,545,A,Tec-11 Single Well Battery,Facility,Battery,0.0,2019-01-01,1.0,0.0,0.0
2022-v3,546,A,Tec-11 Pipeline (pending success on Tec-12 *Tec-10 Re-Entry),Workover,Tecolutla-11,0.0,2019-01-01,1.0,0.0,0.0
2022-v3,547,A,Tec-12 Drill,Drill,Tecolutla-12,-1250000.0,2022-08-01,1.0,1.0,-1250000.0
2022-v3,548,A,"Tec-12 Complete, Equip",Drill,Tecolutla-12,-250000.0,2022-08-01,1.0,1.0,-250000.0
2022-v3,549,A,Tec-12 Tie-in,Facility,Tecolutla-12,-50000.0,2022-08-01,1.0,1.0,-50000.0
2022-v3,550,A,"Tec-12 Battery Upgrade 
(incl Tec-11 WO  <- added this comment 2022-04-11)",Facility,Battery,-250000.0,2022-09-01,1.0,1.0,-250000.0
2022-v3,551,A,"Tec-13 Drill, Complete, Equip",Drill,Tecolutla-13,-1550000.0,2023-01-01,1.0,1.0,-1550000.0
2022-v3,552,A,"Tec-14 HZ Drill, Complete, Equip",Drill,Tecolutla-14,0.0,2019-01-01,1.0,0.0,0.0
2022-v3,554,A,Tec-7 Workover Basic (no rods or tubing; or pump; short test),Workover,Tecolutla-7,-260000.0,2019-01-01,1.0,0.0,0.0
2022-v3,555,A,Water Disposal Line to Tec 7,Pipeline,Tecolutla-7,0.0,2019-01-01,1.0,0.0,0.0
2022-v3,556,A,Conversion of Tec 7 to Water Disposal (incl. logging),Conversion,Tecolutla-7,0.0,2019-01-01,1.0,0.0,0.0
2022-v3,557,A,Tec-12 Facility expansion #3 (winj skid? & add. Tanks),Pipeline,Battery,0.0,2019-01-01,1.0,0.0,0.0
2022-v3,559,A,2020 START UP CAPITAL,Facility,Battery,-65000.0,2019-01-01,1.0,0.0,0.0
2022-v4,510,A,Oil Facility Phase #1,Facilities,Field,-15900000.0,#N/A,6.0,0.0,0.0
2022-v4,511,A,Oil Facility Phase #2,Facilities,Field,-5100000.0,#N/A,6.0,0.0,0.0
2022-v4,512,A,Gas Facility Phase #1,Facilities,Field,-11800000.0,#N/A,6.0,0.0,0.0
2022-v4,513,A,Gas Facility Phase #2,Facilities,Field,-700000.0,#N/A,6.0,0.0,0.0
2022-v4,514,A,Gas Facility Phase #3,Facilities,Field,-2900000.0,#N/A,6.0,0.0,0.0
2022-v4,515,A,Gas Facility Phase #4,Facilities,Field,-700000.0,#N/A,6.0,0.0,0.0
2022-v4,516,A,Gas Facility Compression Phase #1,Facilities,Field,-5000000.0,#N/A,6.0,0.0,0.0
2022-v4,517,A,Gas Facility Compression Phase #2,Facilities,Field,-5000000.0,#N/A,6.0,0.0,0.0
2022-v4,518,A,Gas Facility Compression Phase #3,Facilities,Field,-5000000.0,#N/A,6.0,0.0,0.0
2022-v4,519,A,Gas Facility Compression Phase #4,Facilities,Field,-5000000.0,#N/A,6.0,0.0,0.0
2022-v4,520,A,Pipeline (Gas),Facilities,Field,-4100000.0,#N/A,6.0,0.0,0.0
2022-v4,521,A,Pipeline (Oil),Facilities,Field,-3800000.0,#N/A,6.0,0.0,0.0
2022-v4,524,A,Engineering and Facility Design,Engineering,Field,-30000.0,2019-01-01,1.0,0.0,0.0
2022-v4,525,A,Road Upgrades (Tec-2 WO & Tec-10 Drill),Drill,Field,-15000.0,2019-01-01,1.0,0.0,0.0
2022-v4,526,A,Road Upgrades (Tec-11 Drill +),Drill,Field,-77000.0,2019-01-01,1.0,0.0,0.0
2022-v4,527,A,Tec-2 Survey,Workover,Field,-5000.0,2019-01-01,1.0,0.0,0.0
2022-v4,528,A,Tec-10 VT Survey,Drill,Field,-25000.0,2019-01-01,1.0,0.0,0.0
2022-v4,529,A,Field Surveying,Engineering,Field,-20000.0,2019-01-01,1.0,0.0,0.0
2022-v4,530,A,Tec-2 Wellhead Maintenance,Workover,Tecolutla-2,-10000.0,2019-01-01,1.0,0.0,0.0
2022-v4,531,A,Tec-2 Site Prep,Workover,Tecolutla-2,-10000.0,2019-01-01,1.0,0.0,0.0
2022-v4,532,A,Tec-2 Workover Basic (no rods or tubing; or pump; short test),Workover,Tecolutla-2,-260000.0,2019-01-01,1.0,0.0,0.0
2022-v4,533,A,"Tec- 2 Extras (rods tubing, pump; extended test)",Workover,Tecolutla-2,0.0,2019-01-01,1.0,0.0,0.0
2022-v4,534,A,Tec-2 Equip and Pipeline,Workover,Tecolutla-2,0.0,2019-01-01,1.0,0.0,0.0
2022-v4,535,A,Tec-10 VT Permit,Drill,Tecolutla-10,-15000.0,2019-01-01,1.0,0.0,0.0
2022-v4,536,A,Tec-10 VT Site Construction,Workover,Tecolutla-10,-150000.0,2019-01-01,1.0,0.0,0.0
2022-v4,537,A,Tec-10 VT Drill,Drill,Tecolutla-10,-1800000.0,2019-01-01,1.0,0.0,0.0
2022-v4,538,A,Tec-10 VT Complete,Drill,Tecolutla-10,-450000.0,2019-01-01,1.0,0.0,0.0
2022-v4,539,A,Tec-10 Core Study,Drill,Tecolutla-10,-25500.0,2019-01-01,1.0,0.0,0.0
2022-v4,540,A,Tec-11 HZ Permit,Drill,Tecolutla-11,-25000.0,2019-01-01,1.0,0.0,0.0
2022-v4,541,A,Tec-2 Site Expansion (for Tec 11 Driil),Drill,Tecolutla-11,-200000.0,2019-01-01,1.0,0.0,0.0
2022-v4,542,A,Tec-11 HZ Drill,Drill,Tecolutla-11,-3100000.0,2019-01-01,1.0,0.0,0.0
2022-v4,543,A,Tec-11 HZ Complete,Drill,Tecolutla-11,-800000.0,2019-01-01,1.0,0.0,0.0
2022-v4,544,A,Tec-11 HZ Equip (jack),Drill,Tecolutla-11,0.0,2019-01-01,1.0,0.0,0.0
2022-v4,545,A,Tec-11 Single Well Battery,Facility,Battery,0.0,2019-01-01,1.0,0.0,0.0
2022-v4,546,A,Tec-11 Pipeline (pending success on Tec-12 *Tec-10 Re-Entry),Workover,Tecolutla-11,0.0,2019-01-01,1.0,0.0,0.0
2022-v4,547,A,Tec-12 Drill,Drill,Tecolutla-12,-1250000.0,2022-08-01,1.0,1.0,-1250000.0
2022-v4,548,A,"Tec-12 Complete, Equip",Drill,Tecolutla-12,-250000.0,2022-08-01,1.0,1.0,-250000.0
2022-v4,549,A,Tec-12 Tie-in,Facility,Tecolutla-12,-50000.0,2022-08-01,1.0,1.0,-50000.0
2022-v4,550,A,"Tec-12 Battery Upgrade 
(incl Tec-11 WO  <- added this comment 2022-04-11)",Facility,Battery,-250000.0,2022-09-01,1.0,1.0,-250000.0
2022-v4,551,A,"Tec-13 Drill, Complete, Equip",Drill,Tecolutla-13,-1550000.0,2023-01-01,1.0,1.0,-1550000.0
2022-v4,552,A,"Tec-14 HZ Drill, Complete, Equip",Drill,Tecolutla-14,0.0,2019-01-01,1.0,0.0,0.0
2022-v4,554,A,Tec-7 Workover Basic (no rods or tubing; or pump; short test),Workover,Tecolutla-7,-260000.0,2019-01-01,1.0,0.0,0.0
2022-v4,555,A,Water Disposal Line to Tec 7,Pipeline,Tecolutla-7,0.0,2019-01-01,1.0,0.0,0.0
2022-v4,556,A,Conversion of Tec 7 to Water Disposal (incl. logging),Conversion,Tecolutla-7,0.0,2019-01-01,1.0,0.0,0.0
2022-v4,557,A,Tec-12 Facility expansion #3 (winj skid? & add. Tanks),Pipeline,Battery,0.0,2019-01-01,1.0,0.0,0.0
2022-v4,559,A,2020 START UP CAPITAL,Facility,Battery,-65000.0,2019-01-01,1.0,0.0,0.0
2022-v5,510,A,Oil Facility Phase #1,Facilities,Field,-15900000.0,#N/A,6.0,0.0,0.0
2022-v5,511,A,Oil Facility Phase #2,Facilities,Field,-5100000.0,#N/A,6.0,0.0,0.0
2022-v5,512,A,Gas Facility Phase #1,Facilities,Field,-11800000.0,#N/A,6.0,0.0,0.0
2022-v5,513,A,Gas Facility Phase #2,Facilities,Field,-700000.0,#N/A,6.0,0.0,0.0
2022-v5,514,A,Gas Facility Phase #3,Facilities,Field,-2900000.0,#N/A,6.0,0.0,0.0
2022-v5,515,A,Gas Facility Phase #4,Facilities,Field,-700000.0,#N/A,6.0,0.0,0.0
2022-v5,516,A,Gas Facility Compression Phase #1,Facilities,Field,-5000000.0,#N/A,6.0,0.0,0.0
2022-v5,517,A,Gas Facility Compression Phase #2,Facilities,Field,-5000000.0,#N/A,6.0,0.0,0.0
2022-v5,518,A,Gas Facility Compression Phase #3,Facilities,Field,-5000000.0,#N/A,6.0,0.0,0.0
2022-v5,519,A,Gas Facility Compression Phase #4,Facilities,Field,-5000000.0,#N/A,6.0,0.0,0.0
2022-v5,520,A,Pipeline (Gas),Facilities,Field,-4100000.0,#N/A,6.0,0.0,0.0
2022-v5,521,A,Pipeline (Oil),Facilities,Field,-3800000.0,#N/A,6.0,0.0,0.0
2022-v5,524,A,Engineering and Facility Design,Engineering,Field,-30000.0,2019-01-01,1.0,0.0,0.0
2022-v5,525,A,Road Upgrades (Tec-2 WO & Tec-10 Drill),Drill,Field,-15000.0,2019-01-01,1.0,0.0,0.0
2022-v5,526,A,Road Upgrades (Tec-11 Drill +),Drill,Field,-77000.0,2019-01-01,1.0,0.0,0.0
2022-v5,527,A,Tec-2 Survey,Workover,Field,-5000.0,2019-01-01,1.0,0.0,0.0
2022-v5,528,A,Tec-10 VT Survey,Drill,Field,-25000.0,2019-01-01,1.0,0.0,0.0
2022-v5,529,A,Field Surveying,Engineering,Field,-20000.0,2019-01-01,1.0,0.0,0.0
2022-v5,530,A,Tec-2 Wellhead Maintenance,Workover,Tecolutla-2,-10000.0,2019-01-01,1.0,0.0,0.0
2022-v5,531,A,Tec-2 Site Prep,Workover,Tecolutla-2,-10000.0,2019-01-01,1.0,0.0,0.0
2022-v5,532,A,Tec-2 Workover Basic (no rods or tubing; or pump; short test),Workover,Tecolutla-2,-260000.0,2019-01-01,1.0,0.0,0.0
2022-v5,533,A,"Tec- 2 Extras (rods tubing, pump; extended test)",Workover,Tecolutla-2,0.0,2019-01-01,1.0,0.0,0.0
2022-v5,534,A,Tec-2 Equip and Pipeline,Workover,Tecolutla-2,0.0,2019-01-01,1.0,0.0,0.0
2022-v5,535,A,Tec-10 VT Permit,Drill,Tecolutla-10,-15000.0,2019-01-01,1.0,0.0,0.0
2022-v5,536,A,Tec-10 VT Site Construction,Workover,Tecolutla-10,-150000.0,2019-01-01,1.0,0.0,0.0
2022-v5,537,A,Tec-10 VT Drill,Drill,Tecolutla-10,-1800000.0,2019-01-01,1.0,0.0,0.0
2022-v5,538,A,Tec-10 VT Complete,Drill,Tecolutla-10,-450000.0,2019-01-01,1.0,0.0,0.0
2022-v5,539,A,Tec-10 Core Study,Drill,Tecolutla-10,-25500.0,2019-01-01,1.0,0.0,0.0
2022-v5,540,A,Tec-11 HZ Permit,Drill,Tecolutla-11,-25000.0,2019-01-01,1.0,0.0,0.0
2022-v5,541,A,Tec-2 Site Expansion (for Tec 11 Driil),Drill,Tecolutla-11,-200000.0,2019-01-01,1.0,0.0,0.0
2022-v5,542,A,Tec-11 HZ Drill,Drill,Tecolutla-11,-3100000.0,2019-01-01,1.0,0.0,0.0
2022-v5,543,A,Tec-11 HZ Complete,Drill,Tecolutla-11,-800000.0,2019-01-01,1.0,0.0,0.0
2022-v5,544,A,Tec-11 HZ Equip (jack),Drill,Tecolutla-11,0.0,2019-01-01,1.0,0.0,0.0
2022-v5,545,A,Tec-11 Single Well Battery,Facility,Battery,0.0,2019-01-01,1.0,0.0,0.0
2022-v5,546,A,Tec-11 Pipeline (pending success on Tec-12 *Tec-10 Re-Entry),Workover,Tecolutla-11,0.0,2019-01-01,1.0,0.0,0.0
2022-v5,547,A,Tec-12 Drill,Drill,Tecolutla-12,-1250000.0,2022-08-01,1.0,0.0,0.0
2022-v5,548,A,"Tec-12 Complete, Equip",Drill,Tecolutla-12,-250000.0,2022-08-01,1.0,0.0,0.0
2022-v5,549,A,Tec-12 Tie-in,Facility,Tecolutla-12,-50000.0,2022-08-01,1.0,0.0,0.0
2022-v5,550,A,"Tec-12 Battery Upgrade 
(incl Tec-11 WO  <- added this comment 2022-04-11)",Facility,Battery,-250000.0,2022-09-01,1.0,0.0,0.0
2022-v5,551,A,"Tec-13 Drill, Complete, Equip",Drill,Tecolutla-13,-1550000.0,2023-01-01,1.0,0.0,0.0
2022-v5,552,A,Tecolutla Horizontal,Drill,Tecolutla Horizontal,-3000000.0,2022-08-01,1.0,1.0,-3000000.0
2022-v5,554,A,Tec-7 Workover Basic (no rods or tubing; or pump; short test),Workover,Tecolutla-7,-260000.0,2019-01-01,1.0,0.0,0.0
2022-v5,555,A,Water Disposal Line to Tec 7,Pipeline,Tecolutla-7,0.0,2019-01-01,1.0,0.0,0.0
2022-v5,556,A,Conversion of Tec 7 to Water Disposal (incl. logging),Conversion,Tecolutla-7,0.0,2019-01-01,1.0,0.0,0.0
2022-v5,557,A,Tec-12 Facility expansion #3 (winj skid? & add. Tanks),Pipeline,Battery,0.0,2019-01-01,1.0,0.0,0.0
2022-v5,559,A,2020 START UP CAPITAL,Facility,Battery,-65000.0,2019-01-01,1.0,0.0,0.0
2022-v6,513,A,Oil Facility Phase #1,Facilities,Field,-15900000.0,#N/A,6.0,0.0,0.0
2022-v6,514,A,Oil Facility Phase #2,Facilities,Field,-5100000.0,#N/A,6.0,0.0,0.0
2022-v6,515,A,Gas Facility Phase #1,Facilities,Field,-11800000.0,#N/A,6.0,0.0,0.0
2022-v6,516,A,Gas Facility Phase #2,Facilities,Field,-700000.0,#N/A,6.0,0.0,0.0
2022-v6,517,A,Gas Facility Phase #3,Facilities,Field,-2900000.0,#N/A,6.0,0.0,0.0
2022-v6,518,A,Gas Facility Phase #4,Facilities,Field,-700000.0,#N/A,6.0,0.0,0.0
2022-v6,519,A,Gas Facility Compression Phase #1,Facilities,Field,-5000000.0,#N/A,6.0,0.0,0.0
2022-v6,520,A,Gas Facility Compression Phase #2,Facilities,Field,-5000000.0,#N/A,6.0,0.0,0.0
2022-v6,521,A,Gas Facility Compression Phase #3,Facilities,Field,-5000000.0,#N/A,6.0,0.0,0.0
2022-v6,522,A,Gas Facility Compression Phase #4,Facilities,Field,-5000000.0,#N/A,6.0,0.0,0.0
2022-v6,523,A,Pipeline (Gas),Facilities,Field,-4100000.0,#N/A,6.0,0.0,0.0
2022-v6,524,A,Pipeline (Oil),Facilities,Field,-3800000.0,#N/A,6.0,0.0,0.0
2022-v6,527,A,Engineering and Facility Design,Engineering,Field,-30000.0,2019-01-01,1.0,0.0,0.0
2022-v6,528,A,Road Upgrades (Tec-2 WO & Tec-10 Drill),Drill,Field,-15000.0,2019-01-01,1.0,0.0,0.0
2022-v6,529,A,Road Upgrades (Tec-11 Drill +),Drill,Field,-77000.0,2019-01-01,1.0,0.0,0.0
2022-v6,530,A,Tec-2 Survey,Workover,Field,-5000.0,2019-01-01,1.0,0.0,0.0
2022-v6,531,A,Tec-10 VT Survey,Drill,Field,-25000.0,2019-01-01,1.0,0.0,0.0
2022-v6,532,A,Field Surveying,Engineering,Field,-20000.0,2019-01-01,1.0,0.0,0.0
2022-v6,533,A,Tec-2 Wellhead Maintenance,Workover,Tecolutla-2,-10000.0,2019-01-01,1.0,0.0,0.0
2022-v6,534,A,Tec-2 Site Prep,Workover,Tecolutla-2,-10000.0,2019-01-01,1.0,0.0,0.0
2022-v6,535,A,Tec-2 Workover Basic (no rods or tubing; or pump; short test),Workover,Tecolutla-2,-260000.0,2019-01-01,1.0,0.0,0.0
2022-v6,536,A,"Tec- 2 Extras (rods tubing, pump; extended test)",Workover,Tecolutla-2,0.0,2019-01-01,1.0,0.0,0.0
2022-v6,537,A,Tec-2 Equip and Pipeline,Workover,Tecolutla-2,0.0,2019-01-01,1.0,0.0,0.0
2022-v6,538,A,Tec-10 VT Permit,Drill,Tecolutla-10,-15000.0,2019-01-01,1.0,0.0,0.0
2022-v6,539,A,Tec-10 VT Site Construction,Workover,Tecolutla-10,-150000.0,2019-01-01,1.0,0.0,0.0
2022-v6,540,A,Tec-10 VT Drill,Drill,Tecolutla-10,-1800000.0,2019-01-01,1.0,0.0,0.0
2022-v6,541,A,Tec-10 VT Complete,Drill,Tecolutla-10,-450000.0,2019-01-01,1.0,0.0,0.0
2022-v6,542,A,Tec-10 Core Study,Drill,Tecolutla-10,-25500.0,2019-01-01,1.0,0.0,0.0
2022-v6,543,A,Tec-11 HZ Permit,Drill,Tecolutla-11,-25000.0,2019-01-01,1.0,0.0,0.0
2022-v6,544,A,Tec-2 Site Expansion (for Tec 11 Driil),Drill,Tecolutla-11,-200000.0,2019-01-01,1.0,0.0,0.0
2022-v6,545,A,Tec-11 HZ Drill,Drill,Tecolutla-11,-3100000.0,2019-01-01,1.0,0.0,0.0
2022-v6,546,A,Tec-11 HZ Complete,Drill,Tecolutla-11,-800000.0,2019-01-01,1.0,0.0,0.0
2022-v6,550,A,"Tec-12 Drill, Complete, Equip",Drill,Tecolutla-12,-1550000.0,2022-11-01,1.0,1.0,0.0
2022-v6,551,A,Battery Upgrade,Facility,Battery,-100000.0,2022-12-01,1.0,1.0,0.0
2022-v6,552,A,"Tec-13 Drill, Complete, Equip",Drill,Tecolutla-13,-1550000.0,2023-04-01,1.0,1.0,0.0
2022-v6,553,A,"Tec-14 Drill, Complete, Equip",Drill,Tecolutla-14,-1550000.0,2024-06-01,1.0,1.0,-1578654.6602059847
2022-v6,554,A,"Tec-15 Drill, Complete, Equip",Drill,Tecolutla-15,-1550000.0,2025-06-01,1.0,1.0,-1610518.7873658433
2022-v6,555,A,Measurement Skid,Drill,Battery,-250000.0,2023-06-01,1.0,1.0,0.0
2022-v6,556,A,Tec-2 Reactivation,Reactivation,Tecolutla-2,-150000.0,2025-05-01,1.0,1.0,-155597.32796191925
2022-v6,557,A,Power Generation (Gas Conservation),Facility,Battery,-500000.0,2025-08-01,1.0,1.0,-521255.37322162185
2022-v6,558,A,Tec-11 Conversion,Conversion,Tecolutla-11,-150000.0,2025-05-01,1.0,1.0,-155597.32796191925
2022-v6,560,A,"Tec-HZ Drill, Complete, Equip",Drill,Tecolutla-14,0.0,2019-01-01,1.0,0.0,0.0
2022-v7,513,A,Oil Facility Phase #1,Facilities,Field,-15900000.0,#N/A,6.0,0.0,0.0
2022-v7,514,A,Oil Facility Phase #2,Facilities,Field,-5100000.0,#N/A,6.0,0.0,0.0
2022-v7,515,A,Gas Facility Phase #1,Facilities,Field,-11800000.0,#N/A,6.0,0.0,0.0
2022-v7,516,A,Gas Facility Phase #2,Facilities,Field,-700000.0,#N/A,6.0,0.0,0.0
2022-v7,517,A,Gas Facility Phase #3,Facilities,Field,-2900000.0,#N/A,6.0,0.0,0.0
2022-v7,518,A,Gas Facility Phase #4,Facilities,Field,-700000.0,#N/A,6.0,0.0,0.0
2022-v7,519,A,Gas Facility Compression Phase #1,Facilities,Field,-5000000.0,#N/A,6.0,0.0,0.0
2022-v7,520,A,Gas Facility Compression Phase #2,Facilities,Field,-5000000.0,#N/A,6.0,0.0,0.0
2022-v7,521,A,Gas Facility Compression Phase #3,Facilities,Field,-5000000.0,#N/A,6.0,0.0,0.0
2022-v7,522,A,Gas Facility Compression Phase #4,Facilities,Field,-5000000.0,#N/A,6.0,0.0,0.0
2022-v7,523,A,Pipeline (Gas),Facilities,Field,-4100000.0,#N/A,6.0,0.0,0.0
2022-v7,524,A,Pipeline (Oil),Facilities,Field,-3800000.0,#N/A,6.0,0.0,0.0
2022-v7,527,A,Engineering and Facility Design,Engineering,Field,-30000.0,2019-01-01,1.0,0.0,0.0
2022-v7,528,A,Road Upgrades (Tec-2 WO & Tec-10 Drill),Drill,Field,-15000.0,2019-01-01,1.0,0.0,0.0
2022-v7,529,A,Road Upgrades (Tec-11 Drill +),Drill,Field,-77000.0,2019-01-01,1.0,0.0,0.0
2022-v7,530,A,Tec-2 Survey,Workover,Field,-5000.0,2019-01-01,1.0,0.0,0.0
2022-v7,531,A,Tec-10 VT Survey,Drill,Field,-25000.0,2019-01-01,1.0,0.0,0.0
2022-v7,532,A,Field Surveying,Engineering,Field,-20000.0,2019-01-01,1.0,0.0,0.0
2022-v7,533,A,Tec-2 Wellhead Maintenance,Workover,Tecolutla-2,-10000.0,2019-01-01,1.0,0.0,0.0
2022-v7,534,A,Tec-2 Site Prep,Workover,Tecolutla-2,-10000.0,2019-01-01,1.0,0.0,0.0
2022-v7,535,A,Tec-2 Workover Basic (no rods or tubing; or pump; short test),Workover,Tecolutla-2,-260000.0,2019-01-01,1.0,0.0,0.0
2022-v7,536,A,"Tec- 2 Extras (rods tubing, pump; extended test)",Workover,Tecolutla-2,0.0,2019-01-01,1.0,0.0,0.0
2022-v7,537,A,Tec-2 Equip and Pipeline,Workover,Tecolutla-2,0.0,2019-01-01,1.0,0.0,0.0
2022-v7,538,A,Tec-10 VT Permit,Drill,Tecolutla-10,-15000.0,2019-01-01,1.0,0.0,0.0
2022-v7,539,A,Tec-10 VT Site Construction,Workover,Tecolutla-10,-150000.0,2019-01-01,1.0,0.0,0.0
2022-v7,540,A,Tec-10 VT Drill,Drill,Tecolutla-10,-1800000.0,2019-01-01,1.0,0.0,0.0
2022-v7,541,A,Tec-10 VT Complete,Drill,Tecolutla-10,-450000.0,2019-01-01,1.0,0.0,0.0
2022-v7,542,A,Tec-10 Core Study,Drill,Tecolutla-10,-25500.0,2019-01-01,1.0,0.0,0.0
2022-v7,543,A,Tec-11 HZ Permit,Drill,Tecolutla-11,-25000.0,2019-01-01,1.0,0.0,0.0
2022-v7,544,A,Tec-2 Site Expansion (for Tec 11 Driil),Drill,Tecolutla-11,-200000.0,2019-01-01,1.0,0.0,0.0
2022-v7,545,A,Tec-11 HZ Drill,Drill,Tecolutla-11,-3100000.0,2019-01-01,1.0,0.0,0.0
2022-v7,546,A,Tec-11 HZ Complete,Drill,Tecolutla-11,-800000.0,2019-01-01,1.0,0.0,0.0
2022-v7,550,A,"Tec-12 Drill, Complete, Equip",Drill,Tecolutla-12,-1550000.0,2022-11-01,1.0,1.0,0.0
2022-v7,551,A,Battery Upgrade,Facility,Battery,-100000.0,2022-12-01,1.0,1.0,0.0
2022-v7,552,A,"Tec-13 Drill, Complete, Equip",Drill,Tecolutla-13,-1550000.0,2023-04-01,1.0,1.0,0.0
2022-v7,553,A,"Tec-14 Drill, Complete, Equip",Drill,Tecolutla-14,-1550000.0,2024-06-01,1.0,1.0,-1578654.6602059847
2022-v7,554,A,"Tec-15 Drill, Complete, Equip",Drill,Tecolutla-15,-1550000.0,2025-06-01,1.0,1.0,-1610518.7873658433
2022-v7,555,A,Measurement Skid,Drill,Battery,-250000.0,2023-06-01,1.0,1.0,0.0
2022-v7,556,A,Tec-2 Reactivation,Reactivation,Tecolutla-2,-150000.0,2025-05-01,1.0,1.0,-155597.32796191925
2022-v7,557,A,Power Generation (Gas Conservation),Facility,Battery,-500000.0,2025-08-01,1.0,1.0,-521255.37322162185
2022-v7,558,A,Tec-11 Conversion,Conversion,Tecolutla-11,-150000.0,2025-05-01,1.0,1.0,-155597.32796191925
2022-v7,560,A,"Tec-HZ Drill, Complete, Equip",Drill,Tecolutla-14,0.0,2019-01-01,1.0,0.0,0.0
2022-v8,513,A,Oil Facility Phase #1,Facilities,Field,-15900000.0,#N/A,6.0,0.0,0.0
2022-v8,514,A,Oil Facility Phase #2,Facilities,Field,-5100000.0,#N/A,6.0,0.0,0.0
2022-v8,515,A,Gas Facility Phase #1,Facilities,Field,-11800000.0,#N/A,6.0,0.0,0.0
2022-v8,516,A,Gas Facility Phase #2,Facilities,Field,-700000.0,#N/A,6.0,0.0,0.0
2022-v8,517,A,Gas Facility Phase #3,Facilities,Field,-2900000.0,#N/A,6.0,0.0,0.0
2022-v8,518,A,Gas Facility Phase #4,Facilities,Field,-700000.0,#N/A,6.0,0.0,0.0
2022-v8,519,A,Gas Facility Compression Phase #1,Facilities,Field,-5000000.0,#N/A,6.0,0.0,0.0
2022-v8,520,A,Gas Facility Compression Phase #2,Facilities,Field,-5000000.0,#N/A,6.0,0.0,0.0
2022-v8,521,A,Gas Facility Compression Phase #3,Facilities,Field,-5000000.0,#N/A,6.0,0.0,0.0
2022-v8,522,A,Gas Facility Compression Phase #4,Facilities,Field,-5000000.0,#N/A,6.0,0.0,0.0
2022-v8,523,A,Pipeline (Gas),Facilities,Field,-4100000.0,#N/A,6.0,0.0,0.0
2022-v8,524,A,Pipeline (Oil),Facilities,Field,-3800000.0,#N/A,6.0,0.0,0.0
2022-v8,527,A,Engineering and Facility Design,Engineering,Field,-30000.0,2019-01-01,1.0,0.0,0.0
2022-v8,528,A,Road Upgrades (Tec-2 WO & Tec-10 Drill),Drill,Field,-15000.0,2019-01-01,1.0,0.0,0.0
2022-v8,529,A,Road Upgrades (Tec-11 Drill +),Drill,Field,-77000.0,2019-01-01,1.0,0.0,0.0
2022-v8,530,A,Tec-2 Survey,Workover,Field,-5000.0,2019-01-01,1.0,0.0,0.0
2022-v8,531,A,Tec-10 VT Survey,Drill,Field,-25000.0,2019-01-01,1.0,0.0,0.0
2022-v8,532,A,Field Surveying,Engineering,Field,-20000.0,2019-01-01,1.0,0.0,0.0
2022-v8,533,A,Tec-2 Wellhead Maintenance,Workover,Tecolutla-2,-10000.0,2019-01-01,1.0,0.0,0.0
2022-v8,534,A,Tec-2 Site Prep,Workover,Tecolutla-2,-10000.0,2019-01-01,1.0,0.0,0.0
2022-v8,535,A,Tec-2 Workover Basic (no rods or tubing; or pump; short test),Workover,Tecolutla-2,-260000.0,2019-01-01,1.0,0.0,0.0
2022-v8,536,A,"Tec- 2 Extras (rods tubing, pump; extended test)",Workover,Tecolutla-2,0.0,2019-01-01,1.0,0.0,0.0
2022-v8,537,A,Tec-2 Equip and Pipeline,Workover,Tecolutla-2,0.0,2019-01-01,1.0,0.0,0.0
2022-v8,538,A,Tec-10 VT Permit,Drill,Tecolutla-10,-15000.0,2019-01-01,1.0,0.0,0.0
2022-v8,539,A,Tec-10 VT Site Construction,Workover,Tecolutla-10,-150000.0,2019-01-01,1.0,0.0,0.0
2022-v8,540,A,Tec-10 VT Drill,Drill,Tecolutla-10,-1800000.0,2019-01-01,1.0,0.0,0.0
2022-v8,541,A,Tec-10 VT Complete,Drill,Tecolutla-10,-450000.0,2019-01-01,1.0,0.0,0.0
2022-v8,542,A,Tec-10 Core Study,Drill,Tecolutla-10,-25500.0,2019-01-01,1.0,0.0,0.0
2022-v8,543,A,Tec-11 HZ Permit,Drill,Tecolutla-11,-25000.0,2019-01-01,1.0,0.0,0.0
2022-v8,544,A,Tec-2 Site Expansion (for Tec 11 Driil),Drill,Tecolutla-11,-200000.0,2019-01-01,1.0,0.0,0.0
2022-v8,545,A,Tec-11 HZ Drill,Drill,Tecolutla-11,-3100000.0,2019-01-01,1.0,0.0,0.0
2022-v8,546,A,Tec-11 HZ Complete,Drill,Tecolutla-11,-800000.0,2019-01-01,1.0,0.0,0.0
2022-v8,550,A,"Tec-12 Drill, Complete, Equip",Drill,Tecolutla-12,-1550000.0,2022-11-01,1.0,1.0,0.0
2022-v8,551,A,Battery Upgrade,Facility,Battery,-100000.0,2022-12-01,1.0,1.0,0.0
2022-v8,552,A,"Tec-13 Drill, Complete, Equip",Drill,Tecolutla-13,-1550000.0,2023-04-01,1.0,1.0,0.0
2022-v8,553,A,"Tec-14 Drill, Complete, Equip",Drill,Tecolutla-14,-1550000.0,2024-06-01,1.0,0.0,0.0
2022-v8,554,A,"Tec-15 Drill, Complete, Equip",Drill,Tecolutla-15,-1550000.0,2025-06-01,1.0,0.0,0.0
2022-v8,555,A,Measurement Skid,Drill,Battery,-250000.0,2023-06-01,1.0,1.0,0.0
2022-v8,556,A,Tec-2 Reactivation,Reactivation,Tecolutla-2,-150000.0,2025-05-01,1.0,1.0,-155597.32796191925
2022-v8,557,A,Power Generation (Gas Conservation),Facility,Battery,-500000.0,2025-08-01,1.0,1.0,-521255.37322162185
2022-v8,558,A,Tec-11 Conversion,Conversion,Tecolutla-11,-150000.0,2025-05-01,1.0,1.0,-155597.32796191925
2022-v8,560,A,"Tec-HZ Drill, Complete, Equip",Drill,Tecolutla-14,-3000000.0,2024-06-01,1.0,1.0,-3055460.6326567447
2022-v9,513,A,Oil Facility Phase #1,Facilities,Field,-15900000.0,#N/A,6.0,0.0,0.0
2022-v9,514,A,Oil Facility Phase #2,Facilities,Field,-5100000.0,#N/A,6.0,0.0,0.0
2022-v9,515,A,Gas Facility Phase #1,Facilities,Field,-11800000.0,#N/A,6.0,0.0,0.0
2022-v9,516,A,Gas Facility Phase #2,Facilities,Field,-700000.0,#N/A,6.0,0.0,0.0
2022-v9,517,A,Gas Facility Phase #3,Facilities,Field,-2900000.0,#N/A,6.0,0.0,0.0
2022-v9,518,A,Gas Facility Phase #4,Facilities,Field,-700000.0,#N/A,6.0,0.0,0.0
2022-v9,519,A,Gas Facility Compression Phase #1,Facilities,Field,-5000000.0,#N/A,6.0,0.0,0.0
2022-v9,520,A,Gas Facility Compression Phase #2,Facilities,Field,-5000000.0,#N/A,6.0,0.0,0.0
2022-v9,521,A,Gas Facility Compression Phase #3,Facilities,Field,-5000000.0,#N/A,6.0,0.0,0.0
2022-v9,522,A,Gas Facility Compression Phase #4,Facilities,Field,-5000000.0,#N/A,6.0,0.0,0.0
2022-v9,523,A,Pipeline (Gas),Facilities,Field,-4100000.0,#N/A,6.0,0.0,0.0
2022-v9,524,A,Pipeline (Oil),Facilities,Field,-3800000.0,#N/A,6.0,0.0,0.0
2022-v9,527,A,Engineering and Facility Design,Engineering,Field,-30000.0,2019-01-01,1.0,0.0,0.0
2022-v9,528,A,Road Upgrades (Tec-2 WO & Tec-10 Drill),Drill,Field,-15000.0,2019-01-01,1.0,0.0,0.0
2022-v9,529,A,Road Upgrades (Tec-11 Drill +),Drill,Field,-77000.0,2019-01-01,1.0,0.0,0.0
2022-v9,530,A,Tec-2 Survey,Workover,Field,-5000.0,2019-01-01,1.0,0.0,0.0
2022-v9,531,A,Tec-10 VT Survey,Drill,Field,-25000.0,2019-01-01,1.0,0.0,0.0
2022-v9,532,A,Field Surveying,Engineering,Field,-20000.0,2019-01-01,1.0,0.0,0.0
2022-v9,533,A,Tec-2 Wellhead Maintenance,Workover,Tecolutla-2,-10000.0,2019-01-01,1.0,0.0,0.0
2022-v9,534,A,Tec-2 Site Prep,Workover,Tecolutla-2,-10000.0,2019-01-01,1.0,0.0,0.0
2022-v9,535,A,Tec-2 Workover Basic (no rods or tubing; or pump; short test),Workover,Tecolutla-2,-260000.0,2019-01-01,1.0,0.0,0.0
2022-v9,536,A,"Tec- 2 Extras (rods tubing, pump; extended test)",Workover,Tecolutla-2,0.0,2019-01-01,1.0,0.0,0.0
2022-v9,537,A,Tec-2 Equip and Pipeline,Workover,Tecolutla-2,0.0,2019-01-01,1.0,0.0,0.0
2022-v9,538,A,Tec-10 VT Permit,Drill,Tecolutla-10,-15000.0,2019-01-01,1.0,0.0,0.0
2022-v9,539,A,Tec-10 VT Site Construction,Workover,Tecolutla-10,-150000.0,2019-01-01,1.0,0.0,0.0
2022-v9,540,A,Tec-10 VT Drill,Drill,Tecolutla-10,-1800000.0,2019-01-01,1.0,0.0,0.0
2022-v9,541,A,Tec-10 VT Complete,Drill,Tecolutla-10,-450000.0,2019-01-01,1.0,0.0,0.0
2022-v9,542,A,Tec-10 Core Study,Drill,Tecolutla-10,-25500.0,2019-01-01,1.0,0.0,0.0
2022-v9,543,A,Tec-11 HZ Permit,Drill,Tecolutla-11,-25000.0,2019-01-01,1.0,0.0,0.0
2022-v9,544,A,Tec-2 Site Expansion (for Tec 11 Driil),Drill,Tecolutla-11,-200000.0,2019-01-01,1.0,0.0,0.0
2022-v9,545,A,Tec-11 HZ Drill,Drill,Tecolutla-11,-3100000.0,2019-01-01,1.0,0.0,0.0
2022-v9,546,A,Tec-11 HZ Complete,Drill,Tecolutla-11,-800000.0,2019-01-01,1.0,0.0,0.0
2022-v9,550,A,"Tec-12 Drill, Complete, Equip",Drill,Tecolutla-12,-1550000.0,2022-11-01,1.0,1.0,0.0
2022-v9,551,A,Battery Upgrade,Facility,Battery,-100000.0,2022-12-01,1.0,1.0,0.0
2022-v9,552,A,"Tec-13 Drill, Complete, Equip",Drill,Tecolutla-13,-1550000.0,2023-04-01,1.0,1.0,0.0
2022-v9,553,A,"Tec-14 Drill, Complete, Equip",Drill,Tecolutla-14,-1550000.0,2024-06-01,1.0,0.0,0.0
2022-v9,554,A,"Tec-15 Drill, Complete, Equip",Drill,Tecolutla-15,-1550000.0,2025-06-01,1.0,0.0,0.0
2022-v9,555,A,Measurement Skid,Drill,Battery,-250000.0,2023-06-01,1.0,1.0,0.0
2022-v9,556,A,Tec-2 Reactivation,Reactivation,Tecolutla-2,-150000.0,2025-05-01,1.0,1.0,-155597.32796191925
2022-v9,557,A,Power Generation (Gas Conservation),Facility,Battery,-500000.0,2025-08-01,1.0,1.0,-521255.37322162185
2022-v9,558,A,Tec-11 Conversion,Conversion,Tecolutla-11,-150000.0,2025-05-01,1.0,1.0,-155597.32796191925
2022-v9,560,A,"Tec-HZ Drill, Complete, Equip",Drill,Tecolutla-14,-3000000.0,2024-06-01,1.0,1.0,-3055460.6326567447
2023-10,509,A,Oil Facility Phase #1,Facilities,Field,-15900000.0,#N/A,6.0,0.0,0.0
2023-10,510,A,Oil Facility Phase #2,Facilities,Field,-5100000.0,#N/A,6.0,0.0,0.0
2023-10,511,A,Gas Facility Phase #1,Facilities,Field,-11800000.0,#N/A,6.0,0.0,0.0
2023-10,512,A,Gas Facility Phase #2,Facilities,Field,-700000.0,#N/A,6.0,0.0,0.0
2023-10,513,A,Gas Facility Phase #3,Facilities,Field,-2900000.0,#N/A,6.0,0.0,0.0
2023-10,514,A,Gas Facility Phase #4,Facilities,Field,-700000.0,#N/A,6.0,0.0,0.0
2023-10,515,A,Gas Facility Compression Phase #1,Facilities,Field,-5000000.0,#N/A,6.0,0.0,0.0
2023-10,516,A,Gas Facility Compression Phase #2,Facilities,Field,-5000000.0,#N/A,6.0,0.0,0.0
2023-10,517,A,Gas Facility Compression Phase #3,Facilities,Field,-5000000.0,#N/A,6.0,0.0,0.0
2023-10,518,A,Gas Facility Compression Phase #4,Facilities,Field,-5000000.0,#N/A,6.0,0.0,0.0
2023-10,519,A,Pipeline (Gas),Facilities,Field,-4100000.0,#N/A,6.0,0.0,0.0
2023-10,520,A,Pipeline (Oil),Facilities,Field,-3800000.0,#N/A,6.0,0.0,0.0
2023-10,523,A,Engineering and Facility Design,Engineering,Field,-30000.0,2019-01-01,1.0,0.0,0.0
2023-10,524,A,Road Upgrades (Tec-2 WO & Tec-10 Drill),Drill,Field,-15000.0,2019-01-01,1.0,0.0,0.0
2023-10,525,A,Road Upgrades (Tec-11 Drill +),Drill,Field,-77000.0,2019-01-01,1.0,0.0,0.0
2023-10,526,A,Tec-2 Survey,Workover,Field,-5000.0,2019-01-01,1.0,0.0,0.0
2023-10,527,A,Tec-10 VT Survey,Drill,Field,-25000.0,2019-01-01,1.0,0.0,0.0
2023-10,528,A,Field Surveying,Engineering,Field,-20000.0,2019-01-01,1.0,0.0,0.0
2023-10,529,A,Tec-2 Wellhead Maintenance,Workover,Tecolutla-2,-10000.0,2019-01-01,1.0,0.0,0.0
2023-10,530,A,Tec-2 Site Prep,Workover,Tecolutla-2,-10000.0,2019-01-01,1.0,0.0,0.0
2023-10,531,A,Tec-2 Workover Basic (no rods or tubing; or pump; short test),Workover,Tecolutla-2,-260000.0,2019-01-01,1.0,0.0,0.0
2023-10,532,A,"Tec- 2 Extras (rods tubing, pump; extended test)",Workover,Tecolutla-2,0.0,2019-01-01,1.0,0.0,0.0
2023-10,533,A,Tec-2 Equip and Pipeline,Workover,Tecolutla-2,0.0,2019-01-01,1.0,0.0,0.0
2023-10,534,A,Tec-10 VT Permit,Drill,Tecolutla-10,-15000.0,2019-01-01,1.0,0.0,0.0
2023-10,535,A,Tec-10 VT Site Construction,Workover,Tecolutla-10,-150000.0,2019-01-01,1.0,0.0,0.0
2023-10,536,A,Tec-10 VT Drill,Drill,Tecolutla-10,-1800000.0,2019-01-01,1.0,0.0,0.0
2023-10,537,A,Tec-10 VT Complete,Drill,Tecolutla-10,-450000.0,2019-01-01,1.0,0.0,0.0
2023-10,538,A,Tec-10 Core Study,Drill,Tecolutla-10,-25500.0,2019-01-01,1.0,0.0,0.0
2023-10,539,A,Tec-11 HZ Permit,Drill,Tecolutla-11,-25000.0,2019-01-01,1.0,0.0,0.0
2023-10,540,A,Tec-2 Site Expansion (for Tec 11 Driil),Drill,Tecolutla-11,-200000.0,2019-01-01,1.0,0.0,0.0
2023-10,541,A,Tec-11 HZ Drill,Drill,Tecolutla-11,-3100000.0,2019-01-01,1.0,0.0,0.0
2023-10,542,A,Tec-11 HZ Complete,Drill,Tecolutla-11,-800000.0,2019-01-01,1.0,0.0,0.0
2023-10,543,A,Tec-11 HZ Equip (jack),Drill,Tecolutla-11,0.0,2019-01-01,1.0,0.0,0.0
2023-10,544,A,Tec-11 Single Well Battery,Facility,Battery,0.0,2019-01-01,1.0,0.0,0.0
2023-10,545,A,Tec-11 Pipeline (pending success on Tec-12 *Tec-10 Re-Entry),Workover,Tecolutla-11,0.0,2019-01-01,1.0,0.0,0.0
2023-10,546,A,Tec-12 HZ Drill *Tec-10 Re-Entry,Drill,Tecolutla-12,-1500000.0,2024-01-01,1.0,1.0,-1500000.0
2023-10,547,A,"Tec-12 HZ Complete, Equip *Tec-10 Re-Entry",Drill,Tecolutla-12,-250000.0,2024-01-01,1.0,1.0,-250000.0
2023-10,548,A,Tec-12 HZ Equip (jack),Facility,Tecolutla-12,-50000.0,2024-01-01,1.0,1.0,-50000.0
2023-10,549,A,"Tec-12  New Facility, Meter, Move SWB from Tec-11",Facility,Battery,0.0,2019-01-01,1.0,0.0,0.0
2023-10,550,A,"Tec-13 HZ Drill, Complete, Equip",Drill,Tecolutla-13,0.0,2019-01-01,1.0,0.0,0.0
2023-10,551,A,"Tec-14 HZ Drill, Complete, Equip",Drill,Tecolutla-14,0.0,2019-01-01,1.0,0.0,0.0
2023-10,553,A,Tec-7 Workover Basic (no rods or tubing; or pump; short test),Workover,Tecolutla-7,-260000.0,2019-01-01,1.0,0.0,0.0
2023-10,554,A,Water Disposal Line to Tec 7,Pipeline,Tecolutla-7,0.0,2019-01-01,1.0,0.0,0.0
2023-10,555,A,Conversion of Tec 7 to Water Disposal (incl. logging),Conversion,Tecolutla-7,0.0,2019-01-01,1.0,0.0,0.0
2023-10,556,A,Tec-12 Facility expansion #3 (winj skid? & add. Tanks),Pipeline,Battery,0.0,2024-01-01,1.0,1.0,0.0
2023-10,558,A,2020 START UP CAPITAL,Facility,Battery,-65000.0,2020-09-01,1.0,0.0,0.0
