tag,slot,well,forecast_start,cos,qi_bpd,qi_adj_bpd,n_b,di_per_yr
2020-08,1.0,Tecolutla-2,2020-09-01,1.0,25.0,25.0,0.001,0.15
2020-08,2.0,Tecolutla 10 VT,2020-09-01,1.0,50.0,50.0,0.001,0.15
2020-08,3.0,Tecolutla 11 HZ,2021-11-01,0.0,1000.0,1000.0,1.8,2.0
2020-08,4.0,Tecolutla 12 HZ,2021-03-01,0.0,342.0,342.0,1.7,3.507302612853693
2020-08,5.0,Tecolutla 13 HZ,2020-11-01,0.0,1000.0,1000.0,1.8,2.0
2020-08,6.0,Tecolutla 14 HZ,2021-11-01,0.0,1000.0,1000.0,1.8,2.0
2020-08,7.0,Tecolutla HZ #4,2021-11-01,0.0,1000.0,1000.0,1.8,2.0
2020-08,8.0,Tecolutla HZ #4,2021-11-01,0.0,1000.0,1000.0,1.8,2.0
2020-08,9.0,Tecolutla HZ #4,2021-11-01,0.0,1000.0,1000.0,1.8,2.0
2020-08,10.0,Tecolutla HZ #4,2021-11-01,0.0,1000.0,1000.0,1.8,2.0
2020-08,11.0,Tecolutla HZ #4,2021-11-01,0.0,1000.0,1000.0,1.8,2.0
2020-08,12.0,Tecolutla HZ #4,2021-11-01,0.0,1000.0,1000.0,1.8,2.0
2020-08,13.0,Tecolutla HZ #4,2021-11-01,0.0,1000.0,1000.0,1.8,2.0
2020-08,14.0,Tecolutla HZ #4,2021-11-01,0.0,1000.0,1000.0,1.8,2.0
2020-08,15.0,Tecolutla HZ #4,2021-11-01,0.0,1000.0,1000.0,1.8,2.0
2020-08,16.0,Tecolutla HZ #4,2021-11-01,0.0,1000.0,1000.0,1.8,2.0
2020-08,17.0,Tecolutla HZ #4,2021-11-01,0.0,1000.0,1000.0,1.8,2.0
2020-08,18.0,Tecolutla HZ #4,2021-11-01,0.0,1000.0,1000.0,1.8,2.0
2020-08,19.0,Tecolutla HZ #4,2021-11-01,0.0,1000.0,1000.0,1.8,2.0
2020-08,20.0,Tecolutla HZ #4,2021-11-01,0.0,1000.0,1000.0,1.8,2.0
2022-v1,1.0,Tecolutla-2,2022-04-01,0.0,25.0,25.0,0.001,0.15
2022-v1,2.0,Tecolutla 10 VT,2022-04-01,1.0,50.0,50.0,0.001,0.15
2022-v1,3.0,Tecolutla 11 HZ,2022-04-01,0.0,1000.0,1000.0,1.8,2.0
2022-v1,4.0,Tecolutla 12 HZ,2022-09-01,1.0,342.0,342.0,1.7,3.507302612853693
2022-v1,5.0,Tecolutla 13 HZ,2023-06-01,1.0,342.0,342.0,1.7,3.507302612853693
2022-v1,6.0,Tecolutla 14 HZ,2022-04-01,0.0,1000.0,1000.0,1.8,2.0
2022-v1,7.0,Tecolutla HZ #4,2022-04-01,0.0,1000.0,1000.0,1.8,2.0
2022-v1,8.0,Tecolutla HZ #4,2022-04-01,0.0,1000.0,1000.0,1.8,2.0
2022-v1,9.0,Tecolutla HZ #4,2022-04-01,0.0,1000.0,1000.0,1.8,2.0
2022-v1,10.0,Tecolutla HZ #4,2022-04-01,0.0,1000.0,1000.0,1.8,2.0
2022-v1,11.0,Tecolutla HZ #4,2022-04-01,0.0,1000.0,1000.0,1.8,2.0
2022-v1,12.0,Tecolutla HZ #4,2022-04-01,0.0,1000.0,1000.0,1.8,2.0
2022-v1,13.0,Tecolutla HZ #4,2022-04-01,0.0,1000.0,1000.0,1.8,2.0
2022-v1,14.0,Tecolutla HZ #4,2022-04-01,0.0,1000.0,1000.0,1.8,2.0
2022-v1,15.0,Tecolutla HZ #4,2022-04-01,0.0,1000.0,1000.0,1.8,2.0
2022-v1,16.0,Tecolutla HZ #4,2022-04-01,0.0,1000.0,1000.0,1.8,2.0
2022-v1,17.0,Tecolutla HZ #4,2022-04-01,0.0,1000.0,1000.0,1.8,2.0
2022-v1,18.0,Tecolutla HZ #4,2022-04-01,0.0,1000.0,1000.0,1.8,2.0
2022-v1,19.0,Tecolutla HZ #4,2022-04-01,0.0,1000.0,1000.0,1.8,2.0
2022-v1,20.0,Tecolutla HZ #4,2022-04-01,0.0,1000.0,1000.0,1.8,2.0
2022-v2,1.0,Tecolutla-2,2022-04-01,0.0,25.0,25.0,0.001,0.15
2022-v2,2.0,Tecolutla 10 VT,2022-04-01,1.0,50.0,50.0,0.001,0.15
2022-v2,3.0,Tecolutla 11 HZ,2022-04-01,0.0,1000.0,1000.0,1.8,2.0
2022-v2,4.0,Tecolutla 12 HZ,2022-09-01,1.0,342.0,342.0,1.7,3.507302612853693
2022-v2,5.0,Tecolutla 13 HZ,2023-02-01,1.0,342.0,342.0,1.7,3.507302612853693
2022-v2,6.0,Tecolutla 14 HZ,2022-04-01,0.0,1000.0,1000.0,1.8,2.0
2022-v2,7.0,Tecolutla HZ #4,2022-04-01,0.0,1000.0,1000.0,1.8,2.0
2022-v2,8.0,Tecolutla HZ #4,2022-04-01,0.0,1000.0,1000.0,1.8,2.0
2022-v2,9.0,Tecolutla HZ #4,2022-04-01,0.0,1000.0,1000.0,1.8,2.0
2022-v2,10.0,Tecolutla HZ #4,2022-04-01,0.0,1000.0,1000.0,1.8,2.0
2022-v2,11.0,Tecolutla HZ #4,2022-04-01,0.0,1000.0,1000.0,1.8,2.0
2022-v2,12.0,Tecolutla HZ #4,2022-04-01,0.0,1000.0,1000.0,1.8,2.0
2022-v2,13.0,Tecolutla HZ #4,2022-04-01,0.0,1000.0,1000.0,1.8,2.0
2022-v2,14.0,Tecolutla HZ #4,2022-04-01,0.0,1000.0,1000.0,1.8,2.0
2022-v2,15.0,Tecolutla HZ #4,2022-04-01,0.0,1000.0,1000.0,1.8,2.0
2022-v2,16.0,Tecolutla HZ #4,2022-04-01,0.0,1000.0,1000.0,1.8,2.0
2022-v2,17.0,Tecolutla HZ #4,2022-04-01,0.0,1000.0,1000.0,1.8,2.0
2022-v2,18.0,Tecolutla HZ #4,2022-04-01,0.0,1000.0,1000.0,1.8,2.0
2022-v2,19.0,Tecolutla HZ #4,2022-04-01,0.0,1000.0,1000.0,1.8,2.0
2022-v2,20.0,Tecolutla HZ #4,2022-04-01,0.0,1000.0,1000.0,1.8,2.0
2022-v3,1.0,Tecolutla-2,2022-04-01,0.0,25.0,25.0,0.001,0.15
2022-v3,2.0,Tecolutla 10 VT,2022-04-01,1.0,50.0,50.0,0.001,0.15
2022-v3,3.0,Tecolutla 11 HZ,2022-04-01,0.0,1000.0,1000.0,1.8,2.0
2022-v3,4.0,Tecolutla 12 HZ,2022-09-01,1.0,342.0,342.0,1.7,3.507302612853693
2022-v3,5.0,Tecolutla 13 HZ,2023-02-01,1.0,342.0,342.0,1.7,3.507302612853693
2022-v3,6.0,Tecolutla 14 HZ,2022-04-01,0.0,1000.0,1000.0,1.8,2.0
2022-v3,7.0,Tecolutla HZ #4,2022-04-01,0.0,1000.0,1000.0,1.8,2.0
2022-v3,8.0,Tecolutla HZ #4,2022-04-01,0.0,1000.0,1000.0,1.8,2.0
2022-v3,9.0,Tecolutla HZ #4,2022-04-01,0.0,1000.0,1000.0,1.8,2.0
2022-v3,10.0,Tecolutla HZ #4,2022-04-01,0.0,1000.0,1000.0,1.8,2.0
2022-v3,11.0,Tecolutla HZ #4,2022-04-01,0.0,1000.0,1000.0,1.8,2.0
2022-v3,12.0,Tecolutla HZ #4,2022-04-01,0.0,1000.0,1000.0,1.8,2.0
2022-v3,13.0,Tecolutla HZ #4,2022-04-01,0.0,1000.0,1000.0,1.8,2.0
2022-v3,14.0,Tecolutla HZ #4,2022-04-01,0.0,1000.0,1000.0,1.8,2.0
2022-v3,15.0,Tecolutla HZ #4,2022-04-01,0.0,1000.0,1000.0,1.8,2.0
2022-v3,16.0,Tecolutla HZ #4,2022-04-01,0.0,1000.0,1000.0,1.8,2.0
2022-v3,17.0,Tecolutla HZ #4,2022-04-01,0.0,1000.0,1000.0,1.8,2.0
2022-v3,18.0,Tecolutla HZ #4,2022-04-01,0.0,1000.0,1000.0,1.8,2.0
2022-v3,19.0,Tecolutla HZ #4,2022-04-01,0.0,1000.0,1000.0,1.8,2.0
2022-v3,20.0,Tecolutla HZ #4,2022-04-01,0.0,1000.0,1000.0,1.8,2.0
2022-v4,1.0,Tecolutla-2,2022-04-01,0.0,25.0,25.0,0.001,0.15
2022-v4,2.0,Tecolutla 10 VT,2022-04-01,1.0,50.0,50.0,0.001,0.15
2022-v4,3.0,Tecolutla 11 HZ,2022-04-01,0.0,1000.0,1000.0,1.8,2.0
2022-v4,4.0,Tecolutla 12 VT,2022-09-01,1.0,342.0,342.0,1.7,3.507302612853693
2022-v4,5.0,Tecolutla 13 VT,2023-02-01,1.0,342.0,342.0,1.7,3.507302612853693
2022-v4,6.0,Tecolutla 14 HZ,2022-04-01,0.0,1000.0,1000.0,1.8,2.0
2022-v4,7.0,Tecolutla HZ #4,2022-04-01,0.0,1000.0,1000.0,1.8,2.0
2022-v4,8.0,Tecolutla HZ #4,2022-04-01,0.0,1000.0,1000.0,1.8,2.0
2022-v4,9.0,Tecolutla HZ #4,2022-04-01,0.0,1000.0,1000.0,1.8,2.0
2022-v4,10.0,Tecolutla HZ #4,2022-04-01,0.0,1000.0,1000.0,1.8,2.0
2022-v4,11.0,Tecolutla HZ #4,2022-04-01,0.0,1000.0,1000.0,1.8,2.0
2022-v4,12.0,Tecolutla HZ #4,2022-04-01,0.0,1000.0,1000.0,1.8,2.0
2022-v4,13.0,Tecolutla HZ #4,2022-04-01,0.0,1000.0,1000.0,1.8,2.0
2022-v4,14.0,Tecolutla HZ #4,2022-04-01,0.0,1000.0,1000.0,1.8,2.0
2022-v4,15.0,Tecolutla HZ #4,2022-04-01,0.0,1000.0,1000.0,1.8,2.0
2022-v4,16.0,Tecolutla HZ #4,2022-04-01,0.0,1000.0,1000.0,1.8,2.0
2022-v4,17.0,Tecolutla HZ #4,2022-04-01,0.0,1000.0,1000.0,1.8,2.0
2022-v4,18.0,Tecolutla HZ #4,2022-04-01,0.0,1000.0,1000.0,1.8,2.0
2022-v4,19.0,Tecolutla HZ #4,2022-04-01,0.0,1000.0,1000.0,1.8,2.0
2022-v4,20.0,Tecolutla HZ #4,2022-04-01,0.0,1000.0,1000.0,1.8,2.0
2022-v5,1.0,Tecolutla-2,2022-04-01,0.0,25.0,25.0,0.001,0.15
2022-v5,2.0,Tecolutla 10 VT,2022-04-01,1.0,50.0,50.0,0.001,0.15
2022-v5,3.0,Tecolutla 11 HZ,2022-04-01,0.0,1000.0,1000.0,1.8,2.0
2022-v5,4.0,Tecolutla 12 VT,2022-09-01,0.0,342.0,342.0,1.7,3.507302612853693
2022-v5,5.0,Tecolutla 13 VT,2023-02-01,0.0,342.0,342.0,1.7,3.507302612853693
2022-v5,6.0,Tecolutla 14 HZ,2022-04-01,0.0,1000.0,1000.0,1.8,2.0
2022-v5,7.0,Tecolutla Horizontal,2022-09-01,1.0,684.0,684.0,1.7,3.507302612853693
2022-v5,8.0,Tecolutla HZ #4,2022-04-01,0.0,1000.0,1000.0,1.8,2.0
2022-v5,9.0,Tecolutla HZ #4,2022-04-01,0.0,1000.0,1000.0,1.8,2.0
2022-v5,10.0,Tecolutla HZ #4,2022-04-01,0.0,1000.0,1000.0,1.8,2.0
2022-v5,11.0,Tecolutla HZ #4,2022-04-01,0.0,1000.0,1000.0,1.8,2.0
2022-v5,12.0,Tecolutla HZ #4,2022-04-01,0.0,1000.0,1000.0,1.8,2.0
2022-v5,13.0,Tecolutla HZ #4,2022-04-01,0.0,1000.0,1000.0,1.8,2.0
2022-v5,14.0,Tecolutla HZ #4,2022-04-01,0.0,1000.0,1000.0,1.8,2.0
2022-v5,15.0,Tecolutla HZ #4,2022-04-01,0.0,1000.0,1000.0,1.8,2.0
2022-v5,16.0,Tecolutla HZ #4,2022-04-01,0.0,1000.0,1000.0,1.8,2.0
2022-v5,17.0,Tecolutla HZ #4,2022-04-01,0.0,1000.0,1000.0,1.8,2.0
2022-v5,18.0,Tecolutla HZ #4,2022-04-01,0.0,1000.0,1000.0,1.8,2.0
2022-v5,19.0,Tecolutla HZ #4,2022-04-01,0.0,1000.0,1000.0,1.8,2.0
2022-v5,20.0,Tecolutla HZ #4,2022-04-01,0.0,1000.0,1000.0,1.8,2.0
2022-v6,1.0,Tecolutla-2,2025-06-01,1.0,20.0,20.0,0.001,0.15
2022-v6,2.0,Tecolutla 10 VT,2022-07-01,1.0,50.0,50.0,0.001,0.15
2022-v6,3.0,Tecolutla 11 HZ,2023-07-01,0.0,1000.0,1000.0,1.8,2.0
2022-v6,4.0,Tecolutla 12 VT,2022-12-01,1.0,342.0,342.0,1.7,3.507302612853693
2022-v6,5.0,Tecolutla 13 VT,2023-05-01,1.0,342.0,342.0,1.7,3.507302612853693
2022-v6,6.0,Tecolutla 14 VT,2024-07-01,1.0,273.6,273.6,1.7,3.507302612853693
2022-v6,7.0,Tecolutla 15 VT,2025-07-01,1.0,273.6,273.6,1.7,3.507302612853693
2022-v6,8.0,Tecolutla HZ,2023-07-01,0.0,1000.0,1000.0,1.8,2.0
2022-v6,9.0,Tecolutla HZ #4,2023-07-01,0.0,1000.0,1000.0,1.8,2.0
2022-v6,10.0,Tecolutla HZ #4,2023-07-01,0.0,1000.0,1000.0,1.8,2.0
2022-v6,11.0,Tecolutla HZ #4,2023-07-01,0.0,1000.0,1000.0,1.8,2.0
2022-v6,12.0,Tecolutla HZ #4,2023-07-01,0.0,1000.0,1000.0,1.8,2.0
2022-v6,13.0,Tecolutla HZ #4,2023-07-01,0.0,1000.0,1000.0,1.8,2.0
2022-v6,14.0,Tecolutla HZ #4,2023-07-01,0.0,1000.0,1000.0,1.8,2.0
2022-v6,15.0,Tecolutla HZ #4,2023-07-01,0.0,1000.0,1000.0,1.8,2.0
2022-v6,16.0,Tecolutla HZ #4,2023-07-01,0.0,1000.0,1000.0,1.8,2.0
2022-v6,17.0,Tecolutla HZ #4,2023-07-01,0.0,1000.0,1000.0,1.8,2.0
2022-v6,18.0,Tecolutla HZ #4,2023-07-01,0.0,1000.0,1000.0,1.8,2.0
2022-v6,19.0,Tecolutla HZ #4,2023-07-01,0.0,1000.0,1000.0,1.8,2.0
2022-v6,20.0,Tecolutla HZ #4,2023-07-01,0.0,1000.0,1000.0,1.8,2.0
2022-v7,1.0,Tecolutla-2,2025-06-01,1.0,20.0,20.0,0.001,0.15
2022-v7,2.0,Tecolutla 10 VT,2022-07-01,1.0,50.0,50.0,0.001,0.15
2022-v7,3.0,Tecolutla 11 HZ,2023-07-01,0.0,1000.0,1000.0,1.8,2.0
2022-v7,4.0,Tecolutla 12 VT,2022-12-01,1.0,342.0,342.0,1.7,3.507302612853693
2022-v7,5.0,Tecolutla 13 VT,2023-05-01,1.0,342.0,342.0,1.7,3.507302612853693
2022-v7,6.0,Tecolutla 14 VT,2024-07-01,1.0,273.6,273.6,1.7,3.507302612853693
2022-v7,7.0,Tecolutla 15 VT,2025-07-01,1.0,273.6,273.6,1.7,3.507302612853693
2022-v7,8.0,Tecolutla HZ,2023-07-01,0.0,1000.0,1000.0,1.8,2.0
2022-v7,9.0,Tecolutla HZ #4,2023-07-01,0.0,1000.0,1000.0,1.8,2.0
2022-v7,10.0,Tecolutla HZ #4,2023-07-01,0.0,1000.0,1000.0,1.8,2.0
2022-v7,11.0,Tecolutla HZ #4,2023-07-01,0.0,1000.0,1000.0,1.8,2.0
2022-v7,12.0,Tecolutla HZ #4,2023-07-01,0.0,1000.0,1000.0,1.8,2.0
2022-v7,13.0,Tecolutla HZ #4,2023-07-01,0.0,1000.0,1000.0,1.8,2.0
2022-v7,14.0,Tecolutla HZ #4,2023-07-01,0.0,1000.0,1000.0,1.8,2.0
2022-v7,15.0,Tecolutla HZ #4,2023-07-01,0.0,1000.0,1000.0,1.8,2.0
2022-v7,16.0,Tecolutla HZ #4,2023-07-01,0.0,1000.0,1000.0,1.8,2.0
2022-v7,17.0,Tecolutla HZ #4,2023-07-01,0.0,1000.0,1000.0,1.8,2.0
2022-v7,18.0,Tecolutla HZ #4,2023-07-01,0.0,1000.0,1000.0,1.8,2.0
2022-v7,19.0,Tecolutla HZ #4,2023-07-01,0.0,1000.0,1000.0,1.8,2.0
2022-v7,20.0,Tecolutla HZ #4,2023-07-01,0.0,1000.0,1000.0,1.8,2.0
2022-v8,1.0,Tecolutla-2,2025-06-01,1.0,20.0,20.0,0.001,0.15
2022-v8,2.0,Tecolutla 10 VT,2022-07-01,1.0,50.0,50.0,0.001,0.15
2022-v8,3.0,Tecolutla 11 HZ,2023-07-01,0.0,1000.0,1000.0,1.8,2.0
2022-v8,4.0,Tecolutla 12 VT,2022-12-01,1.0,342.0,342.0,1.7,3.507302612853693
2022-v8,5.0,Tecolutla 13 VT,2023-05-01,1.0,342.0,342.0,1.7,3.507302612853693
2022-v8,6.0,Tecolutla 14 VT,2024-07-01,0.0,273.6,273.6,1.7,3.507302612853693
2022-v8,7.0,Tecolutla 15 VT,2025-07-01,0.0,273.6,273.6,1.7,3.507302612853693
2022-v8,8.0,Tecolutla HZ,2024-07-01,1.0,547.2,547.2,1.8,2.0
2022-v8,9.0,Tecolutla HZ #4,2023-07-01,0.0,1000.0,1000.0,1.8,2.0
2022-v8,10.0,Tecolutla HZ #4,2023-07-01,0.0,1000.0,1000.0,1.8,2.0
2022-v8,11.0,Tecolutla HZ #4,2023-07-01,0.0,1000.0,1000.0,1.8,2.0
2022-v8,12.0,Tecolutla HZ #4,2023-07-01,0.0,1000.0,1000.0,1.8,2.0
2022-v8,13.0,Tecolutla HZ #4,2023-07-01,0.0,1000.0,1000.0,1.8,2.0
2022-v8,14.0,Tecolutla HZ #4,2023-07-01,0.0,1000.0,1000.0,1.8,2.0
2022-v8,15.0,Tecolutla HZ #4,2023-07-01,0.0,1000.0,1000.0,1.8,2.0
2022-v8,16.0,Tecolutla HZ #4,2023-07-01,0.0,1000.0,1000.0,1.8,2.0
2022-v8,17.0,Tecolutla HZ #4,2023-07-01,0.0,1000.0,1000.0,1.8,2.0
2022-v8,18.0,Tecolutla HZ #4,2023-07-01,0.0,1000.0,1000.0,1.8,2.0
2022-v8,19.0,Tecolutla HZ #4,2023-07-01,0.0,1000.0,1000.0,1.8,2.0
2022-v8,20.0,Tecolutla HZ #4,2023-07-01,0.0,1000.0,1000.0,1.8,2.0
2022-v9,1.0,Tecolutla-2,2025-06-01,1.0,20.0,20.0,0.001,0.15
2022-v9,2.0,Tecolutla 10 VT,2022-07-01,1.0,50.0,50.0,0.001,0.15
2022-v9,3.0,Tecolutla 11 HZ,2023-07-01,0.0,1000.0,1000.0,1.8,2.0
2022-v9,4.0,Tecolutla 12 VT,2022-12-01,1.0,342.0,342.0,1.7,3.507302612853693
2022-v9,5.0,Tecolutla 13 VT,2023-05-01,1.0,342.0,342.0,1.7,3.507302612853693
2022-v9,6.0,Tecolutla 14 VT,2024-07-01,0.0,273.6,273.6,1.7,3.507302612853693
2022-v9,7.0,Tecolutla 15 VT,2025-07-01,0.0,273.6,273.6,1.7,3.507302612853693
2022-v9,8.0,Tecolutla HZ,2024-07-01,1.0,547.2,547.2,1.8,2.0
2022-v9,9.0,Tecolutla HZ #4,2023-07-01,0.0,1000.0,1000.0,1.8,2.0
2022-v9,10.0,Tecolutla HZ #4,2023-07-01,0.0,1000.0,1000.0,1.8,2.0
2022-v9,11.0,Tecolutla HZ #4,2023-07-01,0.0,1000.0,1000.0,1.8,2.0
2022-v9,12.0,Tecolutla HZ #4,2023-07-01,0.0,1000.0,1000.0,1.8,2.0
2022-v9,13.0,Tecolutla HZ #4,2023-07-01,0.0,1000.0,1000.0,1.8,2.0
2022-v9,14.0,Tecolutla HZ #4,2023-07-01,0.0,1000.0,1000.0,1.8,2.0
2022-v9,15.0,Tecolutla HZ #4,2023-07-01,0.0,1000.0,1000.0,1.8,2.0
2022-v9,16.0,Tecolutla HZ #4,2023-07-01,0.0,1000.0,1000.0,1.8,2.0
2022-v9,17.0,Tecolutla HZ #4,2023-07-01,0.0,1000.0,1000.0,1.8,2.0
2022-v9,18.0,Tecolutla HZ #4,2023-07-01,0.0,1000.0,1000.0,1.8,2.0
2022-v9,19.0,Tecolutla HZ #4,2023-07-01,0.0,1000.0,1000.0,1.8,2.0
2022-v9,20.0,Tecolutla HZ #4,2023-07-01,0.0,1000.0,1000.0,1.8,2.0
2023-10,1.0,Tecolutla-2,2024-01-01,0.0,25.0,25.0,0.001,0.15
2023-10,2.0,Tecolutla 10 VT,2024-01-01,1.0,80.0,80.0,0.001,0.15
2023-10,3.0,Tecolutla 11 HZ,2024-01-01,0.0,1000.0,1000.0,1.8,2.0
2023-10,4.0,Tecolutla 12 HZ,2024-01-01,1.0,342.0,342.0,1.7,3.507302612853693
2023-10,5.0,Tecolutla 13 HZ,2024-01-01,0.0,1000.0,1000.0,1.8,2.0
2023-10,6.0,Tecolutla 14 HZ,2024-01-01,0.0,1000.0,1000.0,1.8,2.0
2023-10,7.0,Tecolutla HZ #4,2024-01-01,0.0,1000.0,1000.0,1.8,2.0
2023-10,8.0,Tecolutla HZ #4,2024-01-01,0.0,1000.0,1000.0,1.8,2.0
2023-10,9.0,Tecolutla HZ #4,2024-01-01,0.0,1000.0,1000.0,1.8,2.0
2023-10,10.0,Tecolutla HZ #4,2024-01-01,0.0,1000.0,1000.0,1.8,2.0
2023-10,11.0,Tecolutla HZ #4,2024-01-01,0.0,1000.0,1000.0,1.8,2.0
2023-10,12.0,Tecolutla HZ #4,2024-01-01,0.0,1000.0,1000.0,1.8,2.0
2023-10,13.0,Tecolutla HZ #4,2024-01-01,0.0,1000.0,1000.0,1.8,2.0
2023-10,14.0,Tecolutla HZ #4,2024-01-01,0.0,1000.0,1000.0,1.8,2.0
2023-10,15.0,Tecolutla HZ #4,2024-01-01,0.0,1000.0,1000.0,1.8,2.0
2023-10,16.0,Tecolutla HZ #4,2024-01-01,0.0,1000.0,1000.0,1.8,2.0
2023-10,17.0,Tecolutla HZ #4,2024-01-01,0.0,1000.0,1000.0,1.8,2.0
2023-10,18.0,Tecolutla HZ #4,2024-01-01,0.0,1000.0,1000.0,1.8,2.0
2023-10,19.0,Tecolutla HZ #4,2024-01-01,0.0,1000.0,1000.0,1.8,2.0
2023-10,20.0,Tecolutla HZ #4,2024-01-01,0.0,1000.0,1000.0,1.8,2.0
