well,date,oil_bbl,gas_mcf,gor,days_on,flag
TEC-2,1972-10-01,5540.16667181865,8414.722498261082,1518.8572829522498,31.0,GOR > 1500 scf/bbl
TEC-2,1973-02-01,2020.060772034959,3604.8751514030173,1784.537970989633,28.0,GOR > 1500 scf/bbl
TEC-2,1973-03-01,1940.0583652216935,3273.507797652879,1687.3243899952517,31.0,GOR > 1500 scf/bbl
TEC-2,1973-04-01,2380.0716026946548,3956.3253750774065,1662.2715764509599,30.0,GOR > 1500 scf/bbl
TEC-2,1973-05-01,2230.0670899197817,3404.04645216051,1526.432306699328,31.0,GOR > 1500 scf/bbl
TEC-2,1976-07-01,1210.0364030506437,180.74582931825714,149.37222455669573,31.0,GOR < 150 scf/bbl
TEC-2,1987-09-01,2350.07070013968,4890.178826555069,2080.864557080948,30.0,GOR > 1500 scf/bbl
TEC-2,1988-04-01,10.000300851658212,0.0,0.0,1.0,GOR < 150 scf/bbl
TEC-2,1993-03-01,530.0159451378853,1345.5522849248032,2538.70151882837,28.0,GOR > 1500 scf/bbl
TEC-2,1993-04-01,570.0171485445181,1064.3921059852921,1867.2983939222024,30.0,GOR > 1500 scf/bbl
TEC-2,1993-05-01,580.0174493961764,1104.5578458337936,1904.3527862544254,31.0,GOR > 1500 scf/bbl
TEC-2,1993-06-01,570.0171485445181,1064.3921059852921,1867.2983939222024,30.0,GOR > 1500 scf/bbl
TEC-2,1993-07-01,580.0174493961764,1104.5578458337936,1904.3527862544254,31.0,GOR > 1500 scf/bbl
TEC-2,1993-08-01,580.0174493961764,1104.5578458337936,1904.3527862544254,31.0,GOR > 1500 scf/bbl
TEC-2,1993-09-01,570.0171485445181,1064.3921059852921,1867.2983939222024,30.0,GOR > 1500 scf/bbl
TEC-2,1993-10-01,580.0174493961764,1104.5578458337936,1904.3527862544254,31.0,GOR > 1500 scf/bbl
TEC-2,1993-11-01,570.0171485445181,1064.3921059852921,1867.2983939222024,30.0,GOR > 1500 scf/bbl
TEC-2,1993-12-01,580.0174493961764,1104.5578458337936,1904.3527862544254,31.0,GOR > 1500 scf/bbl
TEC-2,1994-01-01,580.0174493961764,1104.5578458337936,1904.3527862544254,31.0,GOR > 1500 scf/bbl
TEC-2,1994-02-01,530.0159451378853,994.1020612504143,1875.6078385373776,28.0,GOR > 1500 scf/bbl
TEC-2,1994-03-01,580.0174493961764,1104.5578458337936,1904.3527862544254,31.0,GOR > 1500 scf/bbl
TEC-2,1994-04-01,570.0171485445181,1064.3921059852921,1867.2983939222024,30.0,GOR > 1500 scf/bbl
TEC-2,1994-05-01,580.0174493961764,1104.5578458337936,1904.3527862544254,31.0,GOR > 1500 scf/bbl
TEC-2,1994-06-01,570.0171485445181,1064.3921059852921,1867.2983939222024,30.0,GOR > 1500 scf/bbl
TEC-2,1994-07-01,580.0174493961764,1104.5578458337936,1904.3527862544254,31.0,GOR > 1500 scf/bbl
TEC-2,1994-08-01,580.0174493961764,1104.5578458337936,1904.3527862544254,31.0,GOR > 1500 scf/bbl
TEC-2,1994-09-01,570.0171485445181,1064.3921059852921,1867.2983939222024,30.0,GOR > 1500 scf/bbl
TEC-2,1994-10-01,580.0174493961764,1104.5578458337936,1904.3527862544254,31.0,GOR > 1500 scf/bbl
TEC-2,1998-05-01,460.0138391762778,702.9004473487778,1527.9984806705468,31.0,GOR > 1500 scf/bbl
TEC-2,1998-07-01,460.0138391762778,702.9004473487778,1527.9984806705468,31.0,GOR > 1500 scf/bbl
TEC-2,1998-08-01,460.0138391762778,702.9004473487778,1527.9984806705468,31.0,GOR > 1500 scf/bbl
TEC-2,1998-10-01,430.01293662130314,702.9004473487778,1634.6030258336084,31.0,GOR > 1500 scf/bbl
TEC-2,1998-11-01,360.01083065969567,672.7761424624016,1868.7663958042167,30.0,GOR > 1500 scf/bbl
TEC-2,1998-12-01,370.0111315113539,702.9004473487778,1899.673786779599,31.0,GOR > 1500 scf/bbl
TEC-2,1999-01-01,130.0039110715568,251.03587405313493,1930.9870909572844,11.0,GOR > 1500 scf/bbl
TEC-2,2008-08-01,640.0192545061255,1094.5164108716683,1710.1304424290454,31.0,GOR > 1500 scf/bbl
TEC-2,2008-09-01,520.0156442862271,903.7291465912857,1737.888381861556,30.0,GOR > 1500 scf/bbl
TEC-2,2008-10-01,480.0144408795942,913.7705815534111,1903.6314405020566,31.0,GOR > 1500 scf/bbl
TEC-2,2008-11-01,430.01293662130314,813.3562319321571,1891.4692156074611,30.0,GOR > 1500 scf/bbl
TEC-2,2008-12-01,360.01083065969567,1596.588158977938,4434.833685565231,31.0,GOR > 1500 scf/bbl
TEC-2,2009-01-01,530.0159451378853,1676.9196386749413,3163.9041316741623,31.0,GOR > 1500 scf/bbl
TEC-2,2009-02-01,560.0168476928599,1435.9251995839318,2564.075001492566,28.0,GOR > 1500 scf/bbl
TEC-2,2009-03-01,570.0171485445181,1636.7538988264396,2871.41168121999,31.0,GOR > 1500 scf/bbl
TEC-2,2009-04-01,320.0096272530628,662.7347075002762,2070.983655051688,24.0,GOR > 1500 scf/bbl
TEC-2,2010-05-01,360.01083065969567,853.5219717806588,2370.8230394531106,27.0,GOR > 1500 scf/bbl
TEC-2,2010-06-01,430.01293662130314,913.7705815534111,2124.983933583691,30.0,GOR > 1500 scf/bbl
TEC-2,2010-07-01,610.018351951151,974.0191913261635,1596.7047355391057,31.0,GOR > 1500 scf/bbl
TEC-2,2010-09-01,600.0180510994928,1124.6407157580445,1874.3448029558708,30.0,GOR > 1500 scf/bbl
TEC-2,2010-10-01,680.0204579127585,1194.9307604929222,1757.1982527711289,31.0,GOR > 1500 scf/bbl
TEC-2,2012-10-01,310.0093264014046,652.6932725381507,2105.398828205039,31.0,GOR > 1500 scf/bbl
TEC-2,2012-11-01,280.00842384642993,512.1131830683953,1828.920630435257,30.0,GOR > 1500 scf/bbl
TEC-2,2012-12-01,300.0090255497464,572.3617928411477,1907.8152458657971,31.0,GOR > 1500 scf/bbl
TEC-2,2013-01-01,300.0090255497464,843.4805368185333,2811.517204433806,31.0,GOR > 1500 scf/bbl
TEC-2,2013-02-01,180.00541532984784,2138.82564693271,11882.007233023827,28.0,GOR > 1500 scf/bbl
TEC-2,2013-03-01,310.0093264014046,4227.444119054792,13636.506256528024,31.0,GOR > 1500 scf/bbl
TEC-2,2013-04-01,180.00541532984784,2781.477484508735,15452.187810082627,30.0,GOR > 1500 scf/bbl
TEC-2,2013-05-01,180.00541532984784,4669.26725738831,25939.59325519286,31.0,GOR > 1500 scf/bbl
TEC-2,2013-06-01,320.0096272530628,5301.877660002209,16567.869240413504,30.0,GOR > 1500 scf/bbl
TEC-2,2013-07-01,190.00571618150605,3353.8392773498827,17651.254629340063,31.0,GOR > 1500 scf/bbl
TEC-2,2013-08-01,120.00361021989855,5181.3804404567045,43176.87135380488,31.0,GOR > 1500 scf/bbl
TEC-2,2013-09-01,140.00421192321497,2992.3476187133683,21373.26854391006,30.0,GOR > 1500 scf/bbl
TEC-2,2013-10-01,210.00631788482247,401.65739848501585,1912.5967377100721,31.0,GOR > 1500 scf/bbl
TEC-2,2013-11-01,200.00601703316428,3855.9110254561524,19278.975116117526,30.0,GOR > 1500 scf/bbl
TEC-2,2013-12-01,200.00601703316428,2982.306183751243,14911.08231637215,31.0,GOR > 1500 scf/bbl
TEC-2,2014-01-01,210.00631788482247,4448.355688221551,21182.00887013905,31.0,GOR > 1500 scf/bbl
TEC-2,2014-02-01,190.00571618150605,4689.35012731256,24680.04764042458,28.0,GOR > 1500 scf/bbl
TEC-2,2014-03-01,200.00601703316428,4789.764476933815,23948.10190205224,31.0,GOR > 1500 scf/bbl
TEC-2,2014-04-01,200.00601703316428,4860.054521668691,24299.54155260646,30.0,GOR > 1500 scf/bbl
TEC-2,2014-05-01,210.00631788482247,5171.339005494579,24624.682998017182,31.0,GOR > 1500 scf/bbl
TEC-2,2014-06-01,200.00601703316428,3966.3668100395316,19831.23742413131,30.0,GOR > 1500 scf/bbl
TEC-2,2014-07-01,260.0078221431136,5703.535058487225,21936.01335327475,31.0,GOR > 1500 scf/bbl
TEC-2,2014-08-01,260.0078221431136,2510.358740531349,9654.93545478642,31.0,GOR > 1500 scf/bbl
TEC-2,2014-09-01,250.00752129145533,1164.806455606546,4659.085653061736,30.0,GOR > 1500 scf/bbl
TEC-2,2014-10-01,250.00752129145533,1034.267801098916,4136.9467436668865,28.0,GOR > 1500 scf/bbl
TEC-2,2014-12-01,280.00842384642993,582.403227803273,2079.9489522597037,31.0,GOR > 1500 scf/bbl
TEC-2,2015-01-01,279.0,744.0,2666.6666666666665,31.0,GOR > 1500 scf/bbl
TEC-2,2015-02-01,224.00000000000003,531.9999999999999,2374.999999999999,28.0,GOR > 1500 scf/bbl
TEC-2,2015-03-01,248.0,558.0,2250.0,31.0,GOR > 1500 scf/bbl
TEC-2,2015-04-01,240.00000000000003,600.0,2499.9999999999995,30.0,GOR > 1500 scf/bbl
TEC-2,2015-05-01,217.0,496.0,2285.714285714286,31.0,GOR > 1500 scf/bbl
TEC-2,2015-06-01,240.00000000000003,870.0,3624.9999999999995,30.0,GOR > 1500 scf/bbl
TEC-2,2015-07-01,248.0,1178.0,4750.0,31.0,GOR > 1500 scf/bbl
TEC-2,2015-08-01,248.0,1271.0000000000002,5125.000000000001,31.0,GOR > 1500 scf/bbl
TEC-2,2015-09-01,210.0,720.0,3428.5714285714284,30.0,GOR > 1500 scf/bbl
TEC-2,2015-10-01,372.0,651.0,1750.0,31.0,GOR > 1500 scf/bbl
TEC-6,1975-12-01,530.0159451378853,50.20717481062698,94.72766861299885,30.0,GOR < 150 scf/bbl
TEC-6,1976-01-01,880.0264749459228,130.53865450763016,148.33491744171866,31.0,GOR < 150 scf/bbl
TEC-6,1978-02-01,3080.0926623107293,341.40878871226346,110.84367457183373,28.0,GOR < 150 scf/bbl
TEC-6,1978-03-01,3420.102891267109,371.53309359863965,108.63213926905891,31.0,GOR < 150 scf/bbl
TEC-6,1980-06-01,60.001805109949274,0.0,0.0,0.0,GOR < 150 scf/bbl
TEC-6,1984-09-01,10.000300851658212,0.0,0.0,1.0,GOR < 150 scf/bbl
TEC-6,1988-10-01,200.00601703316428,562.3203578790223,2811.517204433806,31.0,GOR > 1500 scf/bbl
TEC-6,1989-09-01,190.00571618150605,883.646276667035,4650.629962221334,30.0,GOR > 1500 scf/bbl
TEC-6,1989-11-01,190.00571618150605,10.041434962125397,52.848067752515156,30.0,GOR < 150 scf/bbl
TEC-6,1989-12-01,200.00601703316428,0.0,0.0,31.0,GOR < 150 scf/bbl
TEC-6,1990-01-01,200.00601703316428,0.0,0.0,31.0,GOR < 150 scf/bbl
TEC-6,1991-09-01,940.0282800558721,110.45578458337937,117.50261872633689,30.0,GOR < 150 scf/bbl
TEC-6,1991-10-01,970.0291826108468,110.45578458337937,113.86851711624399,31.0,GOR < 150 scf/bbl
TEC-6,1991-11-01,940.0282800558721,110.45578458337937,117.50261872633689,30.0,GOR < 150 scf/bbl
TEC-6,1991-12-01,970.0291826108468,110.45578458337937,113.86851711624399,31.0,GOR < 150 scf/bbl
TEC-6,1992-01-01,1010.0303860174795,130.53865450763016,129.24230430565586,31.0,GOR < 150 scf/bbl
TEC-6,1993-03-01,350.01052980803746,1385.7180247733047,3959.07524705985,28.0,GOR > 1500 scf/bbl
TEC-6,1993-04-01,380.0114323630121,1486.1323743945586,3910.7570136861214,30.0,GOR > 1500 scf/bbl
TEC-6,1993-05-01,390.0117332146703,1536.3395492051857,3939.21366555286,31.0,GOR > 1500 scf/bbl
TEC-6,1993-06-01,380.0114323630121,1486.1323743945586,3910.7570136861214,30.0,GOR > 1500 scf/bbl
TEC-6,1993-07-01,390.0117332146703,1536.3395492051857,3939.21366555286,31.0,GOR > 1500 scf/bbl
TEC-6,1993-08-01,390.0117332146703,1536.3395492051857,3939.21366555286,31.0,GOR > 1500 scf/bbl
TEC-6,1993-09-01,380.0114323630121,1486.1323743945586,3910.7570136861214,30.0,GOR > 1500 scf/bbl
TEC-6,1993-10-01,390.0117332146703,1536.3395492051857,3939.21366555286,31.0,GOR > 1500 scf/bbl
TEC-6,1993-11-01,380.0114323630121,1486.1323743945586,3910.7570136861214,30.0,GOR > 1500 scf/bbl
TEC-6,1998-11-01,360.01083065969567,582.403227803273,1617.7380739797695,30.0,GOR > 1500 scf/bbl
TEC-6,1998-12-01,370.0111315113539,602.4860977275238,1628.291817239656,31.0,GOR > 1500 scf/bbl
TEC-6,1999-01-01,130.0039110715568,210.87013420463333,1622.0291564041188,11.0,GOR > 1500 scf/bbl
TEC-6,2004-07-01,2480.074611211237,331.3673537501381,133.61184871301208,31.0,GOR < 150 scf/bbl
TEC-6,2004-08-01,2470.0743103595787,261.0773090152603,105.6961355050303,31.0,GOR < 150 scf/bbl
TEC-6,2004-09-01,2400.0722043979713,251.03587405313493,104.59513409351958,30.0,GOR < 150 scf/bbl
TEC-6,2004-10-01,2480.074611211237,321.3259187880127,129.5630048126178,31.0,GOR < 150 scf/bbl
TEC-6,2004-11-01,2400.0722043979713,251.03587405313493,104.59513409351958,30.0,GOR < 150 scf/bbl
TEC-6,2006-12-01,410.0123349179868,50.20717481062698,122.45283991436436,9.0,GOR < 150 scf/bbl
TEC-7,1975-12-01,500.01504258291067,40.16573984850159,80.32906298382304,30.0,GOR < 150 scf/bbl
TEC-7,1988-10-01,430.01293662130314,1114.5992807959192,2592.013369536151,31.0,GOR > 1500 scf/bbl
TEC-7,1989-09-01,570.0171485445181,1737.1682484476937,3047.5719070617074,30.0,GOR > 1500 scf/bbl
TEC-7,1989-11-01,570.0171485445181,80.33147969700318,140.92818067337376,30.0,GOR < 150 scf/bbl
TEC-7,1989-12-01,580.0174493961764,60.24860977275238,103.87378834115047,31.0,GOR < 150 scf/bbl
TEC-9,1975-12-01,1600.0481362653143,190.78726428038254,119.2384528666123,31.0,GOR < 150 scf/bbl
TEC-9,1976-01-01,1400.0421192321498,110.45578458337937,78.89461543054048,31.0,GOR < 150 scf/bbl
TEC-9,1976-02-01,1600.0481362653143,110.45578458337937,69.03278850172292,29.0,GOR < 150 scf/bbl
TEC-9,1976-03-01,1930.0580643700353,210.87013420463333,109.2558499132308,31.0,GOR < 150 scf/bbl
TEC-9,1977-05-01,2890.0869461292236,4448.355688221551,1539.1771151312112,31.0,GOR > 1500 scf/bbl
TEC-9,1988-10-01,200.00601703316428,562.3203578790223,2811.517204433806,31.0,GOR > 1500 scf/bbl
TEC-9,1989-09-01,760.0228647260242,2620.814525114729,3448.3364208516145,30.0,GOR > 1500 scf/bbl
TEC-9,1989-11-01,760.0228647260242,110.45578458337937,145.33218631941668,30.0,GOR < 150 scf/bbl
TEC-9,1989-12-01,780.0234664293406,110.45578458337937,141.6057200035342,31.0,GOR < 150 scf/bbl
TEC-9,1990-01-01,940.0282800558721,110.45578458337937,117.50261872633689,31.0,GOR < 150 scf/bbl
TEC-9,1993-02-01,180.00541532984784,361.4916586365143,2008.2265745955758,28.0,GOR > 1500 scf/bbl
TEC-9,1993-03-01,350.01052980803746,1385.7180247733047,3959.07524705985,28.0,GOR > 1500 scf/bbl
TEC-9,1993-04-01,380.0114323630121,1486.1323743945586,3910.7570136861214,30.0,GOR > 1500 scf/bbl
TEC-9,1993-05-01,390.0117332146703,1536.3395492051857,3939.21366555286,31.0,GOR > 1500 scf/bbl
TEC-9,1993-06-01,380.0114323630121,1486.1323743945586,3910.7570136861214,30.0,GOR > 1500 scf/bbl
TEC-9,1993-07-01,390.0117332146703,1536.3395492051857,3939.21366555286,31.0,GOR > 1500 scf/bbl
TEC-9,1993-08-01,390.0117332146703,1536.3395492051857,3939.21366555286,31.0,GOR > 1500 scf/bbl
TEC-9,1993-09-01,380.0114323630121,1486.1323743945586,3910.7570136861214,30.0,GOR > 1500 scf/bbl
TEC-9,1993-10-01,390.0117332146703,1536.3395492051857,3939.21366555286,31.0,GOR > 1500 scf/bbl
TEC-9,1993-11-01,380.0114323630121,1486.1323743945586,3910.7570136861214,30.0,GOR > 1500 scf/bbl
TEC-9,1993-12-01,390.0117332146703,1345.5522849248032,3450.0302691770153,31.0,GOR > 1500 scf/bbl
TEC-9,1994-01-01,390.0117332146703,1315.427980038427,3372.790785538724,31.0,GOR > 1500 scf/bbl
TEC-9,1994-02-01,350.01052980803746,1194.9307604929222,3413.985176812479,28.0,GOR > 1500 scf/bbl
TEC-9,1994-03-01,390.0117332146703,1315.427980038427,3372.790785538724,31.0,GOR > 1500 scf/bbl
TEC-9,1994-04-01,380.0114323630121,1275.2622401899253,3355.852302284712,30.0,GOR > 1500 scf/bbl
TEC-9,1994-05-01,390.0117332146703,1315.427980038427,3372.790785538724,31.0,GOR > 1500 scf/bbl
TEC-9,1994-06-01,380.0114323630121,1275.2622401899253,3355.852302284712,30.0,GOR > 1500 scf/bbl
TEC-9,1994-07-01,390.0117332146703,1315.427980038427,3372.790785538724,31.0,GOR > 1500 scf/bbl
TEC-9,1994-08-01,390.0117332146703,1315.427980038427,3372.790785538724,31.0,GOR > 1500 scf/bbl
TEC-9,1994-09-01,380.0114323630121,1275.2622401899253,3355.852302284712,30.0,GOR > 1500 scf/bbl
TEC-9,1994-10-01,390.0117332146703,1315.427980038427,3372.790785538724,31.0,GOR > 1500 scf/bbl
TEC-9,1994-11-01,440.0132374729614,933.8534514776619,2122.330357243052,29.0,GOR > 1500 scf/bbl
TEC-9,2003-11-01,2890.0869461292236,431.78170337139204,149.4009389405013,30.0,GOR < 150 scf/bbl
TEC-9,2004-07-01,2460.0740095079204,240.99443909100953,97.9622719314915,31.0,GOR < 150 scf/bbl
TEC-9,2004-08-01,2450.073708656262,190.78726428038254,77.87001003533867,31.0,GOR < 150 scf/bbl
TEC-9,2004-09-01,2380.0716026946548,180.74582931825714,75.94134105613522,30.0,GOR < 150 scf/bbl
TEC-9,2004-10-01,2460.0740095079204,230.95300412888412,93.88051060101269,31.0,GOR < 150 scf/bbl
TEC-9,2004-11-01,2380.0716026946548,180.74582931825714,75.94134105613522,30.0,GOR < 150 scf/bbl
TEC-9,2006-07-01,1400.0421192321498,2600.731655190478,1857.6095815009076,31.0,GOR > 1500 scf/bbl
TEC-9,2006-08-01,920.0276783525557,2299.488606326716,2499.3689433825375,31.0,GOR > 1500 scf/bbl
TEC-9,2008-01-01,830.0249706876317,120.49721954550476,145.17300539245127,21.0,GOR < 150 scf/bbl
TEC-9,2008-10-01,620.0186528028092,974.0191913261635,1570.951433352991,31.0,GOR > 1500 scf/bbl
TEC-9,2008-12-01,730.0219621710496,1596.588158977938,2187.041269593812,31.0,GOR > 1500 scf/bbl
TEC-9,2009-01-01,560.0168476928599,1516.2566792809348,2707.5197568208214,31.0,GOR > 1500 scf/bbl
TEC-9,2009-02-01,430.01293662130314,1435.9251995839318,3339.260467060086,28.0,GOR > 1500 scf/bbl
TEC-9,2009-03-01,520.0156442862271,1556.4224191294365,2993.029990983791,31.0,GOR > 1500 scf/bbl
TEC-9,2009-04-01,400.01203406632857,662.7347075002762,1656.78692404135,24.0,GOR > 1500 scf/bbl
TEC-9,2010-06-01,540.0162459895436,853.5219717806588,1580.5486929687404,30.0,GOR > 1500 scf/bbl
TEC-9,2010-09-01,500.01504258291067,753.1076221594047,1506.169930946682,22.0,GOR > 1500 scf/bbl
TEC-9,2011-05-01,260.0078221431136,492.03031314414443,1892.3673491381385,17.0,GOR > 1500 scf/bbl
