date,revenue_calc,royalties_calc,opex_calc,netback_calc,noi_calc
2024-01-01,883501.961625,-390359.405664,-115076.77895,378065.77701099997,-1430007.185989
2024-02-01,756260.4832515,-334485.70025800006,-103552.16253,318222.6204634999,318222.6204634999
2024-03-01,675403.7637285,-298980.261373,-96354.11264,280069.3897155,280069.3897155
2024-04-01,618184.3240305,-273854.318578,-91349.66122,252980.3442325,244907.3808285
2024-05-01,574873.7794155,-254835.98705700002,-87629.35392,232408.43843849996,232408.43843849996
2024-06-01,540540.643293,-239759.77480400002,-84733.54514,216047.3233489999,216047.3233489999
2024-07-01,512389.93729050003,-227398.36349,-82402.49799999999,202589.07580050002,194516.11239650002
2024-08-01,488706.65595,-216998.667589,-80477.31025000001,191230.67811099996,191230.67811099996
2024-09-01,468373.8434265,-208070.21442,-78854.79942,181448.82958649998,181448.82958649998
2024-10-01,450629.43953850004,-200278.37163,-77464.77825,172886.28965850003,164813.32625450002
2024-11-01,434933.757747,-193386.15453499998,-76257.69013,165289.91308200004,165289.91308200004
2024-12-01,420892.7085315,-187220.51215,-75197.45756000001,158474.7388215,158474.7388215
2025-01-01,408211.054065,-181651.80113699997,-74257.13518,152302.11774800002,147058.591404
2025-02-01,396662.7496995,-176580.76170799998,-73416.15626,146665.8317315,146665.8317315
2025-03-01,386071.45911,-171929.961772,-72658.52674999999,141482.970588,141482.970588
2025-04-01,376297.367607,-167638.006756,-71971.60508000001,136687.755771,131444.22942699998
2025-05-01,367228.023174,-163655.516975,-71345.25606,132227.25013899995,132227.25013899995
2025-06-01,358771.831137,-159942.272029,-70771.25089,128058.30821799999,128058.30821799999
2025-07-01,350853.3394695,-156465.139605,-70242.83306,124145.3668045,118901.8404605
2025-08-01,343409.76186749997,-153196.54933600003,-69754.39879,120458.81374149994,120458.81374149994
2025-09-01,336388.37231249997,-150113.34827400002,-69301.25787,116973.76616849995,116973.76616849995
2025-10-01,329744.5241805,-147195.931552,-68879.45219000001,113669.1404385,108425.61409450001
2025-11-01,323440.12513799994,-144427.572309,-68485.61631,110526.93651899994,110526.93651899994
2025-12-01,317442.449556,-141793.89996799998,-68116.8689,107531.68068800002,107531.68068800002
2026-01-01,311723.20214999997,-139282.48978200002,-67770.72751,104669.98485799995,100642.17446999995
2026-02-01,306257.7743235,-136882.53569,-67445.04079,101930.1978435,101930.1978435
2026-03-01,301024.64655,-134584.58819500002,-67137.93427,99302.12408499999,99302.12408499999
2026-04-01,296004.9055815,-132380.342123,-66847.76651,96776.79694849996,92748.98656049996
2026-05-01,291181.84993799997,-130262.463611,-66573.09339,94346.29293699999,94346.29293699999
2026-06-01,286540.6660065,-128224.447843,-66312.63887,92003.57929350002,92003.57929350002
2026-07-01,282068.1608265,-126260.501475,-66065.27084,89742.38851149999,85714.57812349999
2026-08-01,277752.5384805,-124365.444817,-65829.98097,87557.11269349998,87557.11269349998
2026-09-01,273583.2142755,-122534.62991999999,-65605.868,85442.7163555,85442.7163555
2026-10-01,269550.6570765,-120763.871558,-65392.12364,83394.66187850002,79366.85149050002
2026-11-01,265646.2569615,-119049.388959,-65188.02061,81408.84739249997,81408.84739249997
2026-12-01,261862.212078,-117387.756172,-64992.90257,79481.55333600001,79481.55333600001
2027-01-01,258191.431947,-115775.85972799998,-64806.17552,77609.39669900003,74304.15694400003
2027-02-01,254627.45514900002,-114210.862287,-64627.30037,75789.29249200002,75789.29249200002
2027-03-01,251164.3776435,-112690.17127199999,-64455.78665,74018.41972149999,74018.41972149999
2027-04-01,247796.7913395,-111211.41192099999,-64291.18696,72294.19245850001,68988.9527035
2027-05-01,244519.7303925,-109772.403673,-64133.0923,70614.23441950002,70614.23441950002
2027-06-01,241328.6248455,-108371.13976399999,-63981.1279,68976.3571815,68976.3571815
2027-07-01,238219.259625,-107005.76931599999,-63834.94962,67378.54068900002,64073.30093400001
2027-08-01,235187.7391215,-105674.581666,-63694.2408,65818.9166555,65818.9166555
2027-09-01,232230.4555185,-104375.992586,-63558.70951,64295.75342250001,64295.75342250001
2027-10-01,229344.0610995,-103108.532068,-63428.08611,62807.44292149999,59502.20316649999
2027-11-01,226525.444074,-101870.83364299999,-63302.12106,61352.48937100001,61352.48937100001
2027-12-01,223771.70646900003,-100661.62477299999,-63180.58308,59929.49861600004,59929.49861600004
2028-01-01,221080.14500400002,-99479.718432,-63063.25743,58537.16914200003,55966.06099100003
2028-02-01,218448.233955,-98324.00545899999,-62949.94437,57174.28412600001,57174.28412600001
2028-03-01,215873.60939549998,-97193.447934,-62840.45791,55839.70355149999,55839.70355149999
2028-04-01,213354.0560385,-96087.072984,-62734.62451,54532.35854450001,51961.25039350001
2028-05-01,210887.4942315,-95003.967479,-62632.28209,53251.244662499994,53251.244662499994
2028-06-01,208471.969476,-93943.273103,-62533.27902,51995.417353,51995.417353
2028-07-01,206105.64179400002,-92904.181954,-62437.47326,50763.986580000026,48192.878429000026
2028-08-01,203786.7772365,-91885.93257599999,-62344.7316,49556.11306050001,49556.11306050001
2028-09-01,201513.7393155,-90887.80639999999,-62254.92894,48371.0039755,48371.0039755
2028-10-01,199284.981966,-89909.124495,-62167.94766,47207.909811,44636.80166
2028-11-01,107493.9293295,-49602.2505267,-35619.76736,22271.911442799996,22271.911442799996
2028-12-01,106462.5148665,-49149.340447899995,-35596.30395,21716.870468600006,21716.870468600006
2029-01-01,105457.3923825,-48707.9755663,-35574.625400000004,21174.791416199987,19918.802442199987
2029-02-01,104477.486823,-48277.6838818,-36194.647710000005,20005.15523119999,20005.15523119999
2029-03-01,103521.7834155,-47858.0196839,-36176.291840000005,19487.4718916,19487.4718916
2029-04-01,102589.3227735,-47448.56177829999,-36159.48334,18981.277655200007,17725.288681200007
2029-05-01,101679.19776000001,-47048.9117648,-36144.15206,18486.133935200007,18486.133935200007
2029-06-01,100790.5493565,-46658.6924672,-36130.23178,18001.625109300003,18001.625109300003
2029-07-01,99922.563756,-46277.546524699996,-36117.66,17527.357231300004,16271.368257300004
2029-08-01,99074.469303,-45905.1351157,-36106.37767,17062.9565173,17062.9565173
2029-09-01,98245.53373950001,-45541.1366613,-36096.32893,16608.068148200007,16608.068148200007
2029-10-01,97435.061604,-45185.2457915,-36087.460940000004,16162.3548725,14906.3658985
2029-11-01,96642.392013,-44837.1722919,-36079.72364,15725.496081100006,15725.496081100006
2029-12-01,95866.896366,-44496.6401415,-36073.0696,15297.186624499998,15297.186624499998
2030-01-01,95107.97650949999,-44163.38665090001,-36067.45384,14877.13601859998,13743.65485559998
2030-02-01,94365.0626715,-43837.1616725,-36062.833679999996,14465.067319000002,14465.067319000002
2030-03-01,93637.6119315,-43517.7267905,-36059.16857,14060.716570999997,14060.716570999997
2030-04-01,92925.106614,-43204.8546616,-36056.42001,13663.8319424,12530.3507794
2030-05-01,92227.0527585,-42898.3283673,-36054.55139,13274.173001199997,13274.173001199997
2030-06-01,91542.97858950001,-42597.9408252,-36053.52786,12891.509904300008,12891.509904300008
2030-07-01,90872.433675,-42303.494142899995,-36053.31629,12515.623242099995,11382.142079099995
2030-08-01,90214.9872435,-42014.7992303,-36053.885089999996,12146.302923200004,12146.302923200004
2030-09-01,89570.227419,-41731.6752136,-36055.20417,11783.348035400006,11783.348035400006
2030-10-01,88937.76007349999,-41453.9489898,-36057.24485,11426.566233699981,10293.08507069998
2030-11-01,88317.207756,-41181.4548507,-36059.979770000005,11075.773135299998,11075.773135299998
2030-12-01,87708.20900399999,-40914.034068299996,-36063.3828,10730.792135699994,10730.792135699994
2031-01-01,87110.41734900001,-40651.5344695,-36067.429019999996,10391.453859500012,9353.485252500011
2031-02-01,86523.500475,-40393.810172,-36072.09459,10057.595712999995,10057.595712999995
2031-03-01,85947.13968299999,-40140.7212199,-36077.35675,9729.061713099989,9729.061713099989
2031-04-01,85381.02904950001,-39892.133260099996,-36083.193719999996,9405.702069400017,8367.733462400016
2031-05-01,84824.874738,-39647.917298,-36089.58469,9087.372749999995,9087.372749999995
2031-06-01,84278.3946165,-39407.9493948,-36096.509699999995,8773.935521699997,8773.935521699997
2031-07-01,83741.3173395,-39172.1104435,-36103.94967,8465.257226000002,7427.288619000002
2031-08-01,83213.3821185,-38940.2858964,-36111.88633,8161.2098921,8161.2098921
2031-09-01,82694.33803350001,-38712.3655921,-36120.30216,7861.670281400009,7861.670281400009
2031-10-01,82183.94357399999,-38488.2434835,-36129.180349999995,7566.519740499993,6528.551133499993
2031-11-01,81681.9664095,-38267.8175156,-36138.504799999995,7275.6440939000095,7275.6440939000095
2031-12-01,81188.18247150001,-38050.989356,-36148.26005,6988.933065500016,6988.933065500016
2032-01-01,80702.3762595,-37837.6642895,-36158.43129,6706.2806800000035,5745.333027900004
2032-02-01,80224.339617,-37627.7510051,-36169.00426,6427.584351900005,6427.584351900005
2032-03-01,79753.8721905,-37421.1614801,-36179.96529,6152.745420399995,6152.745420399995
2032-04-01,79290.7806645,-37217.8107797,-36191.30124,5881.668644799996,4920.720992699997
2032-05-01,78834.878226,-37017.616980700004,-36202.99948,5614.261765299998,5614.261765299998
2032-06-01,78385.98494699999,-36820.5009848,-36215.047869999995,5350.436092199998,5350.436092199998
2032-07-01,77943.9268665,-36626.3864086,-36227.43473,5090.105727899994,4129.158075799995
2032-08-01,77508.53591400001,-36435.1994982,-36240.14884,4833.187575800002,4833.187575800002
2032-09-01,77079.649833,-36246.868965,-36253.179359999995,4579.601508000007,4579.601508000007
2032-10-01,76657.1116455,-36061.325913,-36266.5159,4329.269832500002,3368.322180400002
2032-11-01,76240.76973615,-35878.503722,-36280.148440000004,4082.1175741499974,4082.1175741499974
2032-12-01,75830.477355,-35698.3379795,-36294.06732,3838.0720554999934,3838.0720554999934
2033-01-01,75426.0925563,-35520.7663394,-36308.26323,3597.0629869000113,2699.8423901000115
2033-02-01,75027.4779537,-35345.7284984,-36322.72722,3359.022235299999,3359.022235299999
2033-03-01,74634.50058255,-35173.1660391,-36337.450639999995,3123.883903450005,3123.883903450005
2033-04-01,74247.03166275,-35003.0224369,-36352.425149999995,2891.5840758500053,1994.3634790500055
2033-05-01,73864.9464687,-34835.2429042,-36367.64271,2662.0608544999996,2662.0608544999996
2033-06-01,73488.12415335,-34669.7743814,-36383.09558,2435.25419195,2435.25419195
2033-07-01,73116.44760284999,-34506.5654459,-36398.776249999995,2211.105906949997,1313.8853101499972
2033-08-01,72749.80326825,-34345.5662364,-36414.67751,1989.559521850002,1989.559521850002
2033-09-01,72388.08106605,-34186.7284133,-36430.792369999996,1770.5602827500043,1770.5602827500043
2033-10-01,72031.17421755,-34030.0050815,-36447.1141,1554.0550360499983,656.8344392499984
2033-11-01,71678.9791188,-33875.3507542,-36463.636190000005,1339.992174599989,1339.992174599989
2033-12-01,71331.39524115,-33722.721282700004,-36480.35233,1128.3216284500013,1128.3216284500013
2034-01-01,70988.3250012,-33572.0738323,-36497.256460000004,918.9947089000052,75.58159790000525
2034-02-01,70649.67366135,-33423.3667771,-36514.3427,711.9641842499987,711.9641842499987
2034-03-01,70315.34919975,-33276.559721900005,-36531.60536,507.184117849989,507.184117849989
2034-04-01,69985.26225675001,-33131.6134323,-36549.03894,304.6098844500084,-538.8032265499916
2034-05-01,69659.32598955,-32988.4897574,-36566.63812,104.19811214999208,104.19811214999208
2034-06-01,69337.45601865,-32847.1516691,-36584.397769999996,-94.09342044999357,-94.09342044999357
2034-07-01,69019.57030545,-32707.563125599998,-36602.312900000004,-290.3057201499978,-1133.7188311499976
2034-08-01,68705.589114,-32569.6891151,-36620.37869,-484.4786910999974,-484.4786910999974
2034-09-01,68395.43488095,-32433.4955853,-36638.59048,-676.6511843500048,-676.6511843500048
2034-10-01,68089.0321773,-32298.949402800004,-36656.94375,-866.8609754999998,-1710.2740864999996
2034-11-01,67786.3076013,-32166.0183527,-36675.434120000005,-1055.1448714000144,-1055.1448714000144
2034-12-01,67487.18974785,-32034.671070499997,-36694.05735,-1241.53867265,-1241.53867265
2035-01-01,67191.6091167,-31904.8770364,-36712.809330000004,-1426.077249700007,-2223.306552100007
2035-02-01,66899.49803595,-31776.606533100003,-36731.6861,-1608.794597149994,-1608.794597149994
2035-03-01,66610.7906238,-31649.8306273,-36750.68378,-1789.723783500005,-1789.723783500005
2035-04-01,66325.42272735,-31524.521157500003,-36769.798630000005,-1968.897060150004,-2766.126362550004
2035-05-01,66043.3318461,-31400.6506826,-36789.02704,-2146.345876499996,-2146.345876499996
2035-06-01,65764.4570937,-31278.192464699998,-36808.36549,-2322.100860999999,-2322.100860999999
2035-07-01,65488.73915205,-31157.120433599997,-36827.81056,-2496.1918415499968,-3293.421143949997
2035-08-01,65216.12018715,-31037.4092209,-36847.35895,-2668.647983750001,-2668.647983750001
2035-09-01,64946.5438338,-30919.0340741,-36867.007450000005,-2839.497690300006,-2839.497690300006
2035-10-01,64679.95515735,-30801.9708489,-36886.75294,-3008.768631549996,-3805.997933949996
2035-11-01,64416.30055425,-30686.1960228,-36906.5924,-3176.4878685499934,-3176.4878685499934
2035-12-01,64155.527767349995,-30571.6866546,-36926.522899999996,-3342.681787249996,-3342.681787249996
2036-01-01,63897.58581705,-30458.4203425,-36946.541580000005,-3507.3761054500064,-4264.777079050006
2036-02-01,63642.424963050005,-30346.375255599996,-36966.645690000005,-3670.595982549996,-3670.595982549996
2036-03-01,63389.99667375,-30235.530082100002,-36986.83253,-3832.3659383500053,-3832.3659383500053
2036-04-01,63140.25356505,-30125.864011600002,-37007.09951,-3992.709956550003,-4750.110930150003
2036-05-01,62893.1494233,-30017.356755,-37027.44408,-4151.651411700004,-4151.651411700004
2036-06-01,62549.5127238,-29866.4605523,-37013.13658,-4330.084408499999,-4330.084408499999
2036-07-01,62359.407653400005,-29782.982472,-37051.71598,-4475.2907985999955,-5232.691772199995
2036-08-01,62169.88093065,-29699.7583534,-37089.85866,-4619.7360827500015,-4619.7360827500015
2036-09-01,61980.930811349994,-29616.787424500002,-37127.56692,-4763.423533150006,-4763.423533150006
2036-10-01,61792.555536,-29534.068921399998,-37164.843049999996,-4906.356435399994,-5663.7574089999935
2036-11-01,61604.7533451,-29451.602063100003,-37201.68934,-5048.538058000002,-5048.538058000002
2036-12-01,61417.52249445,-29369.3860967,-37238.108049999995,-5189.971652249995,-5189.971652249995
2037-01-01,61230.86125515,-29287.4202514,-37274.10145,-5330.660446250004,-6057.6417539500035
2037-02-01,61044.767883,-29205.7037684,-37309.671780000004,-5470.607665400003,-5470.607665400003
2037-03-01,60859.24064910001,-29124.235886899998,-37344.82129,-5609.816527799991,-5609.816527799991
2037-04-01,60674.2778322,-29043.0158481,-37379.5522,-5748.290215899997,-6475.271523599997
2037-05-01,60489.877718699994,-28962.0428952,-37413.86675,-5886.031926500007,-5886.031926500007
2037-06-01,60306.0385797,-28881.3162896,-37447.76715,-6023.044859900001,-6023.044859900001
2037-07-01,60122.758724549996,-28800.8352546,-37481.25558,-6159.33211005,-6886.31341775
2037-08-01,59940.03643965,-28720.599074399997,-37514.33426,-6294.89689475,-6294.89689475
2037-09-01,59757.8700267,-28640.6069736,-37547.005359999996,-6429.742306899992,-6429.742306899992
2037-10-01,59576.2578027,-28560.858226599998,-37579.271049999996,-6563.871473899995,-7290.852781599995
2037-11-01,59395.1980617,-28481.3520996,-37611.13351,-6697.2875478999995,-6697.2875478999995
2037-12-01,59214.68914365,-28402.0878303,-37642.594880000004,-6829.993566650002,-6829.993566650002
2038-01-01,59034.729357899996,-28323.0646932,-37673.657309999995,-6961.992645300001,-7661.059982300001
2038-02-01,58855.3170291,-28244.281968600004,-37704.32294,-7093.287879500003,-7093.287879500003
2038-03-01,58676.4504972,-28165.7389033,-37734.5939,-7223.8823061,-7223.8823061
2038-04-01,58498.128102149996,-28087.4347668,-37764.472290000005,-7353.77895465001,-8052.84629165001
2038-05-01,58320.34817625,-28009.368849600003,-37793.96024,-7482.980913350002,-7482.980913350002
2038-06-01,58143.1090824,-27931.5404205,-37823.05984,-7611.491178100005,-7611.491178100005
2038-07-01,57966.40916055001,-27853.9487421,-37851.77319,-7739.312771549994,-8438.380108549994
2038-08-01,57790.24678125,-27776.5931051,-37880.10235,-7866.448673849998,-7866.448673849998
2038-09-01,57614.6202921,-27699.4728023,-37908.04941,-7992.901920199998,-7992.901920199998
2038-10-01,57439.528078949996,-27622.5870953,-37935.61642,-8118.675436350004,-8817.742773350004
2038-11-01,57264.96849705,-27545.935279,-37962.80545,-8243.772231949999,-8243.772231949999
2038-12-01,57090.9399399,-27469.516638200002,-37989.61853,-8368.1952283,-8368.1952283
2039-01-01,56917.44077805,-27393.3304657,-38016.057700000005,-8491.947387650009,-9164.11243325001
2039-02-01,56744.46941265,-27317.3760574,-38042.12499,-8615.031634749994,-8615.031634749994
2039-03-01,56572.0242219,-27241.6527002,-38067.82241,-8737.450888300002,-8737.450888300002
2039-04-01,56400.1036146,-27166.1597,-38093.15199,-8859.208075400002,-9531.373121000002
2039-05-01,56228.70598425,-27090.8963448,-38118.115699999995,-8980.306060549992,-8980.306060549992
2039-06-01,56057.8297473,-27015.861941400002,-38142.71556,-9100.7477541,-9100.7477541
2039-07-01,55887.47331255,-26941.0557891,-38166.95354,-9220.536016550002,-9892.701062150003
2039-08-01,55717.63509645,-26866.477197700002,-38190.83161,-9339.673711250001,-9339.673711250001
2039-09-01,55548.3135231,-26792.125465299996,-38214.35174,-9458.163682199996,-9458.163682199996
2039-10-01,55379.5070166,-26717.999913,-38237.515889999995,-9576.008786399994,-10248.173831999995
2039-11-01,55211.2140087,-26644.099842,-38260.326010000004,-9693.211843300003,-9693.211843300003
2039-12-01,55043.4329388,-26570.424573300003,-38282.784029999995,-9809.7756645,-9809.7756645
2040-01-01,54876.162246299995,-26496.9734202,-38304.89189,-9925.703063900004,-10571.936651300004
2040-02-01,54709.40037825,-26423.7457039,-38326.651509999996,-10040.996835649996,-10040.996835649996
2040-03-01,54543.1457817,-26350.740728400004,-38348.0648,-10155.659746700007,-10155.659746700007
2040-04-01,54377.396919,-26277.9578382,-38369.13368,-10269.6945992,-10915.9281866
2040-05-01,54212.1522372,-26205.396337500002,-38389.860029999996,-10383.104130299995,-10383.104130299995
2040-06-01,54047.4102216,-26133.0555616,-38410.24574,-10495.891079999994,-10495.891079999994
2040-07-01,53883.16931925,-26060.9348358,-38430.29271,-10608.058226549998,-11254.291813949998
2040-08-01,53719.42801545,-25989.033496400003,-38450.00279,-10719.60827095,-10719.60827095
2040-09-01,53556.1847955,-25917.350860900002,-38469.377850000004,-10830.543915400009,-10830.543915400009
2040-10-01,53393.438129400005,-25845.886276700003,-38488.419760000004,-10940.867907300002,-11587.101494700002
2040-11-01,53231.18651009999,-25774.6390812,-38507.13035,-11050.582921100005,-11050.582921100005
2040-12-01,53069.4284382,-25703.608604799996,-38525.51147,-11159.691636599997,-11159.691636599997
2041-01-01,52908.162399,-25632.7941851,-38543.56495,-11268.196736099999,-11889.429843499998
2041-02-01,52747.386900749996,-25562.1951715,-38561.292610000004,-11376.100880750007,-11376.100880750007
2041-03-01,52587.100444050004,-25491.8109066,-38578.69627,-11483.406732549996,-11483.406732549996
2041-04-01,52427.30155245,-25421.640729900002,-38595.77773,-11590.116907450003,-12211.350014850002
2041-05-01,52267.98872655,-25351.684003100003,-38612.53879,-11696.234066550001,-11696.234066550001
2041-06-01,52109.160497549994,-25281.9400688,-38628.98125,-11801.760821250002,-11801.760821250002
2041-07-01,51950.815381349996,-25212.4082696,-38645.106889999995,-11906.69977825,-12527.93288565
2041-08-01,51792.9519168,-25143.087979099997,-38660.917480000004,-12011.053542300004,-12011.053542300004
2041-09-01,51635.56862745,-25073.978540099997,-38676.414789999995,-12114.824702649996,-12114.824702649996
2041-10-01,51478.664059799994,-25005.079308200002,-38691.60058,-12218.015828400006,-12839.248935800006
2041-11-01,51322.236752699995,-24936.3896483,-38706.47661,-12320.629505600002,-12320.629505600002
2041-12-01,51166.285245,-24867.908925100004,-38721.04461,-12422.668290100002,-12422.668290100002
2042-01-01,51010.8080985,-24799.6365053,-38735.30632,-12524.134726800006,-13121.259303700006
2042-02-01,50855.803867350005,-24731.5717458,-38749.26348,-12625.031358449996,-12625.031358449996
2042-03-01,50701.27111335,-24663.7140135,-38762.917799999996,-12725.360700149999,-12725.360700149999
2042-04-01,50547.20839065,-24596.0626871,-38776.270990000005,-12825.125286450006,-13422.249863350005
2042-05-01,50393.614283999996,-24528.617133699998,-38789.32477,-12924.327619700001,-12924.327619700001
2042-06-01,50240.48734755,-24461.376722099998,-38802.08082,-13022.970194550002,-13022.970194550002
2042-07-01,50087.8261737,-24394.3408332,-38814.54084,-13121.055499500002,-13718.180076400002
2042-08-01,49935.62933955,-24327.508846,-38826.70652,-13218.586026449997,-13218.586026449997
2042-09-01,49783.895437499996,-24260.880141600002,-38838.57953,-13315.56423410001,-13315.56423410001
2042-10-01,49632.62304465,-24194.454079900002,-38850.16153,-13411.992565250002,-14009.117142150002
2042-11-01,49481.810768699994,-24128.230074900002,-38861.454190000004,-13507.873496200013,-13507.873496200013
2042-12-01,49331.45720205,-24062.2074958,-38872.459149999995,-13603.209443749998,-13603.209443749998
2043-01-01,49181.56094475,-23996.3857285,-38883.17808,-13698.002863749996,-14271.872457049996
2043-02-01,49032.12061215,-23930.764163300002,-38893.612590000004,-13792.256141150006,-13792.256141150006
2043-03-01,48883.13481195,-23865.342186299997,-38903.76434,-13885.971714349995,-13885.971714349995
2043-04-01,48734.60216715,-23800.1192016,-38913.63493,-13979.15196445,-14553.02155775
2043-05-01,48586.5212931,-23735.0945924,-38923.22598,-14071.799279300005,-14071.799279300005
2043-06-01,48438.890805150004,-23670.2677559,-38932.53911,-14163.916060749994,-14163.916060749994
2043-07-01,48291.70934925,-23605.6380973,-38941.57592,-14255.504668050005,-14829.374261350005
2043-08-01,48144.97554075,-23541.2050039,-38950.338,-14346.567463150004,-14346.567463150004
2043-09-01,47998.68803325,-23476.967891,-38958.826929999996,-14437.106787749995,-14437.106787749995
2043-10-01,47852.8454574,-23412.9261579,-38967.04431,-14527.1250105,-15100.9946038
2043-11-01,47707.44645915,-23349.0792109,-38974.9917,-14616.624451749998,-14616.624451749998
2043-12-01,47562.489699749996,-23285.426441400003,-38982.67066,-14705.60740165001,-14705.60740165001
2044-01-01,47417.973809849995,-23221.9672756,-38990.08277,-14794.076235750006,-15345.506365850006
2044-02-01,47273.89747365,-23158.701124100004,-38997.22956,-14882.033210450001,-14882.033210450001
2044-03-01,47130.25932945,-23095.6273883,-39004.1126,-14969.480658850003,-14969.480658850003
2044-04-01,46987.05806145001,-23032.7454975,-39010.7334,-15056.42083604999,-15607.85096614999
2044-05-01,46844.292330899996,-22970.0548532,-39017.093519999995,-15142.856042299998,-15142.856042299998
2044-06-01,46701.96081434999,-22907.554878,-39023.19446,-15228.788523650004,-15228.788523650004
2044-07-01,46560.0621807,-22845.2449823,-39029.03775,-15314.220551600003,-15865.650681700003
2044-08-01,46418.59512945,-22783.124609699997,-39034.62491,-15399.154390249998,-15399.154390249998
2044-09-01,46277.558329499996,-22721.1931647,-39039.95742,-15483.592255200001,-15483.592255200001
2044-10-01,46136.950488,-22659.450079,-39045.0368,-15567.536390999998,-16118.966521099997
2044-11-01,45996.770281499994,-22597.894779,-39049.86452,-15650.989017500007,-15650.989017500007
2044-12-01,45857.01641715,-22536.5266975,-39054.44208,-15733.952360350002,-15733.952360350002
2045-01-01,45717.68759445,-22475.3452501,-39058.77096,-15816.428615650002,-16346.196828050002
2045-02-01,45578.782528200005,-22414.3498734,-39062.85261,-15898.419955199995,-15898.419955199995
2045-03-01,45440.2999179,-22353.5400142,-39066.68851,-15979.928606299996,-15979.928606299996
2045-04-01,45302.23847835,-22292.915097099998,-39070.280119999996,-16060.956738749992,-16590.72495114999
2045-05-01,45164.59692435,-22232.474560900002,-39073.628880000004,-16141.506516550005,-16141.506516550005
2045-06-01,45027.37399365,-22172.2178444,-39076.736229999995,-16221.580080749995,-16221.580080749995
2045-07-01,44890.5683934,-22112.1443832,-39079.60362,-16301.179609800005,-16830.947822200003
2045-08-01,44754.178861349996,-22052.2536274,-39082.23248,-16380.307246050004,-16380.307246050004
2045-09-01,44618.204135249995,-21992.545016500004,-39084.62423,-16458.96511125001,-16458.96511125001
2045-10-01,44482.6429452,-21933.018000599997,-39086.780289999995,-16537.15534539999,-17066.92355779999
2045-11-01,44347.4940366,-21873.6720194,-39088.702059999996,-16614.880042799996,-16614.880042799996
2045-12-01,44212.756147199994,-21814.506522900003,-39090.390960000004,-16692.141335700013,-16692.141335700013
2046-01-01,44078.42803005,-21755.520963,-39091.84839,-16768.941322949995,-17277.786804749994
2046-02-01,43944.5084382,-21696.714801600003,-39093.07573,-16845.2820934,-16845.2820934
2046-03-01,43810.99613235,-21638.087469600003,-39094.07437,-16921.165707250002,-16921.165707250002
2046-04-01,43677.88986555,-21579.638452,-39094.845700000005,-16996.594286450003,-17505.439768250002
2046-05-01,43545.18840615,-21521.3671789,-39095.39108,-17071.56985275,-17071.56985275
2046-06-01,43412.8905225,-21463.2731272,-39095.71188,-17146.094484700003,-17146.094484700003
2046-07-01,43280.99498295,-21405.355748100003,-39095.809460000004,-17220.17022515001,-17729.01570695001
2046-08-01,43149.50055585,-21347.614508399998,-39095.685190000004,-17293.799142550004,-17293.799142550004
2046-09-01,43018.406032499995,-21290.0488714,-39095.3404,-17366.983238900004,-17366.983238900004
2046-10-01,42887.7101889,-21232.6583031,-39094.77644,-17439.724554200006,-17948.570036000005
2046-11-01,42757.411816349995,-21175.4422697,-39093.994640000004,-17512.02509335001,-17512.02509335001
2046-12-01,42627.50970615,-21118.4002372,-39092.99634,-17583.88687105,-17583.88687105
2047-01-01,42498.00264195,-21061.5316739,-39091.78286,-17655.31189195,-18143.934481350003
2047-02-01,42368.889422700006,-21004.836066,-39090.35552,-17726.30216329999,-17726.30216329999
2047-03-01,42240.168855,-20948.3128707,-39088.71562,-17796.8596357,-17796.8596357
2047-04-01,42111.83974545,-20891.961567100003,-39086.864480000004,-17866.986301650006,-18355.608891050008
2047-05-01,41983.90090065,-20835.7816345,-39084.803400000004,-17936.684133850005,-17936.684133850005
2047-06-01,41856.351127199996,-20779.7725513,-39082.53366,-18005.955084100005,-18005.955084100005
2047-07-01,41729.189247,-20723.9337977,-39080.05657,-18074.801120699998,-18563.4237101
2047-08-01,41602.4140743,-20668.264852900003,-39077.37339,-18143.2241686,-18143.2241686
2047-09-01,41476.024431,-20612.765209399997,-39074.48541,-18211.2261884,-18211.2261884
2047-10-01,41350.0191543,-20557.4343355,-39071.393899999995,-18278.809081199997,-18767.4316706
2047-11-01,41224.397066100006,-20502.2717256,-39068.10011,-18345.974769499993,-18345.974769499993
2047-12-01,41099.15699595,-20447.27687,-39064.60532,-18412.725194050006,-18412.725194050006
2048-01-01,40974.2977887,-20392.4492611,-39060.91077,-18479.0622424,-18948.1205618
2048-02-01,40849.81828155,-20337.788381500002,-39057.01771,-18544.987809950006,-18544.987809950006
2048-03-01,40725.717311700006,-20283.2937254,-39052.92738,-18610.503793699994,-18610.503793699994
2048-04-01,40601.9937393,-20228.9647865,-39048.641019999995,-18675.612067199996,-19144.670386599995
2048-05-01,40478.646416849995,-20174.8010593,-39044.15985,-18740.31449245,-18740.31449245
2048-06-01,40355.67418155,-20120.8020471,-39039.48511,-18804.612975550004,-18804.612975550004
2048-07-01,40233.07590885,-20066.967245599997,-39034.618,-18868.50933675,-19337.56765615
2048-08-01,40110.8504589,-20013.296151299997,-39029.55975,-18932.005442399997,-18932.005442399997
2048-09-01,39988.9966842,-19959.7882687,-39024.311570000005,-18995.103154500004,-18995.103154500004
2048-10-01,39867.5134602,-19906.4431045,-39018.87464,-19057.804284299997,-19526.862603699996
2048-11-01,39746.399662350006,-19853.2601663,-39013.25017,-19120.110673949992,-19120.110673949992
2048-12-01,39625.6541661,-19800.2389417,-39007.439360000004,-19182.024135600004,-19182.024135600004
2049-01-01,39505.2758469,-19747.378956300003,-39001.44338,-19243.546489400003,-19693.654755600004
2049-02-01,39385.26358784999,-19694.6797109,-38995.26341,-19304.679533050006,-19304.679533050006
2049-03-01,39265.61627205,-19642.140722,-38988.90064,-19365.42508995,-19365.42508995
2049-04-01,39146.3327979,-19589.7615005,-38982.35622,-19425.7849226,-19875.8931888
2049-05-01,39027.412048499995,-19537.541554,-38975.63132,-19485.760825500005,-19485.760825500005
2049-06-01,38908.85292225,-19485.4804032,-38968.72711,-19545.35459095,-19545.35459095
2049-07-01,38790.65431755,-19433.577568,-38961.64473,-19604.567980450003,-20054.676246650004
2049-08-01,38672.81514045,-19381.832560199997,-38954.385330000005,-19663.40274975,-19663.40274975
2049-09-01,38555.334297,-19330.2448995,-38946.95005,-19721.8606525,-19721.8606525
2049-10-01,38438.210693249996,-19278.8141087,-38939.34002,-19779.943435450008,-20230.05170165001
2049-11-01,38321.4432429,-19227.539709700002,-38931.55639,-19837.6528568,-19837.6528568
2049-12-01,38205.030859649996,-19176.4212233,-38923.60028,-19894.990643650002,-19894.990643650002
2050-01-01,38088.972464850005,-19125.458184500003,-38915.4728,-19951.95851965,-20383.681269250003
2050-02-01,37973.26697985,-19074.650116099998,-38907.17508,-20008.55821625,-20008.55821625
2050-03-01,37857.91333365,-19023.99654,-38898.70821,-20064.791416349995,-20064.791416349995
2050-04-01,37742.91045525,-18973.4969922,-38890.073319999996,-20120.659856949995,-20552.382606549996
2050-05-01,37628.25727365,-18923.1510066,-38881.2715,-20176.165232950003,-20176.165232950003
2050-06-01,37513.9527255,-18872.9581072,-38872.30384,-20231.3092217,-20231.3092217
2050-07-01,37399.995755100004,-18822.9178309,-38863.17143,-20286.0935058,-20717.8162554
2050-08-01,37286.38529145,-18773.0297229,-38853.87536,-20340.519791449995,-20340.519791449995
2050-09-01,37173.12029415,-18723.293309,-38844.416710000005,-20394.589724850004,-20394.589724850004
2050-10-01,37060.19969985,-18673.7081254,-38834.79655,-20448.304975549996,-20880.027725149997
2050-11-01,36947.62246815,-18624.273720099998,-38825.015960000004,-20501.66721195,-20501.66721195
2050-12-01,36835.38755865,-18574.9896192,-38815.07599,-20554.67805055,-20554.67805055
2051-01-01,36723.49391565,-18525.855391800003,-38804.97771,-20607.339186150006,-21021.182534050007
2051-02-01,36611.9405064,-18476.8705649,-38794.722160000005,-20659.652218500003,-20659.652218500003
2051-03-01,36500.72629815,-18428.034677800002,-38784.31041,-20711.618789649998,-20711.618789649998
2051-04-01,36389.8502505,-18379.3472896,-38773.74349,-20763.2405291,-21177.083877
2051-05-01,36279.311346,-18330.8079394,-38763.022450000004,-20814.519043400003,-20814.519043400003
2051-06-01,36169.1085519,-18282.4161865,-38752.14832,-20865.455954600002,-20865.455954600002
2051-07-01,36059.2408431,-18234.171572,-38741.12213,-20916.052858900002,-21329.896206800004
2051-08-01,35949.7072098,-18186.073655199998,-38729.9449,-20966.3113454,-20966.3113454
2051-09-01,35840.50661925,-18138.1219883,-38718.61766,-21016.233029050003,-21016.233029050003
2051-10-01,35731.6380693,-18090.3161215,-38707.14141,-21065.819462199994,-21479.662810099995
2051-11-01,35623.10055015,-18042.6556082,-38695.517179999995,-21115.072238049997,-21115.072238049997
2051-12-01,35514.89304435,-17995.140018600003,-38683.74597,-21163.992944250007,-21163.992944250007
2052-01-01,35407.014557400005,-17947.768905999998,-38671.828779999996,-21212.58312859999,-21608.979890799987
2052-02-01,35299.46408715,-17900.5418238,-38659.7666,-21260.84433665,-21260.84433665
2052-03-01,35192.2406238,-17853.458335299998,-38647.56042,-21308.778131500003,-21308.778131500003
2052-04-01,35085.34318815,-17806.5180128,-38635.21125,-21356.38607465,-21752.782836849998
2052-05-01,34978.77077805,-17759.7204228,-38622.72004,-21403.669684750002,-21403.669684750002
2052-06-01,34872.52240665,-17713.0651077,-38610.087790000005,-21450.630491050004,-21450.630491050004
2052-07-01,34766.5970871,-17666.5516618,-38597.31547,-21497.2700447,-21893.6668069
2052-08-01,34660.993832550004,-17620.1796326,-38584.40405,-21543.589850049993,-21543.589850049993
2052-09-01,34555.71167145,-17573.9486045,-38571.35448,-21589.591413050002,-21589.591413050002
2052-10-01,34450.74961695,-17527.858142999998,-38558.16773,-21635.276256049998,-22031.673018249996
2052-11-01,34346.10670515,-17481.907815500002,-38544.84476,-21680.645870350003,-21680.645870350003
2052-12-01,34241.78195685,-17436.0972087,-38531.38651,-21725.70176185,-21725.70176185
2053-01-01,34137.77440815,-17390.425877899997,-38517.79392,-21770.445389749995,-22149.728469649996
2053-02-01,34034.08309515,-17344.8934128,-38504.06795,-21814.878267649994,-21814.878267649994
2053-03-01,33930.7070463,-17299.4993898,-38490.20953,-21859.0018735,-21859.0018735
2053-04-01,33827.64530535,-17254.243377500003,-38476.219580000004,-21902.817652150006,-22282.100732050007
2053-05-01,33724.8969237,-17209.1249755,-38462.09904,-21946.3270918,-21946.3270918
2053-06-01,33622.46093745,-17164.143741400003,-38447.84883,-21989.531633950006,-21989.531633950006
2053-07-01,33520.33640565,-17119.2992849,-38433.46987,-22032.43274925,-22411.71582915
2053-08-01,33418.52237205,-17074.5911555,-38418.96308,-22075.03186345,-22075.03186345
2053-09-01,33317.0178957,-17030.0189749,-38404.32936,-22117.3304392,-22117.3304392
2053-10-01,33215.822028,-16985.5823007,-38389.56961,-22159.329882699996,-22538.612962599997
2053-11-01,33114.9338433,-16941.2807357,-38374.68475,-22201.031642399998,-22201.031642399998
2053-12-01,33014.352393,-16897.1138615,-38359.67567,-22242.437138499998,-22242.437138499998
2054-01-01,32914.076751450004,-16853.0812678,-38344.54326,-22283.547776349995,-22645.898693049996
2054-02-01,32814.105977700005,-16809.1825574,-38329.288400000005,-22324.3649797,-22324.3649797
2054-03-01,32714.439153749998,-16765.417303000002,-38313.91199,-22364.890139250005,-22364.890139250005
2054-04-01,32615.07535395,-16721.7851264,-38298.41491,-22405.124682449998,-22767.47559915
2054-05-01,32516.013652650003,-16678.2855903,-38282.79802,-22445.06995765,-22445.06995765
2054-06-01,32417.253124199997,-16634.9183196,-38267.062210000004,-22484.727405400008,-22484.727405400008
2054-07-01,32318.7928659,-16591.682886000002,-38251.20833,-22524.098350100005,-22886.449266800006
2054-08-01,32220.63195975,-16548.5789154,-38235.23726,-22563.184215650002,-22563.184215650002
2054-09-01,32122.76948775,-16505.6059805,-38219.14984,-22601.98633275,-22601.98633275
2054-10-01,32025.2045472,-16462.7637063,-38202.94694,-22640.506099100003,-23002.857015800004
2054-11-01,31927.93622775,-16420.051680700002,-38186.62941,-22678.744862950003,-22678.744862950003
2054-12-01,31830.96363435,-16377.4695115,-38170.198090000005,-22716.703967150006,-22716.703967150006
2055-01-01,31734.285856649996,-16335.016803499999,-38153.653829999996,-22754.384776849998,-23099.72160405
2055-02-01,31637.9020149,-16292.6931609,-38136.99746,-22791.788606000002,-22791.788606000002
2055-03-01,31541.81119875,-16250.4981933,-38120.22982,-22828.91681455,-22828.91681455
2055-04-01,31446.012513150003,-16208.4315089,-38103.35174,-22865.770735749997,-23211.107562949997
2055-05-01,31350.505085999997,-16166.4927166,-38086.36404,-22902.3516706,-22902.3516706
2055-06-01,31255.28802225,-16124.6814263,-38069.267550000004,-22938.660954050007,-22938.660954050007
2055-07-01,31160.3604345,-16082.997252000001,-38052.063089999996,-22974.6999075,-23320.0367347
2055-08-01,31065.721443,-16041.4398048,-38034.75146,-23010.4698218,-23010.4698218
2055-09-01,30971.37017565,-16000.0087007,-38017.333490000005,-23045.972015050003,-23045.972015050003
2055-10-01,30877.305752700002,-15958.703554700001,-37999.809980000005,-23081.207782000005,-23426.544609200006
2055-11-01,30783.52730205,-15917.523982899998,-37982.18172,-23116.17840085,-23116.17840085
2055-12-01,30690.0339516,-15876.469604399997,-37964.44953,-23150.885182799997,-23150.885182799997
2056-01-01,30596.8248369,-15835.5400361,-37946.614180000004,-23185.329379200004,-23513.012257400005
2056-02-01,30503.89908585,-15794.734899300001,-37928.676479999995,-23219.512293449996,-23219.512293449996
2056-03-01,30411.2558493,-15754.053816000001,-37910.637220000004,-23253.435186700008,-23253.435186700008
2056-04-01,30318.89425515,-15713.4964094,-37892.49716,-23287.09931425,-23614.782192450002
2056-05-01,30226.8134466,-15673.0623016,-37874.2571,-23320.505955,-23320.505955
2056-06-01,30135.012582149997,-15632.7511158,-37855.91781,-23353.65634365,-23353.65634365
2056-07-01,30043.490797349998,-15592.5624821,-37837.48006,-23386.551744750002,-23714.234622950004
2056-08-01,29952.24724305,-15552.496023799999,-37818.944619999995,-23419.193400749995,-23419.193400749995
2056-09-01,29861.28107775,-15512.551372,-37800.31225,-23451.58254425,-23451.58254425
2056-10-01,29770.59145995,-15472.728152900001,-37781.583719999995,-23483.720412949995,-23811.403291149996
2056-11-01,29680.1775405,-15433.026000799999,-37762.759770000004,-23515.6082303,-23515.6082303
2056-12-01,29590.038485549998,-15393.444543,-37743.84117,-23547.247227450003,-23547.247227450003
2057-01-01,29500.1734536,-15353.9834157,-37724.82867,-23578.638632100003,-23886.382229900002
2057-02-01,29410.58161845,-15314.6422511,-37705.723,-23609.783632649996,-23609.783632649996
2057-03-01,29321.262138600003,-15275.420684600002,-37686.52491,-23640.683456,-23640.683456
2057-04-01,29232.2141955,-15236.3183515,-37667.235140000004,-23671.339296000006,-23979.082893800005
2057-05-01,29143.4369553,-15197.334891100001,-37647.85442,-23701.752355800003,-23701.752355800003
2057-06-01,29054.92959945,-15158.4699386,-37628.38349,-23731.92382915,-23731.92382915
2057-07-01,28966.69130175,-15119.7231356,-37608.82307,-23761.85490385,-24069.598501649998
2057-08-01,28878.7212513,-15081.0941223,-37589.17388,-23791.546751,-23791.546751
2057-09-01,28791.018621900002,-15042.582539,-37569.43665,-23821.000567100004,-23821.000567100004
2057-10-01,28703.5826103,-15004.1880303,-37549.612089999995,-23850.217509999995,-24157.961107799994
2057-11-01,28616.41239795,-14965.910237399998,-37529.70092,-23879.198759450002,-23879.198759450002
2057-12-01,28529.50717395,-14927.748807900001,-37509.703850000005,-23907.945483950003,-23907.945483950003
2058-01-01,28442.8661427,-14889.7033861,-37489.62157,-23936.4588134,-23976.86025493
2058-02-01,28356.48848565,-14851.7736195,-37469.4548,-23964.73993385,-23964.73993385
2058-03-01,28270.37341485,-14813.9591556,-37449.20423,-23992.789970750004,-23992.789970750004
2058-04-01,28184.5201194,-14776.2596437,-37428.87057,-24020.6100943,-24061.01153583
2058-05-01,28098.92781135,-14738.6747355,-37408.454490000004,-24048.201414150004,-24048.201414150004
2058-06-01,28013.5956951,-14701.204080399999,-37387.95669,-24075.565075299997,-24075.565075299997
2058-07-01,27928.52297505,-14663.8473309,-37367.37786,-24102.70221585,-24143.10365738
2058-08-01,27843.70886325,-14626.6041406,-37346.71867,-24129.61394735,-24129.61394735
2058-09-01,27759.1525794,-14589.474164899999,-37325.979810000004,-24156.301395500002,-24156.301395500002
2058-10-01,27674.85333555,-14552.457059600001,-37305.16195,-24182.765674050002,-24223.167115580003
2058-11-01,27590.810343750003,-14515.552478000001,-37284.265759999995,-24209.007894249993,-24209.007894249993
2058-12-01,27507.022823699997,-14478.760081800001,-37263.29192,-24235.029178100005,-24235.029178100005
2059-01-01,27423.4900104,-5691.84718137,-37242.24108,-15510.598250969997,-15510.598250969997
2059-02-01,27340.2111159,-5681.8505920200005,-37221.1139,-15562.753376119996,-15562.753376119996
2059-03-01,27257.1853752,-5671.88438874,-37199.911049999995,-15614.610063539996,-15614.610063539996
2059-04-01,27174.412008,-5661.94848144,-37178.63319,-15666.16966344,-15666.16966344
2059-05-01,27091.8902646,-5652.04277706,-37157.28095,-15717.433462460001,-15717.433462460001
2059-06-01,27009.6193647,-5642.16718452,-37135.854999999996,-15768.402819819996,-15768.402819819996
