id,title,mimeType,size_bytes,modifiedTime,parentId,parent_title,local_dir
1yYmrXVAVeqmVnqTZhGO-T8oXw4COL82U,Datos - 79284.txt,text/plain,18362912,2018-06-04T21:42:39Z,1-UPYArMlR1TW4m5xg5NdSArwLoGF1jJ0,TEC-2_Pressure_Data_Flow_and_Build_2018,pressures/TEC-2_Pressure_Data_Flow_and_Build_2018
15w395q4f68ntO_McbUgcTq3zaK5x8RAp,REPORT TECOLUTLA 10-RPFF_REC_SENSORES (03-04-AGOSTO-2018).xlsx,application/vnd.openxmlformats-officedocument.spreadsheetml.sheet,17581906,2018-09-03T17:29:24Z,1-UPYArMlR1TW4m5xg5NdSArwLoGF1jJ0,TEC-2_Pressure_Data_Flow_and_Build_2018,pressures/TEC-2_Pressure_Data_Flow_and_Build_2018
1EdJ8tOM5QEtOPUHjPHucg_7Exj8G3v9k,REPORT TECOLUTLA 2.xlsx,application/vnd.openxmlformats-officedocument.spreadsheetml.sheet,9968484,2018-06-04T21:42:39Z,1-UPYArMlR1TW4m5xg5NdSArwLoGF1jJ0,TEC-2_Pressure_Data_Flow_and_Build_2018,pressures/TEC-2_Pressure_Data_Flow_and_Build_2018
1IF_ZFReO6XCrVfCsv5Pz2k--NZB8SI0o,PROGRAMA DE TERMINACIÓN TECOLUTLA-12DES VER1.0.pdf,application/pdf,1826395,2021-02-18T20:02:00Z,1050EwgEhR2nWTNRqZkpR9BEjylEwlPSd,Tecolutla-12DES,tec12_regulatory
1eMlvCy-DxgWmr4DNInsyMvBK2da9NqtU,Tecolutla-12DES Perforacion.pdf,application/pdf,5651649,2020-09-10T04:47:51Z,1050EwgEhR2nWTNRqZkpR9BEjylEwlPSd,Tecolutla-12DES,tec12_regulatory
1OKibAUwnsMsurgwqoHjJYyPncfi9fact,Tecolutla10 ReporteFinal V603-18.pdf,application/pdf,7675404,2018-10-09T21:05:23Z,1447LuczmcXdIO1qiT_NIZesLzmfSdC7L,Core,geology/Tecolutla-10 Core and Sample Descriptions/Core
1Xvks9NFussE2WnF2lfSn0-gUROBmkk47,Tecolutla10N1(3)PetrofBasicaV603-18 (1).xlsx,application/vnd.openxmlformats-officedocument.spreadsheetml.sheet,455635,2018-10-09T21:01:14Z,1447LuczmcXdIO1qiT_NIZesLzmfSdC7L,Core,geology/Tecolutla-10 Core and Sample Descriptions/Core
1Vg2ZEqPzgL4X7oSW5CjOM1s3g0E0A68n,Tecolutla10N1H1T1 2352-25 AL LB.jpg,image/jpeg,1591906,2018-06-14T21:05:49Z,1447LuczmcXdIO1qiT_NIZesLzmfSdC7L,Core,geology/Tecolutla-10 Core and Sample Descriptions/Core
1edEPekRKW0w-T-6Eq9cgsucsW4H2H2za,Tecolutla10N1H1T1 2352-25 AL LUV.jpg,image/jpeg,1509699,2018-06-14T21:05:49Z,1447LuczmcXdIO1qiT_NIZesLzmfSdC7L,Core,geology/Tecolutla-10 Core and Sample Descriptions/Core
1dfGuE9xIGle2XT3vIYszikdDJ9zAvg83,Tecolutla10N1H2T1 2352-70 AL LB.jpg,image/jpeg,1778494,2018-06-14T21:05:49Z,1447LuczmcXdIO1qiT_NIZesLzmfSdC7L,Core,geology/Tecolutla-10 Core and Sample Descriptions/Core
11LP7hd1gtITYU9sVt14DnxDlVMCThREt,Tecolutla10N1H2T1 2352-70 AL LUV.jpg,image/jpeg,1855955,2018-06-14T21:05:49Z,1447LuczmcXdIO1qiT_NIZesLzmfSdC7L,Core,geology/Tecolutla-10 Core and Sample Descriptions/Core
13smF0ytEf_uE3b4RarnC8LkoT3UNp3vi,Tecolutla10N1H3T1 2352-89 AL LB.jpg,image/jpeg,1653623,2018-06-14T21:05:52Z,1447LuczmcXdIO1qiT_NIZesLzmfSdC7L,Core,geology/Tecolutla-10 Core and Sample Descriptions/Core
1YUg7Mkraenwef8mFRrWjs8i5sHkO-G-4,Tecolutla10N1H3T1 2352-89 AL LUV.jpg,image/jpeg,1559653,2018-06-14T21:05:52Z,1447LuczmcXdIO1qiT_NIZesLzmfSdC7L,Core,geology/Tecolutla-10 Core and Sample Descriptions/Core
1R6987RGdPtox481Oe8ekDJ94G0lmMuMs,Tecolutla1N1Petrog1(6LD)2352.15-2352.83 V603-18 EngVr.pdf,application/pdf,2089963,2018-06-14T21:05:49Z,1447LuczmcXdIO1qiT_NIZesLzmfSdC7L,Core,geology/Tecolutla-10 Core and Sample Descriptions/Core
1aFsfmTm6zffHwFTWD8I3u7I6gqi85vqA,Tecolutla1N1Petrog1(6LD)2352.15-2352.83 V603-18.pdf,application/pdf,2111969,2018-06-14T21:05:49Z,1447LuczmcXdIO1qiT_NIZesLzmfSdC7L,Core,geology/Tecolutla-10 Core and Sample Descriptions/Core
1hsHIm4WHGiYDLjAnUGODIJGxKZcIv3Xu,Tonalli_SPA_reviewed_Legal Review_052226 TK comments.docx,application/vnd.openxmlformats-officedocument.wordprocessingml.document,135210,2026-05-25T16:33:32.845Z,16cOhyEGfJqgqLmViFeJq08-XnYkooZoV,,unsorted/16cOhyEGfJqgqLmViFeJq08-XnYkooZoV
1heo4wxeuT-AYNPaQqm89PTHDFIzC0-BH,FMI.pdf,application/pdf,13768341,2016-10-26T16:49:45Z,17eGWJGkFO6gBFF-LOhNsbdwyxrE8LZ5j,,unsorted/17eGWJGkFO6gBFF-LOhNsbdwyxrE8LZ5j
1qTYFN70GAQ-mWI0sEALq_s8MeN2wPkP7,2021-02-12 Tecolutla YE Reserve Report - Draft.pdf,application/pdf,1021940,2021-02-12T16:58:06Z,18Khse1aIWHA4vKMFN0-r_siVXhdLuHhV,,ye2020_reserves
1Na8SDOPwnGg0pfLCYP5EwO0QjMEyROjV,2021-02-17 Tecolutla YE Reserve Report - Draft (100 ).pdf,application/pdf,1016584,2021-02-18T04:50:38Z,18Khse1aIWHA4vKMFN0-r_siVXhdLuHhV,,ye2020_reserves
1G0dtw977yJTVRZvs1eHj0QBnKpEROcgm,2021-02-17 Tecolutla YE Reserve Report - Draft (50 ).pdf,application/pdf,1022422,2021-02-18T04:50:51Z,18Khse1aIWHA4vKMFN0-r_siVXhdLuHhV,,ye2020_reserves
1TTauC1LC_wTGc057f0TWJqPkLE6kuJn0,2021-02-19 Tecolutla YE Reserve Report - Draft (100 ) Price Sensitivity.pdf,application/pdf,1014783,2021-02-19T22:20:08Z,18Khse1aIWHA4vKMFN0-r_siVXhdLuHhV,,ye2020_reserves
13pIwZ8QEJPq1zoyVdgc4w5LyMGsDTMB-,2021-02-19 Tecolutla YE Reserve Report - Draft (100 ).pdf,application/pdf,1008662,2021-02-19T18:12:30Z,18Khse1aIWHA4vKMFN0-r_siVXhdLuHhV,,ye2020_reserves
1n6m8ZL6UnctU8IA8A_7sBBzNQ_aT1xfW,2021-02-19 Tecolutla YE Reserve Report - Draft (100 ).xlsx,application/vnd.openxmlformats-officedocument.spreadsheetml.sheet,3729354,2021-02-19T22:21:31Z,18Khse1aIWHA4vKMFN0-r_siVXhdLuHhV,,ye2020_reserves
1xoecTqGNBEp-kOYOYePdFlljjoxzXWj5,2021-02-19 Tecolutla YE Reserve Report - Draft (50 ) Price Sensitivity.pdf,application/pdf,1014392,2021-02-19T22:20:52Z,18Khse1aIWHA4vKMFN0-r_siVXhdLuHhV,,ye2020_reserves
1GL7aTbNWqCkur3Quv-8y7m7TiIH7moom,2021-02-19 Tecolutla Year End Reserve Report - Draft (50 ).pdf,application/pdf,1014388,2021-02-19T18:12:20Z,18Khse1aIWHA4vKMFN0-r_siVXhdLuHhV,,ye2020_reserves
1yPy-o10CkyLTPquQzF21ufk-29wu3IDf,December 31 2020 Form 51-101F1 DRAFT.docx,application/vnd.openxmlformats-officedocument.wordprocessingml.document,144432,2021-03-22T20:16:00Z,18Khse1aIWHA4vKMFN0-r_siVXhdLuHhV,,ye2020_reserves
1Wn64_JWFPgYgSZMjuIxjHez-DhgpUytb,December 31 2020 Form 51-101F1 FINAL.docx,application/vnd.openxmlformats-officedocument.wordprocessingml.document,146954,2021-03-23T19:45:55Z,18Khse1aIWHA4vKMFN0-r_siVXhdLuHhV,,ye2020_reserves
1qTRBG8SyM4BXwvgpaWzgJonorj7lbi8p,FP-5 GLJ (2021-01).xlsx,application/vnd.openxmlformats-officedocument.spreadsheetml.sheet,42711,2021-02-25T19:32:04Z,18Khse1aIWHA4vKMFN0-r_siVXhdLuHhV,,ye2020_reserves
1PPg7NXlnRohuM9FvN5PHSrr6u96RdrGI,Form 51-101F2 (1).pdf,application/pdf,283916,2021-04-19T21:17:51Z,18Khse1aIWHA4vKMFN0-r_siVXhdLuHhV,,ye2020_reserves
1_TB8kzx7qguUwRCJGrPy4jBz6X0-mJyB,Form 51-101F2 (conformed).pdf,application/pdf,335299,2021-04-19T21:17:57Z,18Khse1aIWHA4vKMFN0-r_siVXhdLuHhV,,ye2020_reserves
185DuR0aPpueukLSgYWQ3D56yCTC0NLEm,Form 51-101F2 printable.pdf,application/pdf,297276,2021-02-25T17:23:28Z,18Khse1aIWHA4vKMFN0-r_siVXhdLuHhV,,ye2020_reserves
1FukQmddXwdn4hwf3LXc37-TGnsKep4z6,Form 51-101F2.pdf,application/pdf,348080,2021-02-25T17:23:28Z,18Khse1aIWHA4vKMFN0-r_siVXhdLuHhV,,ye2020_reserves
1niuJ62UCWH4Z48Kh3rwloPLpaMXMfr53,GLJ 2021-02-17 Draft Export_kevin.xlsx,application/vnd.openxmlformats-officedocument.spreadsheetml.sheet,90301,2021-02-19T18:23:12Z,18Khse1aIWHA4vKMFN0-r_siVXhdLuHhV,,ye2020_reserves
1FzY9nRbKgg_wieylzRpUsyLrvwzbatsP,GLJ 2021-02-19 Draft Export_kevin.xlsx,application/vnd.openxmlformats-officedocument.spreadsheetml.sheet,104160,2021-02-19T22:21:35Z,18Khse1aIWHA4vKMFN0-r_siVXhdLuHhV,,ye2020_reserves
1TXnAomMCgB48VO7Sol6KOxwhiNR48XQI,Gross Oil Monthly Forecast by Well (Kevin).xlsx,application/vnd.openxmlformats-officedocument.spreadsheetml.sheet,203307,2021-03-18T18:01:48Z,18Khse1aIWHA4vKMFN0-r_siVXhdLuHhV,,ye2020_reserves
1jAl8-RV-N7WfvlqKe7tCVm4A7E5jj0xM,Gross Oil Monthly Forecast by Well.xlsx,application/vnd.openxmlformats-officedocument.spreadsheetml.sheet,156228,2021-02-26T20:11:17Z,18Khse1aIWHA4vKMFN0-r_siVXhdLuHhV,,ye2020_reserves
16dxQ5ZUoMy4GoTFKVTNCqJdmIAIldM0K,"IFR December 31, 2020 Managment Rep Letter (GLJ Consultants) MS SH (1).pdf",application/pdf,354955,2021-02-26T16:52:36Z,18Khse1aIWHA4vKMFN0-r_siVXhdLuHhV,,ye2020_reserves
1oyfkBktBuPNFZLEnhix0cIoNmPXApwKX,"IFR December 31, 2020 Managment Rep Letter (GLJ Consultants) MS SH.pdf",application/pdf,354955,2021-02-25T17:40:34Z,18Khse1aIWHA4vKMFN0-r_siVXhdLuHhV,,ye2020_reserves
1U39jg_hRWSMmjZhbMiDsf6G8ts6Hd3vO,International Frontier Dec 31 2019 AIF Final Draft.docx,application/vnd.openxmlformats-officedocument.wordprocessingml.document,175724,2021-03-16T16:19:22Z,18Khse1aIWHA4vKMFN0-r_siVXhdLuHhV,,ye2020_reserves
1PVGZlIAi7VUgLP9kqG5XsE57S6_OqgPm,International Frontier Dec 31 2020 AIF DRAFT.docx,application/vnd.openxmlformats-officedocument.wordprocessingml.document,218546,2021-03-18T22:36:15Z,18Khse1aIWHA4vKMFN0-r_siVXhdLuHhV,,ye2020_reserves
1wYTolKn9mZ4zIP52Vcy1kUsjw8YjEN_K,"NI 51-101 Working Copy - Dec 31, 2020.xlsx",application/vnd.openxmlformats-officedocument.spreadsheetml.sheet,101778,2022-04-06T18:57:15Z,18Khse1aIWHA4vKMFN0-r_siVXhdLuHhV,,ye2020_reserves
1aWaFSTnU9jatgRaa8Z8QwwxzsKBaSiZE,PROGRAMA DE PERFORACIÓN TECOLUTLA-12DES VER1.1.pdf,application/pdf,5607995,2021-04-07T22:57:19Z,18Khse1aIWHA4vKMFN0-r_siVXhdLuHhV,,ye2020_reserves
1iRvumVMCvp9_5HzNRGgJuoT-wDsfgkO5,Presentation1.pptx,application/vnd.openxmlformats-officedocument.presentationml.presentation,1055691,2021-02-25T16:59:22Z,18Khse1aIWHA4vKMFN0-r_siVXhdLuHhV,,ye2020_reserves
19Q1gKaqawh_OMv-kNvhsE_q-4ybe4JJq,Securities Tables.xlsx,application/vnd.openxmlformats-officedocument.spreadsheetml.sheet,22576,2021-02-25T19:31:54Z,18Khse1aIWHA4vKMFN0-r_siVXhdLuHhV,,ye2020_reserves
1JaY9tPAe0jRpeZUcAo-udZUDpsLccOCZ,TEC-12 Drilling & Completion Cost Estimate.xlsx,application/vnd.openxmlformats-officedocument.spreadsheetml.sheet,43581,2021-04-07T22:56:43Z,18Khse1aIWHA4vKMFN0-r_siVXhdLuHhV,,ye2020_reserves
19tTqV3GcNluf92mTeOJ7GI2LSsoRGSDu,Tec-12 Drill.pptx,application/vnd.openxmlformats-officedocument.presentationml.presentation,1987901,2021-02-12T17:25:56Z,18Khse1aIWHA4vKMFN0-r_siVXhdLuHhV,,ye2020_reserves
1lICyY42pTUT5X-lDgkDERvcCQjwKDmu9,Tecolutla Work Program - Tec-12 Drill.pdf,application/pdf,14487956,2021-02-18T15:39:06Z,18Khse1aIWHA4vKMFN0-r_siVXhdLuHhV,,ye2020_reserves
1EIJTJ4nyxBiHjsAkHSUp_rnYw7Ig57DF,Tonalli - Management Reservoir Engineer Questions 2020.docx,application/vnd.openxmlformats-officedocument.wordprocessingml.document,32247,2021-02-24T18:30:48Z,18Khse1aIWHA4vKMFN0-r_siVXhdLuHhV,,ye2020_reserves
1GVgDMB-qGh8LfE3dfzT4aMfBSGgxVgiA,Tonalli - Management Reservoir Engineer Questions 2020.pdf,application/pdf,182679,2021-02-24T18:31:54Z,18Khse1aIWHA4vKMFN0-r_siVXhdLuHhV,,ye2020_reserves
14zn5SCmd08aMt36jRAC7lBjCkllscz6c,YE 2020 Reserves (Tecolutla) - Corporate Summary Detail (Final).pdf,application/pdf,15925842,2021-04-19T20:55:36Z,18Khse1aIWHA4vKMFN0-r_siVXhdLuHhV,,ye2020_reserves
1WBQWnkzW3bG57vde9rfLHl8xojrkZrfR,YE 2020 Reserves (Tecolutla) - Corporate Summary.pdf,application/pdf,3907103,2021-04-19T20:55:59Z,18Khse1aIWHA4vKMFN0-r_siVXhdLuHhV,,ye2020_reserves
1KJpvJdFAyO1pFOzD_HWcjdKVW5YrQyUR,jan21.xlsx,application/vnd.openxmlformats-officedocument.spreadsheetml.sheet,58876,2021-03-03T19:17:06Z,18Khse1aIWHA4vKMFN0-r_siVXhdLuHhV,,ye2020_reserves
1j_mAhx4skd3M1grzi5J5wD6qGvLbt_ml,BLOQUE_TECOLUTLA_5_CALI_500_2559_25_07_1956.LAS,application/octet-stream,359562,2015-01-14T22:48:12Z,18iGLnsuJGHD_iyY-BJbHXUpnMqQUMOav,Tecolutla 5,geology/Tecolutla Well Logs/Tecolutla 5
1CsbmbWw1r12qIfGouTvI2Z0jEL5NLF1W,BLOQUE_TECOLUTLA_5_CALI_502_2558_25_07_1956.TIF,image/tiff,908311,2015-01-14T22:40:18Z,18iGLnsuJGHD_iyY-BJbHXUpnMqQUMOav,Tecolutla 5,geology/Tecolutla Well Logs/Tecolutla 5
1jr9JOqpHGxE4KBE4hb27zYLYnHCyozRx,BLOQUE_TECOLUTLA_5_EL_500_2558_26_07_1956.TIF,image/tiff,519466,2015-01-14T22:40:24Z,18iGLnsuJGHD_iyY-BJbHXUpnMqQUMOav,Tecolutla 5,geology/Tecolutla Well Logs/Tecolutla 5
144UfpBMR5X7Gaip8eC_fPEr8mzxTPgr5,BLOQUE_TECOLUTLA_5_GN_1500_2558_25_07_1956.TIF,image/tiff,1706095,2015-01-14T22:40:30Z,18iGLnsuJGHD_iyY-BJbHXUpnMqQUMOav,Tecolutla 5,geology/Tecolutla Well Logs/Tecolutla 5
1E6EYVSPHILUu4Ti6LnlNvu7z2iKrmPHx,BLOQUE_TECOLUTLA_5_GR_NEUT_1500_2559_25_07_1956.LAS,application/octet-stream,272629,2015-01-14T22:48:12Z,18iGLnsuJGHD_iyY-BJbHXUpnMqQUMOav,Tecolutla 5,geology/Tecolutla Well Logs/Tecolutla 5
15uybxnzDhjGghPuetTRvmvfJqXlh4iUr,BLOQUE_TECOLUTLA_5_SP_SN_LN_INV_500_2342_17_07_1956.LAS,application/octet-stream,758445,2015-01-14T22:48:12Z,18iGLnsuJGHD_iyY-BJbHXUpnMqQUMOav,Tecolutla 5,geology/Tecolutla Well Logs/Tecolutla 5
1Bykl_yfUIJdlu9Y9lDd7aSVK1Z5R-dA8,BLOQUE_TECOLUTLA_5__SP_SN_LN_INV_2275_2559_26_07_1956.LAS,application/octet-stream,124557,2015-01-14T22:48:12Z,18iGLnsuJGHD_iyY-BJbHXUpnMqQUMOav,Tecolutla 5,geology/Tecolutla Well Logs/Tecolutla 5
1bkJ_vM3PMuCNKNQY-qwve2tQwkpbqwvk,TECOLUTLA 10_CMI IMAGE DIPS_2487.00m-2280.5m_02MAY2018.las,application/octet-stream,22661,2018-05-09T21:11:33Z,1983QlWcFm20lfPCMzz6HDzG7YoSZnQ-u,TECOLUTLA 10 (JOB0000438839) (3),geology/tec10_image_log
172yPwdQYzLEosWsMBUZJ_-6CgHBcif96,TECOLUTLA 10_CMI IMAGE PREVIEW__2487.00m-2280.5m_02MAY2018.pdf,application/pdf,16780362,2018-05-09T21:11:33Z,1983QlWcFm20lfPCMzz6HDzG7YoSZnQ-u,TECOLUTLA 10 (JOB0000438839) (3),geology/tec10_image_log
1Dw5FIpVzycaNQR3yUMQuOs-k4JexVQQB,TECOLUTLA 10_CMI IMAGE PREVIEW__2487.00m-2280.5m_02MAY2018.tif,image/tiff,67420116,2018-05-09T21:11:08Z,1983QlWcFm20lfPCMzz6HDzG7YoSZnQ-u,TECOLUTLA 10 (JOB0000438839) (3),geology/tec10_image_log
1D7mMjHSlUag5YaOPX7U22qClNJ-Gpv37,TECOLUTLA 10_CMI INTERPRETED IMAGE__2487.00m-2280.5m_02MAY2018.pdf,application/pdf,14271318,2018-05-09T21:11:36Z,1983QlWcFm20lfPCMzz6HDzG7YoSZnQ-u,TECOLUTLA 10 (JOB0000438839) (3),geology/tec10_image_log
14h1lrnjHfp-MVt3ESOUi8pR6NmA6u-5c,TECOLUTLA 10_CMI INTERPRETED IMAGE__2487.00m-2280.5m_02MAY2018.tif,image/tiff,50222117,2018-05-09T21:11:35Z,1983QlWcFm20lfPCMzz6HDzG7YoSZnQ-u,TECOLUTLA 10 (JOB0000438839) (3),geology/tec10_image_log
1qVXhg5kIR3t7Qy99tJrjHbfkIkIHq3Q8,TECOLUTLA 10_CMI_IMAGE_PROCESSED_DATA_2487.00m-2280.5m_02MAY2018.dlis,application/octet-stream,620196020,2018-05-09T21:11:25Z,1983QlWcFm20lfPCMzz6HDzG7YoSZnQ-u,TECOLUTLA 10 (JOB0000438839) (3),geology/tec10_image_log
1QRdCQqsYSoEojf5j8B5Th1Dq5ZxcC04V,2022-04-08 responses to list of requirements.docx,application/vnd.openxmlformats-officedocument.wordprocessingml.document,21167,2022-04-08T17:09:44Z,19Fm-3SA5OC3d882LiW9hOQKlaYyt4_FL,,development_plan
1YfFjrmbaUqLlV0LlJhOJqJoXtLSvGFBS,2022-04-08 responses to list of requirements_Eduardo.docx,application/vnd.openxmlformats-officedocument.wordprocessingml.document,24971,2022-04-10T01:29:39Z,19Fm-3SA5OC3d882LiW9hOQKlaYyt4_FL,,development_plan
1ArbTDJf6EgzeM-mVsG2Ln5PO3mgHNRe1,2022_06_22_SeismicSections_TEC14-15.pptx,application/vnd.openxmlformats-officedocument.presentationml.presentation,13777528,2022-06-23T15:41:46Z,19Fm-3SA5OC3d882LiW9hOQKlaYyt4_FL,,development_plan
13ooMndHa2vJ-A4KZE_5689hvPSPAn5Zc,AR preventions English Translation WITH COMMENTS .docx,application/vnd.openxmlformats-officedocument.wordprocessingml.document,548044,2022-04-10T01:28:24Z,19Fm-3SA5OC3d882LiW9hOQKlaYyt4_FL,,development_plan
1GGz1xXdV8ZfchclnUgd3Wa57P-BfrgNi,Anexo_al_Oficio_250.481.2022_comentarios Eduardo (english).docx,application/vnd.openxmlformats-officedocument.wordprocessingml.document,539353,2022-04-10T01:30:42Z,19Fm-3SA5OC3d882LiW9hOQKlaYyt4_FL,,development_plan
14e1rg6pD50tIgPiMw7j5lRzEk1vALD-X,Anexo_al_Oficio_250.481.2022_comentarios Eduardo.docx,application/vnd.openxmlformats-officedocument.wordprocessingml.document,563606,2022-04-10T01:29:27Z,19Fm-3SA5OC3d882LiW9hOQKlaYyt4_FL,,development_plan
15rqxfM5SuFIRD7QnQW6NsmgNXlLImgIa,Better Images.docx,application/vnd.openxmlformats-officedocument.wordprocessingml.document,8057984,2022-04-11T22:11:32Z,19Fm-3SA5OC3d882LiW9hOQKlaYyt4_FL,,development_plan
1DHLszj20CeG2ecARNV1f6u5Ricxkf7P8,DP preventions .docx,application/vnd.openxmlformats-officedocument.wordprocessingml.document,319619,2022-06-14T14:43:06Z,19Fm-3SA5OC3d882LiW9hOQKlaYyt4_FL,,development_plan
1SkfSwvz4Seh3mRGKw5Z2asShIFr4MspK,Docto Puente Prev PD (version 1).xlsx,application/vnd.openxmlformats-officedocument.spreadsheetml.sheet,50311,2022-06-14T15:10:35Z,19Fm-3SA5OC3d882LiW9hOQKlaYyt4_FL,,development_plan
1eRA1FGuueEBv1veIv1N8LWQa_CDCsm6y,"Economic Model (Tecolutla Feb 2022)6 (Tec12, 13, 14 & 15).xlsm",application/vnd.ms-excel.sheet.macroenabled.12,3175749,2022-06-17T21:26:10Z,19Fm-3SA5OC3d882LiW9hOQKlaYyt4_FL,,development_plan
1OH71zEL3zrTF1-6c9OZf9SsKYVX2tsT6,"Economic Model (Tecolutla Feb 2022)7 (Tec12, 13, 14 & 15).xlsm",application/vnd.ms-excel.sheet.macroenabled.12,3148039,2022-06-20T17:13:40Z,19Fm-3SA5OC3d882LiW9hOQKlaYyt4_FL,,development_plan
1Cwq8D9VjigXse-XaDDCJIy0bj3tVGg1C,Economic Model (Tecolutla Feb 2022)8 (Tec14 HZ).xlsm,application/vnd.ms-excel.sheet.macroenabled.12,3122660,2022-06-21T14:45:50Z,19Fm-3SA5OC3d882LiW9hOQKlaYyt4_FL,,development_plan
1mO2mEyp0foWocV8rn9zajx4oyz-rTbGc,Economic Model (Tecolutla Feb 2022)9 (Tec14 HZ).xlsm,application/vnd.ms-excel.sheet.macroenabled.12,3118408,2022-06-21T18:17:43Z,19Fm-3SA5OC3d882LiW9hOQKlaYyt4_FL,,development_plan
1ksUIpEQ64kKjR-aiZvg5Uk9cnaxATsIc,Gas Conservation Economics. (Updated 20220530) NEED TO UPDATE.xlsx,application/vnd.openxmlformats-officedocument.spreadsheetml.sheet,362804,2022-06-16T14:35:19Z,19Fm-3SA5OC3d882LiW9hOQKlaYyt4_FL,,development_plan
1CxovnFlas9MPA23_iUSVxA7N5bT0swi3,Power Generation.xlsx,application/vnd.openxmlformats-officedocument.spreadsheetml.sheet,269436,2022-06-17T21:26:15Z,19Fm-3SA5OC3d882LiW9hOQKlaYyt4_FL,,development_plan
1WcyXVxWDCfVTA0LfjZ9Z4Phww76HTa-v,Tec 11 Summary of Costs (Actual and Budgeted).xlsx,application/vnd.openxmlformats-officedocument.spreadsheetml.sheet,66817,2022-04-11T18:05:27Z,19Fm-3SA5OC3d882LiW9hOQKlaYyt4_FL,,development_plan
1quHZ4SrFQyExvhEOUHRnv6v1Zrj-VxWV,Tecolutla 10 Final Report (IHS PTA) Spanish.pdf,application/pdf,4523092,2018-10-25T20:21:58Z,19Fm-3SA5OC3d882LiW9hOQKlaYyt4_FL,,development_plan
1eY7X3dpGL9OpJDn8C8UBsLdIz7jnR-9_,Tecolutla 2 Final Report (IHS PTA) Spanish.pdf,application/pdf,5711721,2018-10-25T20:21:48Z,19Fm-3SA5OC3d882LiW9hOQKlaYyt4_FL,,development_plan
1pSpy7TezRPFs9TqnaxPe97Gt3K5ahNys,apr22.xlsx,application/vnd.openxmlformats-officedocument.spreadsheetml.sheet,58858,2022-06-16T22:07:20Z,19Fm-3SA5OC3d882LiW9hOQKlaYyt4_FL,,development_plan
1SD8p6K9OTBSWKuixppT66hwaYDqOnYKw,jan22.xlsx,application/vnd.openxmlformats-officedocument.spreadsheetml.sheet,61881,2022-04-14T17:32:17Z,19Fm-3SA5OC3d882LiW9hOQKlaYyt4_FL,,development_plan
1lFm12tBuBaiV0-22mRvxP3rVg4KD2fOZ,pvtdoc.pdf,application/pdf,22542,2022-03-11T17:00:12Z,19Fm-3SA5OC3d882LiW9hOQKlaYyt4_FL,,development_plan
1gzR1cHh-gTOTLTXJ6-7NVB23sr6Yd82_,TEC-10 Updated Drilling Cost Summary 15Jun2018.xlsx,application/vnd.openxmlformats-officedocument.spreadsheetml.sheet,45919,2022-09-20T05:20:06Z,1Az0EnFwFu8MRHtWtxcMVQkrk0h0wlaTS,,drilling_costs
1sn8A4vrntN_q6P_jAVZ1T9Ph1rjAJrxk,TEC-11 Drilling Cost Tracker 26Dec2018.xlsx,application/vnd.openxmlformats-officedocument.spreadsheetml.sheet,46402,2022-09-20T05:20:07Z,1Az0EnFwFu8MRHtWtxcMVQkrk0h0wlaTS,,drilling_costs
1PiDkMx24Lk4Nvi6Q6FYPb0PC7LizS22u,2020 11 09 - LOI btwn IFR Durum and SEI NV.docx,application/vnd.openxmlformats-officedocument.wordprocessingml.document,64055,2020-11-10T01:09:17Z,1B5CHFmwGiT4el8V36QKSEJXP5Algn1R-,,tec12_drill
1rDRffIIJIpcLEkw4HZ4il79xAFu1fEaO,20201112 Durum-Simmons Tecolutla Participation.xlsx,application/vnd.openxmlformats-officedocument.spreadsheetml.sheet,334433,2020-11-24T20:31:05Z,1B5CHFmwGiT4el8V36QKSEJXP5Algn1R-,,tec12_drill
1RjSZUq4t8TQQWcoJJT_22gbVyufKuGH4,2023-09-29 Tec-12 Economics.xlsm,application/vnd.ms-excel.sheet.macroenabled.12,4017136,2025-08-18T17:53:20.737Z,1B5CHFmwGiT4el8V36QKSEJXP5Algn1R-,,tec12_drill
1--GXlHahL7msz7IRq-43bw5ms0CqD1uW,GLJ Price Deck - oct20.xlsx,application/vnd.openxmlformats-officedocument.spreadsheetml.sheet,91367,2020-11-11T18:25:24Z,1B5CHFmwGiT4el8V36QKSEJXP5Algn1R-,,tec12_drill
1gwOn0TkaeNTLatCnRbjGe-woMF4HUHy6,Oil Price History and Forecast - 11-11-2020.csv,text/csv,25719,2020-11-11T18:54:17Z,1B5CHFmwGiT4el8V36QKSEJXP5Algn1R-,,tec12_drill
1h9rLxnpQemUlPl_yZGnUoUXDRjcCazIl,Petrel Robertson Tec-12 Assessment.pdf,application/pdf,159613,2023-09-29T15:37:26Z,1B5CHFmwGiT4el8V36QKSEJXP5Algn1R-,,tec12_drill
1YtfHcgJJHgNb_k1ewSJT5p_efdXjbdWm,Simmons Payout Comparison (2).xlsx,application/vnd.openxmlformats-officedocument.spreadsheetml.sheet,541677,2020-11-10T16:11:13Z,1B5CHFmwGiT4el8V36QKSEJXP5Algn1R-,,tec12_drill
1qos6gyTYXCZX6dnqxdaAFNaoYMSl8S66,Simmons Payout Comparison.xlsx,application/vnd.openxmlformats-officedocument.spreadsheetml.sheet,441415,2020-11-10T14:32:39Z,1B5CHFmwGiT4el8V36QKSEJXP5Algn1R-,,tec12_drill
16RMFRj4lk_n_m4FD--Z2gnrFRD4r9pb9,Simmons Scenarios - Tec 12 and Tec 13.xlsx,application/vnd.openxmlformats-officedocument.spreadsheetml.sheet,73185,2023-09-29T15:38:10Z,1B5CHFmwGiT4el8V36QKSEJXP5Algn1R-,,tec12_drill
1a3MvVcryjl3TnZ-Js45WO9mR8L9UofjL,TEC-12 Build&Hold Well Design.pdf,application/pdf,243995,2023-09-29T15:37:47Z,1B5CHFmwGiT4el8V36QKSEJXP5Algn1R-,,tec12_drill
1OZOfd3wCVZq708P5wE9mFBcYsjF7lvD6,TEC-12 Rough Drilling & Completion Cost Estimate (2).xlsx,application/vnd.openxmlformats-officedocument.spreadsheetml.sheet,43103,2023-09-29T15:36:56Z,1B5CHFmwGiT4el8V36QKSEJXP5Algn1R-,,tec12_drill
1Uz55PMIH68jU9xtmowolvBaQQ_Fy7s6I,TEC-12 S-Shape Deviation Plan.pdf,application/pdf,418799,2023-09-29T15:37:55Z,1B5CHFmwGiT4el8V36QKSEJXP5Algn1R-,,tec12_drill
1b3DRPagxiPj9T_iJK31sQySMXa1R6YeN,Tec 12 Seismic images.pptx,application/vnd.openxmlformats-officedocument.presentationml.presentation,5173134,2023-09-29T15:38:32Z,1B5CHFmwGiT4el8V36QKSEJXP5Algn1R-,,tec12_drill
1WnmrcP4TC7kiRVEJwsiaYXDeVf8hNyxQ,Tec-12 Time vs Depth.pdf,application/pdf,130100,2023-09-29T15:37:13Z,1B5CHFmwGiT4el8V36QKSEJXP5Algn1R-,,tec12_drill
11GIzxACj0ZFeS8VETnHkcm4B0kFo6TV-,Tecolutla Type Curve.xlsx,application/vnd.openxmlformats-officedocument.spreadsheetml.sheet,146818,2021-03-03T19:17:15Z,1B5CHFmwGiT4el8V36QKSEJXP5Algn1R-,,tec12_drill
1FY4O-cKf7cINcYyidWWQmVOeh4xOyfrR,Tecolutla Work Program - Tec-12 Drill.pdf,application/pdf,14487956,2023-09-29T15:38:20Z,1B5CHFmwGiT4el8V36QKSEJXP5Algn1R-,,tec12_drill
13aGhnQvH2jiV5AbpCIlh1n_-3Y22Yf6e,Tonalli Contractual Fee and Exploration Tax.xlsx,application/vnd.openxmlformats-officedocument.spreadsheetml.sheet,15265,2020-11-12T20:23:37Z,1B5CHFmwGiT4el8V36QKSEJXP5Algn1R-,,tec12_drill
1lT5lmPAfMYb5G7t6z9Yxu7_xolTs2nLe,image001.png,image/png,412847,2023-10-24T19:03:21Z,1B5CHFmwGiT4el8V36QKSEJXP5Algn1R-,,tec12_drill
1MN4mO0eBzvxVSfMNbI1v9TFHWyF8X17j,TEC-10 Lowest Known Oil Image.png,image/png,1980769,2018-08-13T16:14:55Z,1B5gMNJcQBdVlVmsXcAbc7w6h6aGeXPor,,unsorted/1B5gMNJcQBdVlVmsXcAbc7w6h6aGeXPor
1NVoaGiQc8n21gIwVWGn3-5UUKlg0FN2y,Tecolutla-11Des Columna Litologica 40-3283 MD.pdf,application/pdf,536192,2018-12-04T13:45:58Z,1BbEeSgFaxmNewRXhAbOLWa0mYozlRCsM,Tec-11 DES Sample Descriptions,geology/Tec-11 DES Sample Descriptions
1BYP_vhvY38Khs-gGAdq_22_kkt9ItRJg,BLOQUE_TECOLUTLA_2_A500_2307_2372_ABRA_19_08_11_HCP.CGM,application/octet-stream,243504,2012-04-04T15:05:04Z,1C16zS_FdaLIDCAqLS5oCI5fCgNzF5M35,Tecolutla 2,geology/Tecolutla Well Logs/Tecolutla 2
1HXziKogQ6SMIyxeVlF7uK03xkTeuaNA3,BLOQUE_TECOLUTLA_2_A500_2307_2372_ABRA_19_08_11_HCP.CGM.meta,application/octet-stream,201323,2016-05-17T03:27:16Z,1C16zS_FdaLIDCAqLS5oCI5fCgNzF5M35,Tecolutla 2,geology/Tecolutla Well Logs/Tecolutla 2
1YsmTlZ6UPhAeTdl6kAghjBzMO0nhusmO,09001539801b6d6f_COPITE-95_FMI_IMAGEN_MICRORESTIVA_INT_2509-2663.pdf,application/pdf,3160216,2016-09-08T23:13:44Z,1CSlOzI55eKP1BFbPZVpmsxCDCjzBsvEP,,unsorted/1CSlOzI55eKP1BFbPZVpmsxCDCjzBsvEP
17Bvhr7MT-XSjK8gq9b2eWTFI_6gR69Cl,20180606 Tecolutla-2 Oil Analysis1.pdf,application/pdf,181175,2018-06-06T20:55:42Z,1E4f1NeV8pqDDuOV1h073jIbhctbPTN1R,Fluid Analyzes,fluid_analyses
1smUHFFGR-gpdkuaqq3S2W_MZJGzIn-fR,20180606 Tecolutla-2 Oil Analysis2.pdf,application/pdf,8846,2018-06-06T20:55:43Z,1E4f1NeV8pqDDuOV1h073jIbhctbPTN1R,Fluid Analyzes,fluid_analyses
1xfKOqXH5zqua4EWQYM8--i4RUF0gPOS7,201808 Tecolutla-10 Oil Analysis (Distillation) - Corelab.pdf,application/pdf,1548001,2018-08-16T21:23:54Z,1E4f1NeV8pqDDuOV1h073jIbhctbPTN1R,Fluid Analyzes,fluid_analyses
1l5MfSTLBtCqe6lMf58_8ao3C0Mi4UILn,201808 Tecolutla-10 Oil Analysis (Distillation) - SGS.pdf,application/pdf,8799,2018-08-16T21:34:07Z,1E4f1NeV8pqDDuOV1h073jIbhctbPTN1R,Fluid Analyzes,fluid_analyses
1mD817LdN-ESkqfFxclFtNt6nJwHArhIV,201808 Tecolutla-10 Oil Analysis Report - SGS.pdf,application/pdf,177425,2018-08-16T21:34:07Z,1E4f1NeV8pqDDuOV1h073jIbhctbPTN1R,Fluid Analyzes,fluid_analyses
1MwqplwT13v16FOQS_LxrKONRmAFeqGuh,20181126 Tecolutla-10 Oil Analysis Report - Intertek.pdf,application/pdf,851547,2018-11-27T00:15:43Z,1E4f1NeV8pqDDuOV1h073jIbhctbPTN1R,Fluid Analyzes,fluid_analyses
1mWiIxLqz0BL8kfZQPmH90qTa7XChBBKR,20181214 Tecolutla-10 Oil Analysis Report - Intertek.pdf,application/pdf,688726,2019-01-10T21:40:22Z,1E4f1NeV8pqDDuOV1h073jIbhctbPTN1R,Fluid Analyzes,fluid_analyses
1WuX_RnGTyDMXSNkxHOXGGYt__JFQiraL,20190118 Tecolutla-10 Oil Analysis Report - Intertek.pdf,application/pdf,4163564,2019-01-19T05:00:02Z,1E4f1NeV8pqDDuOV1h073jIbhctbPTN1R,Fluid Analyzes,fluid_analyses
1wUbulowCQflTK0GriMb3vz-jZfeGCPK3,20190215 Tecolutla-10 Oil Analysis Report - Intertek.pdf,application/pdf,11207749,2019-02-22T22:43:59Z,1E4f1NeV8pqDDuOV1h073jIbhctbPTN1R,Fluid Analyzes,fluid_analyses
1BAV0QTwhe3KGwc-Xc4VVn3nwmBDxSvcH,20190824 Tecolutla-11 Oil Analysis Tantoyuca.pdf,application/pdf,793259,2019-08-24T15:46:40Z,1E4f1NeV8pqDDuOV1h073jIbhctbPTN1R,Fluid Analyzes,fluid_analyses
1pIhdnq-2I-tQXyz1I-rn7mrDIHmIk5DF,Historical_Oil_Analysis_Tecolutla_Field.pdf,application/pdf,895717,2017-06-20T21:13:00Z,1E4f1NeV8pqDDuOV1h073jIbhctbPTN1R,Fluid Analyzes,fluid_analyses
1DZOeFfU7coQiC9RTvdOKxQL0q3pX0qD-,PHOTOS OF CONDENSATE AND WATER SAMPLES.pdf,application/pdf,145512,2018-09-05T21:16:01Z,1E4f1NeV8pqDDuOV1h073jIbhctbPTN1R,Fluid Analyzes,fluid_analyses
1sSj2omDHiRFN56n-0L0wZGji6cKLCn7T,Petricore Quote - VHLAB-45-2018_Cotización_Tonalli Energia.pdf,application/pdf,437784,2018-08-01T20:53:56Z,1E4f1NeV8pqDDuOV1h073jIbhctbPTN1R,Fluid Analyzes,fluid_analyses
13hjseDIQS8RAF27m-Z20j5NuicHEN_ZX,Tecolutla-10 Gas Comps V603-18.pdf,application/pdf,134739,2018-08-06T16:04:21Z,1E4f1NeV8pqDDuOV1h073jIbhctbPTN1R,Fluid Analyzes,fluid_analyses
18K1o3U9-A-RwoadRZKiwdmPKjLFDfCwi,Tecolutla-10DES Zona AB AnalisisCrudo V603-18.pdf,application/pdf,176143,2018-08-13T17:09:41Z,1E4f1NeV8pqDDuOV1h073jIbhctbPTN1R,Fluid Analyzes,fluid_analyses
1JEu7SVmexurnAwoAyBYiB-VuugT_593P,Tecolutla-10DES Zona B AnalisisCrudo V603-18.pdf,application/pdf,419282,2018-08-13T17:09:42Z,1E4f1NeV8pqDDuOV1h073jIbhctbPTN1R,Fluid Analyzes,fluid_analyses
1L4FtW5gWjN6Xr_6n1K0w5GeXxsa3jZHj,Tecolutla-2 Gas Comps V613-18 (JT Liquids Recovery).xlsx,application/vnd.openxmlformats-officedocument.spreadsheetml.sheet,12526,2018-08-10T16:20:43Z,1E4f1NeV8pqDDuOV1h073jIbhctbPTN1R,Fluid Analyzes,fluid_analyses
1y3HGJLuOo9_oGoRj3X0-ttlztbg3gLi3,Tecolutla-2 Gas Comps V613-18.pdf,application/pdf,119367,2018-05-31T20:51:37Z,1E4f1NeV8pqDDuOV1h073jIbhctbPTN1R,Fluid Analyzes,fluid_analyses
1gqQB4yzrDLn2pXbZPtOtI6VtpBRDA2pc,Tecolutla-2 Muestreo V613-18.pdf,application/pdf,302300,2018-05-31T20:51:39Z,1E4f1NeV8pqDDuOV1h073jIbhctbPTN1R,Fluid Analyzes,fluid_analyses
1shj10gtUcoC_EtLPidumanI9PJbjWdCq,"Tecolutla-2 Oil Distillation Jul 9, 1974.pdf",application/pdf,99860,2016-06-01T16:29:51Z,1E4f1NeV8pqDDuOV1h073jIbhctbPTN1R,Fluid Analyzes,fluid_analyses
1_3M16r7GgQ6GJW7e8MZJa7oejuQu_Vdo,"Tecolutla-2 Oil Distillation May 9, 1974.pdf",application/pdf,124085,2016-06-01T16:30:33Z,1E4f1NeV8pqDDuOV1h073jIbhctbPTN1R,Fluid Analyzes,fluid_analyses
1XrgtfnI5ecMCM4JfzqD2G0pYLGmCo7D1,Tecolutla-2 Water Analisis Stiff V613-18.pdf,application/pdf,49071,2018-05-31T20:51:29Z,1E4f1NeV8pqDDuOV1h073jIbhctbPTN1R,Fluid Analyzes,fluid_analyses
1mwNH_0GQuMa1E9zEX8kt8iHA0ph6fZy6,"Tecolutla-6 Gas Analysis Aug28, 1970.pdf",application/pdf,163493,2016-06-09T21:15:28Z,1E4f1NeV8pqDDuOV1h073jIbhctbPTN1R,Fluid Analyzes,fluid_analyses
1jP4nWK4BSas3rgyzR9k19uNDqJlzVC0T,"Tecolutla-6 Oil Distillation Jan 22, 1959.pdf",application/pdf,54973,2016-06-09T21:18:27Z,1E4f1NeV8pqDDuOV1h073jIbhctbPTN1R,Fluid Analyzes,fluid_analyses
1l7QvyKJijGVJUva1BtCKM8lalspR14rH,"Tecolutla-6 Oil Distillation Jun 19, 1974.pdf",application/pdf,113652,2016-06-09T20:03:11Z,1E4f1NeV8pqDDuOV1h073jIbhctbPTN1R,Fluid Analyzes,fluid_analyses
1pgpPlh__iopzn2hypIZWTc02-fGKMFNq,"Tecolutla-6 Oil Distillation May 9, 1975.pdf",application/pdf,126149,2016-06-09T20:01:51Z,1E4f1NeV8pqDDuOV1h073jIbhctbPTN1R,Fluid Analyzes,fluid_analyses
1DWZsqJChP3Ma7p1SbATh5QZGep0BD0wR,"Tecolutla-6 Oil Distillation Oct 19, 1956.pdf",application/pdf,66007,2016-06-10T17:36:27Z,1E4f1NeV8pqDDuOV1h073jIbhctbPTN1R,Fluid Analyzes,fluid_analyses
10XQXYjUf2HXOnJ3MdGQTr-sXtD7BkmRP,"Tecolutla-7 Oil Distillation Jan 21, 1957.pdf",application/pdf,76247,2016-06-08T16:37:40Z,1E4f1NeV8pqDDuOV1h073jIbhctbPTN1R,Fluid Analyzes,fluid_analyses
1lCed8BBLCOv4FoxwLhiarPAXPc_ZF8o0,Tecolutla-7 Oil Distillation Jul 1971.pdf,application/pdf,121251,2016-06-07T20:11:20Z,1E4f1NeV8pqDDuOV1h073jIbhctbPTN1R,Fluid Analyzes,fluid_analyses
1NO4tzyoW0baEj7R8PtSnhSakMLing0Zw,"Tecolutla-7 Oil Distillation May 9, 1975.pdf",application/pdf,134025,2017-06-20T21:17:58Z,1E4f1NeV8pqDDuOV1h073jIbhctbPTN1R,Fluid Analyzes,fluid_analyses
1TOkRWvLF9e0ebQADi7Wrg3oPlVkGZpWq,Tecolutla10 Water Analisis Stiff V603-18.pdf,application/pdf,50424,2018-08-06T16:04:14Z,1E4f1NeV8pqDDuOV1h073jIbhctbPTN1R,Fluid Analyzes,fluid_analyses
1Fz-qlWCj4kim2aqqTivpQzwgd_SHT9lQ,Tecolutltla-10DES Zona C AnalisisCrudo 3-ago-18 V603-18.pdf,application/pdf,174153,2018-09-05T21:15:56Z,1E4f1NeV8pqDDuOV1h073jIbhctbPTN1R,Fluid Analyzes,fluid_analyses
1U-aZXHWlJ0Nnamw1zPAffH4cWN9kcecG,Tecolutltla-10DES Zona C AnalisisCrudo 5-ago-18 V603-18.pdf,application/pdf,174426,2018-09-05T21:15:56Z,1E4f1NeV8pqDDuOV1h073jIbhctbPTN1R,Fluid Analyzes,fluid_analyses
1n-DYmcI2SV0vxKAYfe94vQDhVBAYUImH,Tecolutltla-10DES Zona C AnalisisCrudo 6-ago-18 V603-18.pdf,application/pdf,175080,2018-09-05T21:15:58Z,1E4f1NeV8pqDDuOV1h073jIbhctbPTN1R,Fluid Analyzes,fluid_analyses
17bxvH7xAYe9wfLEj8JYn_Kz31MVgqDrL,Tecolutla Pressure Summary.xlsx,application/vnd.openxmlformats-officedocument.spreadsheetml.sheet,34754,2018-05-12T22:27:59Z,1FivwQDgxkzEufcVJj42AUUValzaPLKyC,Pressures,pressures
1seZxLnMfkFwZSmo7x1uizYm-IZTWuZmE,"Tecolutla-2 Static Gradient Dec 5, 1964.pdf",application/pdf,469187,2016-06-01T20:51:49Z,1FivwQDgxkzEufcVJj42AUUValzaPLKyC,Pressures,pressures
1ffwlU79DIst-j_qN83ExW27WDm4y1yIk,"Tecolutla-2 Static Gradient Dec 8, 1964.pdf",application/pdf,463951,2016-06-01T20:50:37Z,1FivwQDgxkzEufcVJj42AUUValzaPLKyC,Pressures,pressures
1dM4W_3qolBWclR2eZOMIwBibfcp9Rq8I,"Tecolutla-2 Static Gradient Mar 27, 2018.xlsx",application/vnd.openxmlformats-officedocument.spreadsheetml.sheet,1602030,2018-03-27T17:46:07Z,1FivwQDgxkzEufcVJj42AUUValzaPLKyC,Pressures,pressures
1N2x9piD7xP1_m8WtBHBL1qAHPS_lUBqB,"Tecolutla-2 Static Gradient May 24, 1956.pdf",application/pdf,504819,2016-06-01T16:35:01Z,1FivwQDgxkzEufcVJj42AUUValzaPLKyC,Pressures,pressures
17Uze9oGZdPRJVc6AB2gDcTmS2-mWU0Wi,"Tecolutla-6 Static Gradient Aug 12, 1971.pdf",application/pdf,139286,2016-06-09T21:11:13Z,1FivwQDgxkzEufcVJj42AUUValzaPLKyC,Pressures,pressures
1IMZd3_-bNniV97dJUA9SqEHCM6vvs4BO,"Tecolutla-6 Static Gradient Aug 17, 1971.pdf",application/pdf,154086,2016-06-09T21:13:07Z,1FivwQDgxkzEufcVJj42AUUValzaPLKyC,Pressures,pressures
1ZJckExM1FK7NRGYPUPdk-sTpi1hAxTH9,"Tecolutla-6 Static Gradient Aug 24, 1971.pdf",application/pdf,161586,2016-06-09T21:13:23Z,1FivwQDgxkzEufcVJj42AUUValzaPLKyC,Pressures,pressures
16p1dm05Fq0t4BGwPhwezxXrRuykj8oiQ,"Tecolutla-6 Static Gradient Aug 28, 1971.pdf",application/pdf,156030,2016-06-09T21:13:41Z,1FivwQDgxkzEufcVJj42AUUValzaPLKyC,Pressures,pressures
1hRR4al-DaYiik0O_oG_7MpBeUfgZzAUI,"Tecolutla-6 Static Gradient Aug 6, 1971.pdf",application/pdf,160187,2016-06-09T21:12:15Z,1FivwQDgxkzEufcVJj42AUUValzaPLKyC,Pressures,pressures
10H1uW2biQHt5Xtkk4Ca1FnPMZQDjzExG,"Tecolutla-6 Static Gradient Aug 9, 1971.pdf",application/pdf,153485,2016-06-09T21:12:35Z,1FivwQDgxkzEufcVJj42AUUValzaPLKyC,Pressures,pressures
1WRX4jFy5oAdybe9eFL6lSaYW4YcIzmJB,"Tecolutla-6 Static Gradient Dec 2, 1964.pdf",application/pdf,488671,2016-06-09T21:18:03Z,1FivwQDgxkzEufcVJj42AUUValzaPLKyC,Pressures,pressures
1W_BBKzL5SHbpp9roIWLEbwhAr7IOgg5m,"Tecolutla-6 Static Gradient Jun 4, 1973.pdf",application/pdf,109218,2016-06-09T20:42:17Z,1FivwQDgxkzEufcVJj42AUUValzaPLKyC,Pressures,pressures
1fAFFIYNOqRxi6kZEdbLTNjpyQQNYbOV8,"Tecolutla-6 Static Gradient Oct 18, 1971.pdf",application/pdf,162390,2016-06-09T21:01:42Z,1FivwQDgxkzEufcVJj42AUUValzaPLKyC,Pressures,pressures
19t0e50_LLewViOz8ieitR3GWJe9sqTo0,"Tecolutla-6 Static Gradient Sep 11, 1971.pdf",application/pdf,153269,2016-06-09T21:09:04Z,1FivwQDgxkzEufcVJj42AUUValzaPLKyC,Pressures,pressures
170wDY4AniYieX8lo8f_bU8Y78GgmQqmJ,"Tecolutla-6 Static Gradient Sep 3, 1971.pdf",application/pdf,159154,2016-06-09T21:05:11Z,1FivwQDgxkzEufcVJj42AUUValzaPLKyC,Pressures,pressures
1g2mTxvlUMlTfItUAeifYcTuLalN2EGf1,"Tecolutla-6 Static Gradient Sep 6, 1971.pdf",application/pdf,158873,2016-06-09T21:07:50Z,1FivwQDgxkzEufcVJj42AUUValzaPLKyC,Pressures,pressures
1xkChGT8YG-3w7CCdrmeL05ybunwTx0zZ,"Tecolutla-6 Static Gradient Sep 8, 1971.pdf",application/pdf,156058,2016-06-09T21:08:19Z,1FivwQDgxkzEufcVJj42AUUValzaPLKyC,Pressures,pressures
1IWsgiSKmMHoFMmciWwMVwsrGS5vzG0NZ,"Tecolutla-7 Static Gradient Dec 8, 1964.pdf",application/pdf,975328,2016-06-07T21:09:02Z,1FivwQDgxkzEufcVJj42AUUValzaPLKyC,Pressures,pressures
17M0HvZ9n3Sd5yp772p4dWO3q0sAnAONL,"Tecolutla-7 Static Gradient Oct 6, 1998.pdf",application/pdf,173446,2016-06-07T21:26:26Z,1FivwQDgxkzEufcVJj42AUUValzaPLKyC,Pressures,pressures
1YkMK3_VVBiQg14yndJsuHUjwbECFr1ZI,20201110 Tecolutla Economics (Simmons) v2.xlsx,application/vnd.openxmlformats-officedocument.spreadsheetml.sheet,989782,2020-11-12T16:07:12Z,1FuTAXvbpJvxgpoMkHGHOzA8nU6XgX9q8,OLD,tec12_drill/OLD
1Vf-BNubE4abf7-7TdG7aFT141tMjF5B7,20201110 Tecolutla Economics (Simmons) v3 (kevin gunning's conflicted copy 2021-01-12).xlsx,application/vnd.openxmlformats-officedocument.spreadsheetml.sheet,532737,2021-01-12T21:48:22Z,1FuTAXvbpJvxgpoMkHGHOzA8nU6XgX9q8,OLD,tec12_drill/OLD
1uooDwPBw_7nOK2Q7PVteI-0m7KTV7MIr,20201110 Tecolutla Economics (Simmons) v3.xlsx,application/vnd.openxmlformats-officedocument.spreadsheetml.sheet,361262,2020-11-12T20:52:08Z,1FuTAXvbpJvxgpoMkHGHOzA8nU6XgX9q8,OLD,tec12_drill/OLD
1u3yMe7q2i8fbazdvJ5Ica1ISN7CwFEyk,20201110 Tecolutla Economics (Simmons).xlsx,application/vnd.openxmlformats-officedocument.spreadsheetml.sheet,394330,2020-11-11T23:32:59Z,1FuTAXvbpJvxgpoMkHGHOzA8nU6XgX9q8,OLD,tec12_drill/OLD
1mrlr7QOgXJtbyaOMeHwv-UwtPqrpmWL0,Economic Model (Tecolutla August 2020) - FOR TRANS PLAN (TEC-12 Drill Econ).xlsm,application/vnd.ms-excel.sheet.macroenabled.12,2675750,2025-08-18T18:49:24.320Z,1FuTAXvbpJvxgpoMkHGHOzA8nU6XgX9q8,OLD,tec12_drill/OLD
1M8-de1bNc3vdrfHimnPwZuPDVoWPpyAR,Tec-10 Summary Modern day Image (sink hole).pptx,application/vnd.openxmlformats-officedocument.presentationml.presentation,1687412,2018-08-14T17:29:50Z,1Hjmp0xd63M3uM-17ze86XTphOgJnJzy6,,geology/tec10_image_log
1dyyCuRGIs03dgQnh27qmGBmFxMYW4vEL,TEC-10 Lowest Known Oil Image.png,image/png,1980769,2018-08-13T16:14:55Z,1LQdVAp33w30sCqZjO96fp-6oFe1uejO4,,unsorted/1LQdVAp33w30sCqZjO96fp-6oFe1uejO4
1T7nB2QQGfuhUq9mCQZ4144PqUnNBHr4V,FMI_Stress.jpg,image/jpeg,212406,2019-07-16T22:49:12Z,1LfPzgP-bFimMVTf82SOClmU-0KIBBOfY,,unsorted/1LfPzgP-bFimMVTf82SOClmU-0KIBBOfY
1RmgUnU4W4EfSiJuDc457LXKX3lfZycL8,TECOLUTLA 10_CMI IMAGE DIPS_2487.00m-2280.5m_02MAY2018.las,application/octet-stream,22661,2018-05-09T21:11:33Z,1MDj8jgXlBS0LNBCX-6AfIJnGZi7HfIzM,,unsorted/1MDj8jgXlBS0LNBCX-6AfIJnGZi7HfIzM
1J_wAcp9fFVEdgC-FsOCPY4r0BAsncwRh,TECOLUTLA 10_CMI IMAGE PREVIEW__2487.00m-2280.5m_02MAY2018.pdf,application/pdf,16780362,2018-05-09T21:11:33Z,1MDj8jgXlBS0LNBCX-6AfIJnGZi7HfIzM,,unsorted/1MDj8jgXlBS0LNBCX-6AfIJnGZi7HfIzM
1Z_a_oiibsIuOP2xFkeaygOvEncCqNjhF,TECOLUTLA 10_CMI INTERPRETED IMAGE__2487.00m-2280.5m_02MAY2018.tif,image/tiff,50222117,2018-05-09T21:11:35Z,1MDj8jgXlBS0LNBCX-6AfIJnGZi7HfIzM,,unsorted/1MDj8jgXlBS0LNBCX-6AfIJnGZi7HfIzM
1-_D-Lb1BmjzXcVJEeWc7ZKkMpC8sn271,12593_tecolutla101_bhc_2360_2200_22fb72p.tif,image/tiff,251498,2015-08-05T17:34:06Z,1MQWVxLrO9wWSE4GzdwnrzITym9S38a6r,LAS,petrophysics/LAS
12y45oNtOLxBYGqHakn6mKo_V1vwWWUB9,12594_tecolutla101_gn_2363_1700_22fb72p.tif,image/tiff,646866,2015-08-05T17:34:06Z,1MQWVxLrO9wWSE4GzdwnrzITym9S38a6r,LAS,petrophysics/LAS
1OWqQG3XNiotERqPSw4XKYnuEdczXAfar,12595_tecolutla101_il_2363_1700_22fb72p.tif,image/tiff,628069,2015-08-05T17:34:06Z,1MQWVxLrO9wWSE4GzdwnrzITym9S38a6r,LAS,petrophysics/LAS
1Q0PET6JNhlw6s1UmpDg5DtQX3jmEbD9R,BLOQUE_TECOLUTLA_101_BHC_2200_2360_22_02_1972.TIF,image/tiff,768620,2016-06-15T21:38:11Z,1MQWVxLrO9wWSE4GzdwnrzITym9S38a6r,LAS,petrophysics/LAS
1sl6pVlZbIphzTUHDnSnapqfAYJs7rVir,BLOQUE_TECOLUTLA_101_CILD_DT_GR_ILD_NEUT_SN_SP_SPHI_1699_2364.LAS,application/octet-stream,512862,2015-01-14T23:18:08Z,1MQWVxLrO9wWSE4GzdwnrzITym9S38a6r,LAS,petrophysics/LAS
1GefzlnSHrDWKGeqf8b70g9_pFMCY_Pf-,BLOQUE_TECOLUTLA_101_GN_1700_2363_22_02_1972.TIF,image/tiff,1997450,2016-06-15T21:44:29Z,1MQWVxLrO9wWSE4GzdwnrzITym9S38a6r,LAS,petrophysics/LAS
1hJ3Tcbfl7TJwS4Qn9P508C405DBZunWJ,BLOQUE_TECOLUTLA_101_IL_1700_2363_22_02_1972.TIF,image/tiff,628069,2015-01-14T22:34:56Z,1MQWVxLrO9wWSE4GzdwnrzITym9S38a6r,LAS,petrophysics/LAS
1MvWe393vf-1BDUPl6fqaGdY7ZHYbzutS,BLOQUE_TECOLUTLA_3_CALI_595_2379_09_03_1956.LAS,application/octet-stream,312775,2015-01-14T22:44:52Z,1MQWVxLrO9wWSE4GzdwnrzITym9S38a6r,LAS,petrophysics/LAS
1wgEO877XS15uWlYfYeS_5BfROf05_p_b,BLOQUE_TECOLUTLA_3_CALI_595_2380_09_03_1956.TIF,image/tiff,334779,2015-01-14T22:41:40Z,1MQWVxLrO9wWSE4GzdwnrzITym9S38a6r,LAS,petrophysics/LAS
1IUDGEDSli9STUgqV5IubjGeTty8do8Xb,BLOQUE_TECOLUTLA_3_EL_602_2380_09_03_1956.TIF,image/tiff,570251,2015-01-14T22:41:36Z,1MQWVxLrO9wWSE4GzdwnrzITym9S38a6r,LAS,petrophysics/LAS
1N19sPrnH049IPTPH5LK3QcKmFxRZzfuf,BLOQUE_TECOLUTLA_3_GN_75_2380_09_03_1956.TIF,image/tiff,571875,2015-01-14T22:41:30Z,1MQWVxLrO9wWSE4GzdwnrzITym9S38a6r,LAS,petrophysics/LAS
1bex-vktG1O4efZAfK1KfoO34LJMhT4Ex,BLOQUE_TECOLUTLA_3_GR_NEUT_75_2379_09_03_1956.LAS,application/octet-stream,583079,2015-01-14T22:44:52Z,1MQWVxLrO9wWSE4GzdwnrzITym9S38a6r,LAS,petrophysics/LAS
1-0_PG1lFSYUkqUD1bBulxBfdmaKi_OQC,BLOQUE_TECOLUTLA_3__SP_SN_LAT_LN_602_2379_09_03_1956.LAS,application/octet-stream,731930,2015-01-14T22:44:52Z,1MQWVxLrO9wWSE4GzdwnrzITym9S38a6r,LAS,petrophysics/LAS
1uQUXak98YIgZpuzu8MI2d78A4X__RFPp,BLOQUE_TECOLUTLA_5_CALI_500_2559_25_07_1956.LAS,application/octet-stream,359562,2015-01-14T22:48:12Z,1MQWVxLrO9wWSE4GzdwnrzITym9S38a6r,LAS,petrophysics/LAS
18NQ6yHY-gg7-QDBQTHNVbRY5W0SsOYRv,BLOQUE_TECOLUTLA_5_CALI_502_2558_25_07_1956.TIF,image/tiff,908311,2015-01-14T22:40:18Z,1MQWVxLrO9wWSE4GzdwnrzITym9S38a6r,LAS,petrophysics/LAS
1K6hKRY-oBobKm6vh3yjRnhwa6OuEXIhq,BLOQUE_TECOLUTLA_5_EL_500_2558_26_07_1956.TIF,image/tiff,519466,2015-01-14T22:40:24Z,1MQWVxLrO9wWSE4GzdwnrzITym9S38a6r,LAS,petrophysics/LAS
1GqlfGLDRgL9oayAOhgZN06HQsUV0BGDC,BLOQUE_TECOLUTLA_5_GN_1500_2558_25_07_1956.TIF,image/tiff,1706095,2015-01-14T22:40:30Z,1MQWVxLrO9wWSE4GzdwnrzITym9S38a6r,LAS,petrophysics/LAS
1lQQsuWEdWleNqri8mtpdz9f5khfAWw8H,BLOQUE_TECOLUTLA_5_GR_NEUT_1500_2559_25_07_1956.LAS,application/octet-stream,272629,2015-01-14T22:48:12Z,1MQWVxLrO9wWSE4GzdwnrzITym9S38a6r,LAS,petrophysics/LAS
14cSfX6nEP55IjdeWM1uQYWpA79hTjX5e,BLOQUE_TECOLUTLA_5_SP_SN_LN_INV_500_2342_17_07_1956.LAS,application/octet-stream,758445,2015-01-14T22:48:12Z,1MQWVxLrO9wWSE4GzdwnrzITym9S38a6r,LAS,petrophysics/LAS
1z6ZncfEYx1HR_GAOwaHktgMKmo076MWY,BLOQUE_TECOLUTLA_5__SP_SN_LN_INV_2275_2559_26_07_1956.LAS,application/octet-stream,124557,2015-01-14T22:48:12Z,1MQWVxLrO9wWSE4GzdwnrzITym9S38a6r,LAS,petrophysics/LAS
18cUnlPqKjc_2QbzV3BAgTmIe-jjbtSdh,BLOQUE_TECOLUTLA_6_4_2281_13_03_2007.LAS,application/octet-stream,5865875,2015-01-14T23:05:14Z,1MQWVxLrO9wWSE4GzdwnrzITym9S38a6r,LAS,petrophysics/LAS
146g8Go3WtEtHA56ujHcBQ4w8XV9CaUFy,BLOQUE_TECOLUTLA_6_CALI_2302_2335_11_10_1956.TIF,image/tiff,106961,2015-01-14T22:39:04Z,1MQWVxLrO9wWSE4GzdwnrzITym9S38a6r,LAS,petrophysics/LAS
1q-h_vQAGF_X7w7p0KFuZ0Ds4rmfEuouF,BLOQUE_TECOLUTLA_6_GN_2335_100_11_10_1956.TIF,image/tiff,1263031,2015-01-14T22:39:08Z,1MQWVxLrO9wWSE4GzdwnrzITym9S38a6r,LAS,petrophysics/LAS
11PXjhn--sRunQCxPiCyOsXW9vfe6UI8r,BLOQUE_TECOLUTLA_6_GR_NEUT_100_2335.LAS,application/octet-stream,574729,2015-01-14T23:08:36Z,1MQWVxLrO9wWSE4GzdwnrzITym9S38a6r,LAS,petrophysics/LAS
1pA-UPnHUs0u4v62pSRqyKoSQpz8hl0M7,BLOQUE_TECOLUTLA_6_IDWD_SCD_CCL_TIME_4_2281_13_03_2007.LAS,application/octet-stream,6461724,2015-01-14T23:05:14Z,1MQWVxLrO9wWSE4GzdwnrzITym9S38a6r,LAS,petrophysics/LAS
1fOX0Y_UB_KaV4jj5CCjVVxsfyMfBGtR6,BLOQUE_TECOLUTLA_6_TIME_VDL_4_2281_13_03_2007.LAS,application/octet-stream,1978970,2015-01-14T23:05:14Z,1MQWVxLrO9wWSE4GzdwnrzITym9S38a6r,LAS,petrophysics/LAS
1Kz4VamRQG0SnTa9Iyn5v1Dd7pV3DlChw,TECOLULTA-10_CBL-VDL-GR-CCL_CASING 4_5IN.las,application/octet-stream,408430,2018-06-27T14:41:52Z,1MQWVxLrO9wWSE4GzdwnrzITym9S38a6r,LAS,petrophysics/LAS
1kcqaaYe2OmiEh4BDXoyWg4iZNt7UD22R,TECOLULTA-10_CBL-VDL-GR-CCL_CASING 7IN.las,application/octet-stream,2261854,2018-06-27T14:41:52Z,1MQWVxLrO9wWSE4GzdwnrzITym9S38a6r,LAS,petrophysics/LAS
1bBmaPZv5M6PK-I50zZ4aTBWKiNGtFQlS,TECOLUTLA 10_CALIPER_26-04-2018.pdf,application/pdf,4926620,2018-04-28T15:51:55Z,1MQWVxLrO9wWSE4GzdwnrzITym9S38a6r,LAS,petrophysics/LAS
1dkwNXgKZX2hWqxrIKjukHDuAekeQ59d0,TECOLUTLA 10_CMI BOREHOLE SHAPE_2487.00m-2280.5m_02MAY2018.tif,image/tiff,607144,2018-05-09T21:11:37Z,1MQWVxLrO9wWSE4GzdwnrzITym9S38a6r,LAS,petrophysics/LAS
1PMhe8wpHkHT2bYImOi1-KYy5nZCqExPD,TECOLUTLA 10_CMI FRACTURE DENSITY_2487.00m-2280.5m_02MAY2018.las,application/octet-stream,63648,2018-05-09T21:11:36Z,1MQWVxLrO9wWSE4GzdwnrzITym9S38a6r,LAS,petrophysics/LAS
1SptCkpFcoPIWNeA237QpkUpgXxLFADNS,TECOLUTLA 10_CMI FRACTURE DENSITY_2487.00m-2280.5m_02MAY2018.tif,image/tiff,2139468,2018-05-09T21:11:36Z,1MQWVxLrO9wWSE4GzdwnrzITym9S38a6r,LAS,petrophysics/LAS
1juM5kCo8XNt4s6-NnfZz69PJ9ncE9Ztg,TECOLUTLA 10_CMI IMAGE DIPS_2487.00m-2280.5m_02MAY2018.las,application/octet-stream,22661,2018-05-09T21:11:33Z,1MQWVxLrO9wWSE4GzdwnrzITym9S38a6r,LAS,petrophysics/LAS
1m7PNZja0EvklQgdS1XYtm_o1JYOxSHsF,TECOLUTLA 10_CMI IMAGE PREVIEW__2487.00m-2280.5m_02MAY2018.pdf,application/pdf,16780362,2018-05-04T19:17:23Z,1MQWVxLrO9wWSE4GzdwnrzITym9S38a6r,LAS,petrophysics/LAS
1qev15AatxRnw68yfodotrut5nLr92CUA,TECOLUTLA 10_CMI IMAGE PREVIEW__2487.00m-2280.5m_02MAY2018.tif,image/tiff,67420116,2018-05-09T21:11:08Z,1MQWVxLrO9wWSE4GzdwnrzITym9S38a6r,LAS,petrophysics/LAS
1Nd8CyAuGyNne8PJHw_u1-oCpRfIH4i4K,TECOLUTLA 10_CMI INTERPRETED IMAGE__2487.00m-2280.5m_02MAY2018.tif,image/tiff,50222117,2018-05-09T21:11:35Z,1MQWVxLrO9wWSE4GzdwnrzITym9S38a6r,LAS,petrophysics/LAS
1s1bQb6vnoW6FMyLqsQw-oiKCVzPTai6x,TECOLUTLA 10_CMI STEREONETS__2487.00m-2280.5m_02MAY2018.tif,image/tiff,3238704,2018-05-09T21:11:35Z,1MQWVxLrO9wWSE4GzdwnrzITym9S38a6r,LAS,petrophysics/LAS
1lfSdEpYCwNSC71i5OFiyqMZ2asdVC3LX,TECOLUTLA 10_COMPOSITE_2487.00m-2280.5m_02MAY2018.tif,image/tiff,7045155,2018-05-09T21:11:36Z,1MQWVxLrO9wWSE4GzdwnrzITym9S38a6r,LAS,petrophysics/LAS
1MJ3iV6oNvmFSXbkgR2yUqtP_S9ZqqgUc,TECOLUTLA 10_CXD ANISOTROPIA_2487.00m-2280.5m_02MAY2018.las,application/octet-stream,935938,2018-05-09T21:11:34Z,1MQWVxLrO9wWSE4GzdwnrzITym9S38a6r,LAS,petrophysics/LAS
1nVhkt4GU1u-Ai45AyqCwpeLW9GZblNY2,TECOLUTLA 10_CXD ANISOTROPIA_2487.00m-2280.5m_02MAY2018.tif,image/tiff,964306,2018-05-09T21:11:35Z,1MQWVxLrO9wWSE4GzdwnrzITym9S38a6r,LAS,petrophysics/LAS
1Rk7-F-AbEehwZ8OgxuWr_udFl8bngLe6,TECOLUTLA 10_CXD PROPIEDADES MECANICAS_2487.00m-2280.5m_02MAY2018.las,application/octet-stream,2809328,2018-05-09T21:11:33Z,1MQWVxLrO9wWSE4GzdwnrzITym9S38a6r,LAS,petrophysics/LAS
1AKKpEGMWKvGg2sfjD2Tirta_k6VWAyDu,TECOLUTLA 10_CXD PROPIEDADES MECANICAS_2487.00m-2280.5m_02MAY2018.pdf,application/pdf,834815,2018-05-04T19:17:02Z,1MQWVxLrO9wWSE4GzdwnrzITym9S38a6r,LAS,petrophysics/LAS
14gn8brjbW5MS-3Nh268QYqTe14U6aMcN,TECOLUTLA 10_CXD PROPIEDADES MECANICAS_2487.00m-2280.5m_02MAY2018.tif,image/tiff,864152,2018-05-09T21:11:14Z,1MQWVxLrO9wWSE4GzdwnrzITym9S38a6r,LAS,petrophysics/LAS
1O_SdanxlXz_DJKpGdY6VxiUlCDVD8NbO,TECOLUTLA 10_INDUCCION_26-04-2018.pdf,application/pdf,3454603,2018-04-28T15:51:55Z,1MQWVxLrO9wWSE4GzdwnrzITym9S38a6r,LAS,petrophysics/LAS
1pw27_l08DX1EGeNledBHIZQo8Wxzmsex,TECOLUTLA 10_POROSIDAD_26-04-2018.pdf,application/pdf,3549851,2018-04-28T15:51:56Z,1MQWVxLrO9wWSE4GzdwnrzITym9S38a6r,LAS,petrophysics/LAS
1l8ZJAWurUEyKg0jQRgPirUKb-wwXMnBB,TECOLUTLA 10_SONICO DIPOLAR_2487.00m-2280.5m_02MAY2018.las,application/octet-stream,2474240,2018-05-09T21:11:09Z,1MQWVxLrO9wWSE4GzdwnrzITym9S38a6r,LAS,petrophysics/LAS
1pc8pGtWOgb5f-z8l0m4URlP__xgKLX3P,TECOLUTLA 10_SONICO DIPOLAR_2487.00m-2280.5m_02MAY2018.pdf,application/pdf,643409,2018-05-04T19:17:06Z,1MQWVxLrO9wWSE4GzdwnrzITym9S38a6r,LAS,petrophysics/LAS
1v4LYHT_fqkb7atJBUlIgiQH3GubrS5GQ,TECOLUTLA 10_SONICO DIPOLAR_2487.00m-2280.5m_02MAY2018.tif,image/tiff,1606416,2018-05-09T21:11:07Z,1MQWVxLrO9wWSE4GzdwnrzITym9S38a6r,LAS,petrophysics/LAS
16pej8kcvXIPvwspzmFS5KKrRVFwYJaFI,TECOLUTLA 10_SONICO DIPOLAR_26-04-2018.las,application/octet-stream,5851654,2018-04-28T15:16:32Z,1MQWVxLrO9wWSE4GzdwnrzITym9S38a6r,LAS,petrophysics/LAS
1v7GaAHXLZRcOo4SEPdkwtTgBit3KOsUA,TECOLUTLA 10_STONELEY_2487.00m-2280.5m_02MAY2018.las,application/octet-stream,768423,2018-05-09T21:11:09Z,1MQWVxLrO9wWSE4GzdwnrzITym9S38a6r,LAS,petrophysics/LAS
1ys16XXXOh3LUxQRWuc_XayZ_KDSXAMDp,TECOLUTLA 10_STONELEY_2487.00m-2280.5m_02MAY2018.pdf,application/pdf,980186,2018-05-04T19:17:26Z,1MQWVxLrO9wWSE4GzdwnrzITym9S38a6r,LAS,petrophysics/LAS
1h20DLbEHeJTPc5qoJXOeGWw-q0JiR7is,TECOLUTLA 10_STONELEY_2487.00m-2280.5m_02MAY2018.tif,image/tiff,1912154,2018-05-09T21:11:15Z,1MQWVxLrO9wWSE4GzdwnrzITym9S38a6r,LAS,petrophysics/LAS
1DpFZ94nyy-kPXhvV4h7HXE2xRrH8RiIV,TECOLUTLA-101_REGS_ORIGINALES.las,application/octet-stream,512862,2015-08-05T17:34:06Z,1MQWVxLrO9wWSE4GzdwnrzITym9S38a6r,LAS,petrophysics/LAS
1_CyRNdnHvgjbfFWMbgtIznh79ijnUPDp,TECOLUTLA-10_CALIPERS_2487.00m-2280.5m_02MAY2018.pdf,application/pdf,1818682,2018-05-04T19:16:57Z,1MQWVxLrO9wWSE4GzdwnrzITym9S38a6r,LAS,petrophysics/LAS
1Pm-iRFghvTPdDoeJJ_nmXRZUnoD-M9JH,TECOLUTLA-10_CALIPERS_2487.00m-2280.5m_02MAY2018.tif,image/tiff,4755210,2018-05-09T21:11:06Z,1MQWVxLrO9wWSE4GzdwnrzITym9S38a6r,LAS,petrophysics/LAS
1NUuWSTmkrejnHgNUudEyTNm2Wn0mKMha,TECOLUTLA-10_DOBLE INDUCCION_2487.00m-2280.5m_02MAY2018.pdf,application/pdf,1403802,2018-05-04T19:16:58Z,1MQWVxLrO9wWSE4GzdwnrzITym9S38a6r,LAS,petrophysics/LAS
1vL6YSqzXa-8nwK0wcmBgv-DKXPsu02Oq,TECOLUTLA-10_DOBLE INDUCCION_2487.00m-2280.5m_02MAY2018.tif,image/tiff,3707040,2018-05-09T21:11:06Z,1MQWVxLrO9wWSE4GzdwnrzITym9S38a6r,LAS,petrophysics/LAS
1vyb5fv1bAtjgAv7nxIQORsuYEKFoITmE,TECOLUTLA-10_LAS_2280.50m-2487.00m_02MAY2018.las,application/octet-stream,3709921,2018-05-09T21:11:06Z,1MQWVxLrO9wWSE4GzdwnrzITym9S38a6r,LAS,petrophysics/LAS
19hACbsKFRtSMsWOLPKGqKdhKqQUJJbHu,TECOLUTLA-10_LIS_2280.50m-2487.00m_02MAY2018.lis,application/octet-stream,1207344,2018-05-09T21:11:06Z,1MQWVxLrO9wWSE4GzdwnrzITym9S38a6r,LAS,petrophysics/LAS
1gnnqTbKH7HTVP-hhJ-h2uxV9kAbiKwxI,TECOLUTLA-10_POROSIDAD_2487.00m-2280.5m_02MAY2018.pdf,application/pdf,1522586,2018-05-04T19:16:57Z,1MQWVxLrO9wWSE4GzdwnrzITym9S38a6r,LAS,petrophysics/LAS
1VuyOsdFQy_cxPwljXe0p7P-blcgAwHJz,TECOLUTLA-10_POROSIDAD_2487.00m-2280.5m_02MAY2018.tif,image/tiff,3843674,2018-05-09T21:11:06Z,1MQWVxLrO9wWSE4GzdwnrzITym9S38a6r,LAS,petrophysics/LAS
1SCXp9gEurD29bSeQRmga-4M8i5TpTS2O,TECOLUTLA-2_GR_CCL_2325.0m-2120m_10-FEBRERO-2019.las,application/octet-stream,520331,2019-02-10T19:50:58Z,1MQWVxLrO9wWSE4GzdwnrzITym9S38a6r,LAS,petrophysics/LAS
1cIBmWm_zFlnKNC3cge_lKWvvVnCq0l9v,TECOLUTLA-2_NEUTRON_05-04-2018.las,application/octet-stream,3393089,2018-04-10T23:18:19Z,1MQWVxLrO9wWSE4GzdwnrzITym9S38a6r,LAS,petrophysics/LAS
1ExsR9pYT8cyM642vNlpxFeAGaxKmM2c-,TECOLUTLA-2_RTG_2319m - 2320m_10-FEBRERO-2019.las,application/octet-stream,520331,2019-02-10T19:52:02Z,1MQWVxLrO9wWSE4GzdwnrzITym9S38a6r,LAS,petrophysics/LAS
1yVNMMDi0bfARclYx0uQUZIsAmaRjY-wG,TECOLUTLA-9_NEUTRON_2348_2000_08MAY1973P.TIF,image/tiff,2320738,2015-01-14T22:36:42Z,1MQWVxLrO9wWSE4GzdwnrzITym9S38a6r,LAS,petrophysics/LAS
19W_N7o2yyZuAgALr6vtWECEFV0SX7o2l,TECOLUTLA-9_RESISTIVO_2337_2000_05MAY1973P.TIF,image/tiff,2514620,2015-01-14T22:36:36Z,1MQWVxLrO9wWSE4GzdwnrzITym9S38a6r,LAS,petrophysics/LAS
1EYepz2Z_wCT2niu38Dpbky9sUJi9wsXH,TECOLUTLA-9_RESISTIVO_SONICO_NEUTRON_2345_2000_08MAY1973P.LAS,application/octet-stream,412439,2015-04-29T23:02:51Z,1MQWVxLrO9wWSE4GzdwnrzITym9S38a6r,LAS,petrophysics/LAS
1VXfMDXzjJD35ek4fgWVMlnm4ddcGP9jV,TECOLUTLA-9_SONICO_2329_2000_05MAY1973P.TIF,image/tiff,2699303,2015-01-14T22:36:48Z,1MQWVxLrO9wWSE4GzdwnrzITym9S38a6r,LAS,petrophysics/LAS
1Fr5zbj_WDru2o2unDskfQFguTk30fzUh,TECOLUTLA-9_SONICO_2340_2300_07MAY1973P.TIF,image/tiff,639076,2015-01-14T22:36:54Z,1MQWVxLrO9wWSE4GzdwnrzITym9S38a6r,LAS,petrophysics/LAS
1uLtkScHU5GwwcHx87q9ghpXZQuvksR3e,TECOLUTLA_6_CBL_45_2274_13_03_1907.PDS,application/octet-stream,9075200,2020-08-09T04:42:20Z,1MQWVxLrO9wWSE4GzdwnrzITym9S38a6r,LAS,petrophysics/LAS
1ufyKcdLsiq1eECNWNqsoXCtQPDUZcgVS,Tec-11 GAM.las,application/octet-stream,206551,2018-12-02T22:33:37Z,1MQWVxLrO9wWSE4GzdwnrzITym9S38a6r,LAS,petrophysics/LAS
1QdMTkxzn6bytEAkYK-Xr4x8tjDybQtZ0,Tec-11 HGAR.las,application/octet-stream,101550,2018-12-02T22:34:14Z,1MQWVxLrO9wWSE4GzdwnrzITym9S38a6r,LAS,petrophysics/LAS
1Z4TpteN3XTvbgoYCUvZu01i_lulZMfaE,Tec-11 ROP.las,application/octet-stream,210451,2018-12-02T22:33:46Z,1MQWVxLrO9wWSE4GzdwnrzITym9S38a6r,LAS,petrophysics/LAS
13Bs2phPzVNvDY6fEVuxyQp_WcsXrv5v7,Tec-11 SPHI.las,application/octet-stream,99366,2018-12-02T22:33:59Z,1MQWVxLrO9wWSE4GzdwnrzITym9S38a6r,LAS,petrophysics/LAS
1IjT4gb9m1CvQjsGgxiNTScLFJCrIuD-T,Tecolutla 11_LAS_GR_SST_2434m MD.las,application/octet-stream,37725,2018-11-28T12:42:51Z,1MQWVxLrO9wWSE4GzdwnrzITym9S38a6r,LAS,petrophysics/LAS
1keKGellLTTn2lAlh9aG5JnQEFI2pIdUp,Tecolutla 11_LAS_GR_SST_2665 mMD.las,application/octet-stream,178115,2018-11-29T21:57:09Z,1MQWVxLrO9wWSE4GzdwnrzITym9S38a6r,LAS,petrophysics/LAS
1sZS5cBwiefov719-8QtXTV86kAy39uUK,Tecolutla 11_LAS_GR_SST_3283 mMD (1).las,application/octet-stream,494949,2019-01-27T17:39:39Z,1MQWVxLrO9wWSE4GzdwnrzITym9S38a6r,LAS,petrophysics/LAS
1WTIeTRrDK8J80s2oQBW8Xl3K4tl6jsJt,Tecolutla 11_LAS_GR_SST_3283 mMD.las,application/octet-stream,494949,2018-12-20T00:30:26Z,1MQWVxLrO9wWSE4GzdwnrzITym9S38a6r,LAS,petrophysics/LAS
1eAwJ17U1ocDUZvRjKXcX7aVwArb-X9gr,Tecolutla 2 Workover 2018-03-16.LAS,application/octet-stream,104843,2018-03-16T21:07:25Z,1MQWVxLrO9wWSE4GzdwnrzITym9S38a6r,LAS,petrophysics/LAS
1P1rTak6tjWmpzpWz_PoF3za4IFEdzf4q,Tecolutla 2_Original_OH_Logs.LAS,application/octet-stream,104843,2018-03-16T21:07:25Z,1MQWVxLrO9wWSE4GzdwnrzITym9S38a6r,LAS,petrophysics/LAS
1VWDMpQZAauvR6x0wVDQOsoc9X8D3ltlv,Tecolutla-11_R01_Calibre-GR_2400-1870m_12Feb2019.las,application/octet-stream,170944,2019-02-12T19:02:14Z,1MQWVxLrO9wWSE4GzdwnrzITym9S38a6r,LAS,petrophysics/LAS
163vthCQupJF1j-3iqtq9QlQbX_cZ-_V_,Tecolutla-11_R02_Principal_CBL-VDL-GR_2815-1870m_12Feb2019.las,application/octet-stream,447578,2019-02-12T19:00:44Z,1MQWVxLrO9wWSE4GzdwnrzITym9S38a6r,LAS,petrophysics/LAS
1KTAf7Ak-ozRjsTpxHCO1Pgvw-HQNL0Ff,Tecolutla-11_R02_Repetida_CBL-VDL-GR_2330-2230m_12Feb2019.las,application/octet-stream,67373,2019-02-12T19:01:22Z,1MQWVxLrO9wWSE4GzdwnrzITym9S38a6r,LAS,petrophysics/LAS
1JC5DsWY_dXnFdZNWFj5BmKiLMzqWl6_Z,Tecolutla_11_1-500 MD_Memoria_GAM-SST.pdf,application/pdf,2309861,2019-01-22T04:54:04Z,1MQWVxLrO9wWSE4GzdwnrzITym9S38a6r,LAS,petrophysics/LAS
1c844h-mlROILFnB2hK1-cqW5-IY2Mu8S,Tecolutla_11_1-500 TVD_Memoria_GAM-SST.pdf,application/pdf,357720,2019-01-22T04:54:04Z,1MQWVxLrO9wWSE4GzdwnrzITym9S38a6r,LAS,petrophysics/LAS
1aUkDWMAOvaNFGZ1MQC_1jMyGW3NctOHx,Tecolutla_11_CBL-VDL-GR_2815-1870m_12Feb2019.Pdf,application/pdf,3562640,2019-02-12T19:12:38Z,1MQWVxLrO9wWSE4GzdwnrzITym9S38a6r,LAS,petrophysics/LAS
14LjKDBmFpn7jj57sFrsbSwRPRWpxD-Lk,Eduardo's Comments to Drilling Cost Estimate.docx,application/vnd.openxmlformats-officedocument.wordprocessingml.document,143590,2021-09-14T18:17:52Z,1N2kdjYLVGfIi_Bxt2dJtRGMlddUGu3XG,Item 6 - Tec 12 Budget,tec12_budget_2021
1fGiD3qPJhWMkmgKYhPMGzPXo6LFuSwpm,TEC-12 Rough Drilling & Completion Cost Estimate (2).xlsx,application/vnd.openxmlformats-officedocument.spreadsheetml.sheet,43103,2021-09-14T18:15:09Z,1N2kdjYLVGfIi_Bxt2dJtRGMlddUGu3XG,Item 6 - Tec 12 Budget,tec12_budget_2021
1Rt-cRts4czd7-OO3GSc5ZgnI5Putc3hi,Tec 12.pptx,application/vnd.openxmlformats-officedocument.presentationml.presentation,8145385,2021-09-14T18:16:58Z,1N2kdjYLVGfIi_Bxt2dJtRGMlddUGu3XG,Item 6 - Tec 12 Budget,tec12_budget_2021
1WcfHFFMp2Mc7zSrC2sxhCln4s2wj4YWB,FMI.pdf,application/pdf,13768341,2016-10-26T16:49:45Z,1OL1GU2iIoXTp5br-HkFRDW9AZfU842X0,,unsorted/1OL1GU2iIoXTp5br-HkFRDW9AZfU842X0
1XIaCv6u5f-NQt2p7y5EMvJZ5kjuPSpjH,PROGRAMA DE TERMINACIÓN TECOLUTLA-12DES VER1.0.pdf,application/pdf,1826395,2021-02-18T20:02:00Z,1Pjg2Q_m2cpHP3W7JuCjeBv7zNKtldb5A,,unsorted/1Pjg2Q_m2cpHP3W7JuCjeBv7zNKtldb5A
1Kgor03_4-QUTz2xx7fQCGoTnpO3EzAQu,Programa de perforación Tecolutla 12.pdf,application/pdf,5622352,2021-05-27T19:11:51Z,1Q4rYWnJ58kstxEAOfo5IYVuMbNB3_qvO,,unsorted/1Q4rYWnJ58kstxEAOfo5IYVuMbNB3_qvO
1SesFvH39ugAHDE5TWwumhAgrxVSd91vB,PROGRAMA DE TERMINACIÓN TECOLUTLA-12DES VER1.0.pdf,application/pdf,1826395,2021-02-18T20:02:00Z,1QKhkx43fP_pPZqQ0x5NTpZGs6mL1645x,,unsorted/1QKhkx43fP_pPZqQ0x5NTpZGs6mL1645x
1e6d2-sgRHkuEudw7dO0o5Oc58hk4q95Y,PROGRAMA DE PERFORACIÓN TECOLUTLA-12DES VER1.1.pdf,application/pdf,5607995,2021-02-23T22:27:02Z,1RYMQV7iiJvJB3RXfG5QiQ15osRl-Aj8i,,unsorted/1RYMQV7iiJvJB3RXfG5QiQ15osRl-Aj8i
1dyHEbFJmgPSAOAEtmQFNnl-PF1RQR3PC,tecolultla short tec 12 (1).pptx,application/vnd.openxmlformats-officedocument.presentationml.presentation,3678660,2020-10-19T21:35:57Z,1RlyFCI5-f-MYWWZ6_M7SSc0Sp3rN26ES,,unsorted/1RlyFCI5-f-MYWWZ6_M7SSc0Sp3rN26ES
11ioDcK5SyJGm8Y5I_LTVNirYCVusJjgw,tecolultla short tec 12.pptx,application/vnd.openxmlformats-officedocument.presentationml.presentation,3678660,2020-10-19T19:12:00Z,1RlyFCI5-f-MYWWZ6_M7SSc0Sp3rN26ES,,unsorted/1RlyFCI5-f-MYWWZ6_M7SSc0Sp3rN26ES
1TBvzrDZLyBIzvmwBHLfZmTcnIvjlCG7X,Programa de perforación Tecolutla 12.pdf,application/pdf,5622352,2021-05-25T17:37:27Z,1RtTg6-5Oc1vjDfD5r9SNWeCsTC1r-mWM,,unsorted/1RtTg6-5Oc1vjDfD5r9SNWeCsTC1r-mWM
1FbY6T0yNjQLvHt-wodVP_x0skYPdQv0r,TECOLUTLA-9_NEUTRON_2348_2000_08MAY1973P.TIF,image/tiff,2320738,2015-01-14T22:36:42Z,1TbAYWh77g8J4tulAZDOR_jJWPUIeMLD0,Tecolutla 9,geology/Tecolutla Well Logs/Tecolutla 9
1gT2MtpQB7rLN1GbI-smnI5gVmQ292-YM,TECOLUTLA-9_RESISTIVO_2337_2000_05MAY1973P.TIF,image/tiff,2514620,2015-01-14T22:36:36Z,1TbAYWh77g8J4tulAZDOR_jJWPUIeMLD0,Tecolutla 9,geology/Tecolutla Well Logs/Tecolutla 9
1nVD58HYOqblocOOy9sOUmbV6PdjJCzfP,TECOLUTLA-9_RESISTIVO_SONICO_NEUTRON_2345_2000_08MAY1973P.LAS,application/octet-stream,412439,2015-04-29T23:02:51Z,1TbAYWh77g8J4tulAZDOR_jJWPUIeMLD0,Tecolutla 9,geology/Tecolutla Well Logs/Tecolutla 9
1xPIf66ineXJ2SIUZE4uMpg0XxvpVmpyp,TECOLUTLA-9_SONICO_2329_2000_05MAY1973P.TIF,image/tiff,2699303,2015-01-14T22:36:48Z,1TbAYWh77g8J4tulAZDOR_jJWPUIeMLD0,Tecolutla 9,geology/Tecolutla Well Logs/Tecolutla 9
1_1rQC0wOiQsr2NzZjk8mLrqCGzJEVx5t,TECOLUTLA-9_SONICO_2340_2300_07MAY1973P.TIF,image/tiff,639076,2015-01-14T22:36:54Z,1TbAYWh77g8J4tulAZDOR_jJWPUIeMLD0,Tecolutla 9,geology/Tecolutla Well Logs/Tecolutla 9
1bBnQuUDziBxcMGAHpOm21N4EQXEd425U,TONALLI ENERGIA IFRS Q1_2026 (MS Comments).doc,application/msword,526336,2026-06-19T17:47:12.839Z,1TeHvRb5Jk5OvReI_5tiQj1ZtFEQU-Lw5,,unsorted/1TeHvRb5Jk5OvReI_5tiQj1ZtFEQU-Lw5
1abE699_MfihbpEo5s_H0WG4GtePu_MIv,BLOQUE_TECOLUTLA_101_BHC_2200_2360_22_02_1972.TIF,image/tiff,768620,2016-06-15T21:38:11Z,1UOgFqLVUzV5dWPUYTpEF41pQ8ltWpmMo,Tecolutla 101,geology/Tecolutla Well Logs/Tecolutla 101
1nhxMHgQLW_UWySfxXJaDUTFX1lFKQU14,BLOQUE_TECOLUTLA_101_CILD_DT_GR_ILD_NEUT_SN_SP_SPHI_1699_2364.LAS,application/octet-stream,512862,2015-01-14T23:18:08Z,1UOgFqLVUzV5dWPUYTpEF41pQ8ltWpmMo,Tecolutla 101,geology/Tecolutla Well Logs/Tecolutla 101
1JeaeaE8sZUlwrlJ6cm817AgDdxBH9vhn,BLOQUE_TECOLUTLA_101_GN_1700_2363_22_02_1972.TIF,image/tiff,1997450,2016-06-15T21:44:29Z,1UOgFqLVUzV5dWPUYTpEF41pQ8ltWpmMo,Tecolutla 101,geology/Tecolutla Well Logs/Tecolutla 101
1nTsQve4dSJOhKgNVAMFPwnsjnOSc1SLa,BLOQUE_TECOLUTLA_101_IL_1700_2363_22_02_1972.TIF,image/tiff,628069,2015-01-14T22:34:56Z,1UOgFqLVUzV5dWPUYTpEF41pQ8ltWpmMo,Tecolutla 101,geology/Tecolutla Well Logs/Tecolutla 101
1hyjTjReFgeJSvJJOdidHYIso2AGevDZK,Tecolutla Well Header Information.csv,text/csv,948,2019-01-27T17:17:01Z,1Utf__mkt3m3KPT-3J0ZnFcAH_5VwiHRZ,Tecolutla Well header Information,geology/Tecolutla Well header Information
1kNxlMUGvtTW9RpxueOyN7jxNupXjOtbu,Tecolutla Production Tracking.xlsx,application/vnd.openxmlformats-officedocument.spreadsheetml.sheet,371671,2022-12-10T21:09:39Z,1V_Su_OpLDovMckw5r1A62FxBv-dImWP0,STAFF PRODUCTION TONALLI,staff_production
1efU0sb7J09j0pnZA9713a-JOutU_YRwa,PROGRAMA DE TERMINACIαN TECOLUTLA-12DES VER1.0.pdf,application/pdf,2553033,2021-07-09T00:17:42Z,1Wj7NZdAcQitn5QbUEVcA8CrM7YKjEym-,,tec12_regulatory
10kwYU5JjZdmSs56gi4yK0GJucStQy6Kn,PROGRAMA DE PERFORACIÓN TECOLUTLA-12DES VER1.1.pdf,application/pdf,5607995,2021-02-24T05:27:02Z,1Y0T6hweMCULsAvwEmXVUkmuI110Zo5NQ,,unsorted/1Y0T6hweMCULsAvwEmXVUkmuI110Zo5NQ
1cbE9IPIG_iOEhzXV9me6wDJFqb57YIug,BLOQUE_TECOLUTLA_3_CALI_595_2379_09_03_1956.LAS,application/octet-stream,312775,2015-01-14T22:44:52Z,1YH9z59OMPzc8ZVEV8kyh-1k4n59pZVtC,Tecolutla 3,geology/Tecolutla Well Logs/Tecolutla 3
1SjC-Ff2f3SshkcBgrYEEtFAaj6-qmLnz,BLOQUE_TECOLUTLA_3_CALI_595_2380_09_03_1956.TIF,image/tiff,334779,2015-01-14T22:41:40Z,1YH9z59OMPzc8ZVEV8kyh-1k4n59pZVtC,Tecolutla 3,geology/Tecolutla Well Logs/Tecolutla 3
13v4-cri0tuZSceudHf1_Bus6-yYrVVPk,BLOQUE_TECOLUTLA_3_EL_602_2380_09_03_1956.TIF,image/tiff,570251,2015-01-14T22:41:36Z,1YH9z59OMPzc8ZVEV8kyh-1k4n59pZVtC,Tecolutla 3,geology/Tecolutla Well Logs/Tecolutla 3
1KkxnDDEK73ZVnIp_D9Uf7sLhsES8eKAM,BLOQUE_TECOLUTLA_3_GN_75_2380_09_03_1956.TIF,image/tiff,571875,2015-01-14T22:41:30Z,1YH9z59OMPzc8ZVEV8kyh-1k4n59pZVtC,Tecolutla 3,geology/Tecolutla Well Logs/Tecolutla 3
1JZmqsCmPJbo6Pe_plQ-zw9RQ87fEgwt2,BLOQUE_TECOLUTLA_3_GR_NEUT_75_2379_09_03_1956.LAS,application/octet-stream,583079,2015-01-14T22:44:52Z,1YH9z59OMPzc8ZVEV8kyh-1k4n59pZVtC,Tecolutla 3,geology/Tecolutla Well Logs/Tecolutla 3
1fPCazxyf0yCjIPaok7N-94ZBmjOPRVfJ,BLOQUE_TECOLUTLA_3__SP_SN_LAT_LN_602_2379_09_03_1956.LAS,application/octet-stream,731930,2015-01-14T22:44:52Z,1YH9z59OMPzc8ZVEV8kyh-1k4n59pZVtC,Tecolutla 3,geology/Tecolutla Well Logs/Tecolutla 3
1OKpQuvjCMGuKX7_-9eZNOTV0-gWbXPYi,TECOLUTLA DIRECTIONAL SURVEY DATA.CSV,text/csv,21847,2019-01-27T18:08:15Z,1b7dINYCGMxcc4o4L7IfiK6tCVPfvyGOK,Directional Survey,geology/Directional Survey
1xVMk3sM2k8bP6SJ37SXxNvnGv-DcYChA,201807 Tecolutla-10 Welltest Data.xlsx,application/vnd.openxmlformats-officedocument.spreadsheetml.sheet,9594784,2022-06-28T05:00:10Z,1c-Idpc_CVfENHfofzJj_kjwK0oT3L54v,,appraisal_plan
1NXsHrHiXEJZduOtjvW_zLFDuU4DSiY9s,20180726 Tec-10 Quick IPR2.xlsx,application/vnd.openxmlformats-officedocument.spreadsheetml.sheet,41331,2022-06-28T17:05:59Z,1c-Idpc_CVfENHfofzJj_kjwK0oT3L54v,,appraisal_plan
1yT2Ty8M-x_QVU1xQXGZOyPUejSpFfQZl,6 -Resumen Campo Tecolutla.docx,application/vnd.openxmlformats-officedocument.wordprocessingml.document,2520212,2022-03-08T20:28:51Z,1c-Idpc_CVfENHfofzJj_kjwK0oT3L54v,,appraisal_plan
1edvEt4r9zOd3E4DtKtqlED6nHTneAAx2,Cronograma de actividades ACTUAL con montos PT  2021-2022.xlsx,application/vnd.openxmlformats-officedocument.spreadsheetml.sheet,16388,2022-02-17T07:04:33Z,1c-Idpc_CVfENHfofzJj_kjwK0oT3L54v,,appraisal_plan
1iLKYXFtPks9snWI6t8_h3vh4wWvj1aMz,Docto Puente Prev PT.xlsx,application/vnd.openxmlformats-officedocument.spreadsheetml.sheet,21445,2022-05-30T14:33:36Z,1c-Idpc_CVfENHfofzJj_kjwK0oT3L54v,,appraisal_plan
12DotAhpv-KqCr0MjcJreEDUNiNkIY9KB,Economic Model (Tecolutla Feb 2022).xlsm,application/vnd.ms-excel.sheet.macroenabled.12,3340446,2022-04-11T18:11:51Z,1c-Idpc_CVfENHfofzJj_kjwK0oT3L54v,,appraisal_plan
1VOEB-dUwA09jvs6wbQSKf8RKk8wzfzlI,Economic Model (Tecolutla Feb 2022)2.xlsm,application/vnd.ms-excel.sheet.macroenabled.12,3340638,2022-04-11T18:10:15Z,1c-Idpc_CVfENHfofzJj_kjwK0oT3L54v,,appraisal_plan
1ypfeJBmQ6E5PlpDp9pYbWpGlBe6cS8gp,Economic Model (Tecolutla Feb 2022)3.xlsm,application/vnd.ms-excel.sheet.macroenabled.12,3541927,2022-04-11T18:08:24Z,1c-Idpc_CVfENHfofzJj_kjwK0oT3L54v,,appraisal_plan
1ot-v1ZrauI5EEACfa0pKQT5c6QwMBq-x,Economic Model (Tecolutla Feb 2022)4 (Tec12 & Tec13).xlsm,application/vnd.ms-excel.sheet.macroenabled.12,3621892,2022-06-17T00:37:10Z,1c-Idpc_CVfENHfofzJj_kjwK0oT3L54v,,appraisal_plan
1AbvVow3BUfBiosuUY6ecTiFhP21YWg29,Economic Model (Tecolutla Feb 2022)5 (HZ).xlsm,application/vnd.ms-excel.sheet.macroenabled.12,3493335,2022-04-12T01:35:16Z,1c-Idpc_CVfENHfofzJj_kjwK0oT3L54v,,appraisal_plan
1eln5w1CtJgTptaIKe3_vQNnG3XEFVklk,El Abra Trend Field Analogies.xlsx,application/vnd.openxmlformats-officedocument.spreadsheetml.sheet,51524,2022-03-08T20:10:10Z,1c-Idpc_CVfENHfofzJj_kjwK0oT3L54v,,appraisal_plan
1UsBhsPiZxl0Y2dvtpSbZ9PkFzhS7dqBK,GLJ jan22.xlsx,application/vnd.openxmlformats-officedocument.spreadsheetml.sheet,61757,2022-02-17T16:14:40Z,1c-Idpc_CVfENHfofzJj_kjwK0oT3L54v,,appraisal_plan
1vfyNVZVK4xy0XP0ZyNGmhg1FAGkuRj4m,Gas Conservation Economics. (Updated 20220530).xlsx,application/vnd.openxmlformats-officedocument.spreadsheetml.sheet,362804,2022-06-16T14:35:19Z,1c-Idpc_CVfENHfofzJj_kjwK0oT3L54v,,appraisal_plan
1OhYphaCZ_HathKR163VN_HdlDHmVcPSP,Gas Reserves answer.docx,application/vnd.openxmlformats-officedocument.wordprocessingml.document,12902,2022-05-27T01:31:59Z,1c-Idpc_CVfENHfofzJj_kjwK0oT3L54v,,appraisal_plan
1ZhgtGdDCk98ZNO4cIlzoExmjQx6hWN-r,Gas Reserves answer.xlsx,application/vnd.openxmlformats-officedocument.spreadsheetml.sheet,757637,2022-06-17T21:26:25Z,1c-Idpc_CVfENHfofzJj_kjwK0oT3L54v,,appraisal_plan
1dbCNk_hXp_bVi6N5Xh9-_vDJSDlH6zjL,HWrates (TEC-11).xls,application/vnd.ms-excel,218624,2022-06-21T18:11:40Z,1c-Idpc_CVfENHfofzJj_kjwK0oT3L54v,,appraisal_plan
1jRu2e3W-WSNDa_nn9d94iFaX2PROOAIa,PVT Calculator (Tecolutla).xlsx,application/vnd.openxmlformats-officedocument.spreadsheetml.sheet,64344,2022-03-08T20:20:54Z,1c-Idpc_CVfENHfofzJj_kjwK0oT3L54v,,appraisal_plan
1HN97MVigKiamt_6JRA_eo6Hb8Oe3wHOT,Petrel Robertson Volumetrics.xlsx,application/vnd.openxmlformats-officedocument.spreadsheetml.sheet,10535,2022-05-25T16:23:15Z,1c-Idpc_CVfENHfofzJj_kjwK0oT3L54v,,appraisal_plan
19DHG8n7BhFErTQaJJg81vigJMYuaVW7Y,Production (Tecolutla).xlsx,application/vnd.openxmlformats-officedocument.spreadsheetml.sheet,1159966,2022-05-27T01:49:55Z,1c-Idpc_CVfENHfofzJj_kjwK0oT3L54v,,appraisal_plan
1snFP_ndmVOQuqzmY0jK5UWy6WtoO5px_,Tecolutla Production History (Possible Solution GOR).xlsx,application/vnd.openxmlformats-officedocument.spreadsheetml.sheet,782586,2022-05-27T01:28:46Z,1c-Idpc_CVfENHfofzJj_kjwK0oT3L54v,,appraisal_plan
1ZsG6QWY_IzEVnh7qpOthApjVWq0XncUL,Tecolutla Production Summary (by well by perf interval).xlsx,application/vnd.openxmlformats-officedocument.spreadsheetml.sheet,14818,2021-01-27T19:52:08Z,1c-Idpc_CVfENHfofzJj_kjwK0oT3L54v,,appraisal_plan
1oIBQTtf-P11dBhIcxmhTp71nRJ_IU3p5,Tecolutla Production to Dec 2018.xlsx,application/vnd.openxmlformats-officedocument.spreadsheetml.sheet,687388,2022-05-27T01:48:32Z,1c-Idpc_CVfENHfofzJj_kjwK0oT3L54v,,appraisal_plan
1ONhREcEViJJogCAgiQOlT2tAU8xAzaFC,Tecolutla Type Curve Calculation for CNH.xlsx,application/vnd.openxmlformats-officedocument.spreadsheetml.sheet,94412,2022-06-04T18:00:53Z,1c-Idpc_CVfENHfofzJj_kjwK0oT3L54v,,appraisal_plan
1EGvc6_3ASOq3d5HsS7KEipxvSpjL_MsA,Tecolutla Type Curve.xlsx,application/vnd.openxmlformats-officedocument.spreadsheetml.sheet,139055,2022-03-15T16:59:07Z,1c-Idpc_CVfENHfofzJj_kjwK0oT3L54v,,appraisal_plan
1o1IZYwlJekumAkU8SbkMdfpbzJ_aM8iI,Tonalli Forecast June to Dec 2022 (from Andy).xlsx,application/vnd.openxmlformats-officedocument.spreadsheetml.sheet,83114,2022-05-31T13:52:55Z,1c-Idpc_CVfENHfofzJj_kjwK0oT3L54v,,appraisal_plan
1GwaALHry842kGygB_GF2wRylGWdNiven,Traditional Decline Analysis Theory (Fekete).pdf,application/pdf,250226,2022-05-31T01:06:32Z,1c-Idpc_CVfENHfofzJj_kjwK0oT3L54v,,appraisal_plan
1UBkJfd1yyn1fprYrNw6mBq9CWt4l_RAI,Transition plan-Production chapter.docx,application/vnd.openxmlformats-officedocument.wordprocessingml.document,286371,2022-06-28T16:48:45Z,1c-Idpc_CVfENHfofzJj_kjwK0oT3L54v,,appraisal_plan
1qIM_lf_M53wYrt6hntAHcYqV51Iwm62n,Tecolutla 11_Tieback 4 12_Graficas_181218.pptx,application/vnd.openxmlformats-officedocument.presentationml.presentation,462852,2018-12-18T22:19:58Z,1cJi7ZgF5iE02zMCWXGUCe3_4BiRVhYyp,,tec11
1jP6P7uIk6WgYEmcBgxrd86aFsxHFHDIM,Programa de perforación Tecolutla 12.pdf,application/pdf,5622352,2021-05-27T19:11:51Z,1d8iIb0ZNuYWHxq9L_xsEKq8nzoCJOB_B,,tec12_regulatory
1drqIuDi_2PVZZSHV3li5cwtPi4XyoW2k,Tecolutla Perforations  Informaiton.csv,text/csv,1216,2019-01-27T17:23:20Z,1eS4NV3LT1NF-Hcwjz31owwkv34LTxnI6,Tecolutla Perforations,geology/Tecolutla Perforations
1uDn3xnjveSj_XJljKhBgOSpi2jxBBht2,PROGRAMA DE PERFORACIÓN TECOLUTLA-12DES VER1.1.pdf,application/pdf,5607995,2021-02-23T22:27:02Z,1enIT7tkiG6sbDkTJlWcE7GjrX2XLuB65,Petrophysics,petrophysics
1TwzaCpImMli72X8sXZMf3IliGDnmtLSE,Potential Pay left behind in TEC-9 and TEC-6.pptx,application/vnd.openxmlformats-officedocument.presentationml.presentation,1601008,2020-08-27T04:03:50Z,1enIT7tkiG6sbDkTJlWcE7GjrX2XLuB65,Petrophysics,petrophysics
1SFs3LHcYpMjqsKcRAAr_dLdLz4xAoieg,TEC-9 SS Logs.pptx,application/vnd.openxmlformats-officedocument.presentationml.presentation,94707,2020-08-04T02:56:04Z,1enIT7tkiG6sbDkTJlWcE7GjrX2XLuB65,Petrophysics,petrophysics
1OVKzzn3uiOOwGCoBQ-cmODZx-WgD1CgD,"Tantoyuca TEC-2,6,9.pptx",application/vnd.openxmlformats-officedocument.presentationml.presentation,512569,2020-10-07T22:36:30Z,1enIT7tkiG6sbDkTJlWcE7GjrX2XLuB65,Petrophysics,petrophysics
1NZNLjtIxjq-SNZGUtU4MWL-r_6oSKAyi,XSections & Logs Eduardo Navarrete.pptx,application/vnd.openxmlformats-officedocument.presentationml.presentation,3935657,2020-09-29T18:43:07Z,1enIT7tkiG6sbDkTJlWcE7GjrX2XLuB65,Petrophysics,petrophysics
1erNL0q5h8FTss9nbe-6NV0cfnDRQgh11,XSections & Logs.xlsx,application/vnd.openxmlformats-officedocument.spreadsheetml.sheet,495643,2020-10-08T22:55:47Z,1enIT7tkiG6sbDkTJlWcE7GjrX2XLuB65,Petrophysics,petrophysics
1HM_P_8rudn0iBcH1qSIho_D25BcnY3HP,Draft Jaguar Tonalli Farm-ins PR20082026 (MS Comments).docx,application/vnd.openxmlformats-officedocument.wordprocessingml.document,23478,2026-08-21T13:39:35.173Z,1fs3caLC5J7es_KJs4CfCDSYz3aN5Nm3o,,unsorted/1fs3caLC5J7es_KJs4CfCDSYz3aN5Nm3o
1s4gJwlNMK00pyEUEOAVmd9nXyMJsS8OJ,TECOLUTLA 10_CMI_IMAGE_SPEED CORRECTED_DATA_2487.00m-2280.5m_02MAY2018.dlis,application/octet-stream,193605748,2018-05-09T21:11:30Z,1j_I3_OZeSLt9EAdjmzAP_Hz70VzZx3wg,,unsorted/1j_I3_OZeSLt9EAdjmzAP_Hz70VzZx3wg
1ZLmOaEjwJxUhypJE9rjYKFzgXa_HifxX,2021 Overall Analytical - Tonalli (IFR Comments).xlsx,application/vnd.openxmlformats-officedocument.spreadsheetml.sheet,276563,2022-10-04T11:02:47Z,1kO8Lwhsurc90VomsGBMoDOo_yc9owlOj,,unsorted/1kO8Lwhsurc90VomsGBMoDOo_yc9owlOj
1s2vLENecpfGAOmffy1o680jXMTVCp8_Q,ElAbra Depth Tec12.pptx,application/vnd.openxmlformats-officedocument.presentationml.presentation,985447,2020-12-26T18:21:26Z,1kSUxvf07pQ-RdnzsXByeLToMfRmwcmlS,,unsorted/1kSUxvf07pQ-RdnzsXByeLToMfRmwcmlS
1tKclTffCjiWak_JgTIuqyRRo5KEKDEsk,PROGRAMA DE TERMINACIÓN TECOLUTLA-12DES VER1.0.pdf,application/pdf,2553033,2021-07-08T23:35:00Z,1l8bHejojLptnsu9fxXeckSvT86bgHZPR,,unsorted/1l8bHejojLptnsu9fxXeckSvT86bgHZPR
1bsVwKuI4-NkyAikt2lGCTAdAG1-sXLg5,TEC-10 Updated Drilling Cost Summary 15Jun2018.xlsx,application/vnd.openxmlformats-officedocument.spreadsheetml.sheet,45919,2022-09-20T05:20:06Z,1mCAOPBxwe8rOq3gkKUgdxrYschinbdFw,,unsorted/1mCAOPBxwe8rOq3gkKUgdxrYschinbdFw
1Bfhe41VqYnDLS7fsiIqLT2n4y4o3qtBl,TEC-11 Drilling Cost Tracker 26Dec2018.xlsx,application/vnd.openxmlformats-officedocument.spreadsheetml.sheet,46402,2022-09-20T05:20:07Z,1mCAOPBxwe8rOq3gkKUgdxrYschinbdFw,,unsorted/1mCAOPBxwe8rOq3gkKUgdxrYschinbdFw
1ySMJ7cz709otA6OHxktLASqmRqyUnokE,PROGRAMA DE TERMINACIÓN TECOLUTLA-12DES VER1.0.pdf,application/pdf,1826395,2021-02-18T20:02:00Z,1mHSYtO5n_vCPP7toknw0T9Fo2yqi7qp4,Tecolutla-12DES,unsorted/Tecolutla-12DES
1Bx6MN_bjeqdwHBliL_C9nSRsNr8gl8wN,PROGRAMA DE TERMINACIÓN TECOLUTLA-12DES VER1.0.pdf,application/pdf,1826395,2021-02-18T20:02:00Z,1mpRwOf_rk4kNeBy088y0MyOyH4MDfzKq,Tecolutla-12DES,unsorted/Tecolutla-12DES
110cvJyND255ck0Kgzt9bljFO8siEoODJ,PROGRAMA DE TERMINACIÓN TECOLUTLA-12DES VER1.0.pdf,application/pdf,1826395,2021-02-18T19:53:49Z,1naPyKVzkvgeijMo-0KzDHFX06s09VV8c,,unsorted/1naPyKVzkvgeijMo-0KzDHFX06s09VV8c
1yR-JAaLhI96BPP9bhxnGu3jH7AePG23b,TECOLUTLA 10_CMI IMAGE DIPS_2487.00m-2280.5m_02MAY2018.las,application/octet-stream,22661,2018-05-10T03:11:32Z,1nedpANNYEF1dPIEMoqF8jHxYSqEWoRvz,,geology/tec10_image_log
1rP1ywVyxNZysE-Wf-LxE6bR9fjzen6f-,TECOLUTLA 10_CMI IMAGE PREVIEW__2487.00m-2280.5m_02MAY2018.tif,image/tiff,67420116,2018-05-10T03:11:08Z,1nedpANNYEF1dPIEMoqF8jHxYSqEWoRvz,,geology/tec10_image_log
1CUgPM1Ez8cN7SpbjIKrbfESg0_Bh3vxb,TECOLUTLA 10_CMI INTERPRETED IMAGE__2487.00m-2280.5m_02MAY2018.tif,image/tiff,50222117,2018-05-10T03:11:34Z,1nedpANNYEF1dPIEMoqF8jHxYSqEWoRvz,,geology/tec10_image_log
1W04q79ydXtw8GUBnhWCeMVvO161J3Fwl,PROGRAMA DE TERMINACIÓN TECOLUTLA-12DES VER1.0.pdf,application/pdf,1826395,2021-02-18T20:02:00Z,1oD5Yvqf4RCGgn2iFk0VGcRGC0yeUnHo9,Tecolutla-12DES,unsorted/Tecolutla-12DES
1jast-m806fDjr3sZKXoiIyGgOhKG-y6g,PROGRAMA DE TERMINACIÓN TECOLUTLA-12DES VER1.0.pdf,application/pdf,2553033,2021-07-08T23:35:00Z,1oFqOXo_77nlt6lrgEcetk_DNP8917ZqB,,unsorted/1oFqOXo_77nlt6lrgEcetk_DNP8917ZqB
1lo6zVOjfSULsuDOgfj7zTvGfIO6VywAZ,TEC-12 Proposed Well Diagram Vertical.pptx,application/vnd.openxmlformats-officedocument.presentationml.presentation,51069,2020-08-07T16:22:43Z,1rFSdeupTN3COv9sA4H3fSTEB5ezcQiJP,,unsorted/1rFSdeupTN3COv9sA4H3fSTEB5ezcQiJP
1xPzWavZGHClq9_ca4YeLNdP9rcORkbwI,Tec 12 Cartoon.pptx,application/vnd.openxmlformats-officedocument.presentationml.presentation,2286049,2020-08-06T21:39:10Z,1rFSdeupTN3COv9sA4H3fSTEB5ezcQiJP,,unsorted/1rFSdeupTN3COv9sA4H3fSTEB5ezcQiJP
1_8MlcM76ta8RQQZY2sktvM6OJPU3YjI8,8.2 Drilling & Completion Program Drafts & Cost Breakdown.zip,application/zip,12779856,2022-09-17T18:56:10Z,1s9qsFA5pFfapqlE9XzoUTQFnfymnqQvT,,unsorted/1s9qsFA5pFfapqlE9XzoUTQFnfymnqQvT
1_mSzgoCZN5ol48Iv7Plr_Wt03H4pMNyc,ElAbra Depth Tec12.pptx,application/vnd.openxmlformats-officedocument.presentationml.presentation,985447,2020-12-26T18:21:26Z,1tENlBoFStG1POv6gssUZoxKu1bZOZml8,,tec12_2020
1iOXinDpibTQukZRgDhv9IkFQhsEQIC-S,09001539801b6d6f_COPITE-95_FMI_IMAGEN_MICRORESTIVA_INT_2509-2663.pdf,application/pdf,3160216,2016-09-08T23:13:44Z,1to_kv4WSy8MecSFz0o_aW5Py-F8tSzmv,,unsorted/1to_kv4WSy8MecSFz0o_aW5Py-F8tSzmv
1AhHGt8QlM8t0dtYIQiZAz-NRFAbiSHoL,BLOQUE_TECOLUTLA_6_4_2281_13_03_2007.LAS,application/octet-stream,5865875,2015-01-14T23:05:14Z,1uRGjE0pTjeWzVAGIF5ULWhMei2qEGH2E,Tecolutla 6,geology/Tecolutla Well Logs/Tecolutla 6
1PyWWNXYa3KgLwS_BdcDuA-2QrFcIdk3o,BLOQUE_TECOLUTLA_6_CALI_2302_2335_11_10_1956.TIF,image/tiff,106961,2015-01-14T22:39:04Z,1uRGjE0pTjeWzVAGIF5ULWhMei2qEGH2E,Tecolutla 6,geology/Tecolutla Well Logs/Tecolutla 6
1AdtYgiPRUzuTSf9tI_c1vRkRgwXWMKXe,BLOQUE_TECOLUTLA_6_CBL_45_2274_13_03_1907.PDS,application/octet-stream,9075200,2015-01-14T22:38:56Z,1uRGjE0pTjeWzVAGIF5ULWhMei2qEGH2E,Tecolutla 6,geology/Tecolutla Well Logs/Tecolutla 6
1pox5_zXtG7AyLR21VYU8N9HqIVjqBmia,BLOQUE_TECOLUTLA_6_GN_2335_100_11_10_1956.TIF,image/tiff,1263031,2015-01-14T22:39:08Z,1uRGjE0pTjeWzVAGIF5ULWhMei2qEGH2E,Tecolutla 6,geology/Tecolutla Well Logs/Tecolutla 6
1J6pKcJpgE1irA537cuCsiCx7XxYvxqev,BLOQUE_TECOLUTLA_6_GR_NEUT_100_2335.LAS,application/octet-stream,574729,2015-01-14T23:08:36Z,1uRGjE0pTjeWzVAGIF5ULWhMei2qEGH2E,Tecolutla 6,geology/Tecolutla Well Logs/Tecolutla 6
1cKzJaHZwQjQ04w25zVZZDocqBrD4fxee,BLOQUE_TECOLUTLA_6_IDWD_SCD_CCL_TIME_4_2281_13_03_2007.LAS,application/octet-stream,6461724,2015-01-14T23:05:14Z,1uRGjE0pTjeWzVAGIF5ULWhMei2qEGH2E,Tecolutla 6,geology/Tecolutla Well Logs/Tecolutla 6
19jEjlAb6S_2sS_rcGPS4k4XSU1hmj05q,BLOQUE_TECOLUTLA_6_TIME_VDL_4_2281_13_03_2007.LAS,application/octet-stream,1978970,2015-01-14T23:05:14Z,1uRGjE0pTjeWzVAGIF5ULWhMei2qEGH2E,Tecolutla 6,geology/Tecolutla Well Logs/Tecolutla 6
1xwqkxJqRa4OFYzKR30eVQznqI_Sj7KnR,TECOLUTLA 10 (JOB0000438839) (3).zip,application/zip,1069140100,2018-05-09T21:09:51Z,1ujDfBK2soBVxCFX4u-8yk_B4cBIabOMX,Final Images and Logs,geology/Tecolutla Well Logs/Tecolutla 10/Final Images and Logs
1DZ-xeQ7n5EAFFl-QipOJPe9ju9J6iuP5,TEC-12 Proposed S-Shaped Well Design.pptx,application/vnd.openxmlformats-officedocument.presentationml.presentation,54289,2020-08-25T02:30:06Z,1vYsMBoGKAnKCcDjCFVbvGrD3oU0aKRFW,,tec12_2020
1lSP3bLqzpknVQV_GSsUYKYVqy_l9uQf3,Tec 12 Seismic images.pptx,application/vnd.openxmlformats-officedocument.presentationml.presentation,5173134,2020-08-20T19:33:00Z,1vYsMBoGKAnKCcDjCFVbvGrD3oU0aKRFW,,tec12_2020
1ayn5ddE5ioD9MIIhMfieHz0185OUCU4x,Tec-12 Back-up Slides.pptx,application/vnd.openxmlformats-officedocument.presentationml.presentation,14509963,2020-08-27T19:44:11Z,1vYsMBoGKAnKCcDjCFVbvGrD3oU0aKRFW,,tec12_2020
12qxiAXyUnaskmNKfcihB7bYruJAVpQPM,TECOLUTLA 10_CMI INTERPRETED IMAGE__2487.00m-2280.5m_02MAY2018.pdf,application/pdf,14128242,2021-02-06T22:54:34Z,1vbgBnsSv6HpB_dp9KF9IqK0ku93uAQXg,,geology/tec10_image_log
1UTXD3q5c2TSs9RFhF0OVXTpWsB5zmGOe,Litologia_Tecolutla_10.pdf,application/pdf,7307773,2018-06-14T21:41:05Z,1vlxt0ZJTudEHR9fV7d5GQjpd2xmxG5Lm,Sample Descriptions,geology/Tecolutla-10 Core and Sample Descriptions/Sample Descriptions
1duCrOXVk6NdKZZgnHhig45KjWvmDFjXl,Masterlog_Tecolutla 10_470 a 2490 m.pdf,application/pdf,6954825,2018-05-02T08:01:32Z,1vlxt0ZJTudEHR9fV7d5GQjpd2xmxG5Lm,Sample Descriptions,geology/Tecolutla-10 Core and Sample Descriptions/Sample Descriptions
1n9FiR2-A0YROJxOAeRNId5RE52hY9kG_,REPORTE FINAL TECOLUTLA-10_020518.pdf,application/pdf,1837831,2018-06-14T21:35:46Z,1vlxt0ZJTudEHR9fV7d5GQjpd2xmxG5Lm,Sample Descriptions,geology/Tecolutla-10 Core and Sample Descriptions/Sample Descriptions
1Qxlaw8nmLRE1jGNjx9_xIQYHFZSmjAnd,Response to First TSXV Comment Letter v1  WL comments MS.docx,application/vnd.openxmlformats-officedocument.wordprocessingml.document,983306,2026-08-27T11:51:05.384Z,1xFa7qUE-WlUHlYBDNlKS63DUNRjZmRII,,unsorted/1xFa7qUE-WlUHlYBDNlKS63DUNRjZmRII
1ONdt95ZAnT_1vDg7jHBR5wYa8zLqrg-O,Response to First TSXV Comment Letter v1  WL comments.docx,application/vnd.openxmlformats-officedocument.wordprocessingml.document,983476,2026-08-27T11:42:54.407Z,1xFa7qUE-WlUHlYBDNlKS63DUNRjZmRII,,unsorted/1xFa7qUE-WlUHlYBDNlKS63DUNRjZmRII
1_FzbUKwisATmwr_oqLZPkx31h2ClMfsJ,PROGRAMA DE TERMINACIÓN TECOLUTLA-12DES VER1.0.pdf,application/pdf,2553033,2021-07-08T23:35:00Z,1yE6YzJ0_5Pzt3vBwHxoI1LxK3BHqO2jv,,unsorted/1yE6YzJ0_5Pzt3vBwHxoI1LxK3BHqO2jv
1654M6-9kxKHroT8aB12IWSK9ByTEh7eZ,1-500 MD_Memoria_GAM-SST.pdf,application/pdf,2309861,2019-01-27T17:38:21Z,1yFvIG1iUM-zZV5JzCzMMWFO7A6mXDz-R,Tecolutla 11,geology/Tecolutla Well Logs/Tecolutla 11
1CWCICGvRDH2K9uKtpnpwUzB-hh9NINWS,1-500 TVD_Memoria_GAM-SST.pdf,application/pdf,357720,2019-01-27T17:38:26Z,1yFvIG1iUM-zZV5JzCzMMWFO7A6mXDz-R,Tecolutla 11,geology/Tecolutla Well Logs/Tecolutla 11
1CdBdw_NpGSP0rTPp-FeTh_aY-e6voqCa,LAS Tecolutla 11-DES GAM_SST.rar,application/rar,2302533,2019-01-27T17:38:31Z,1yFvIG1iUM-zZV5JzCzMMWFO7A6mXDz-R,Tecolutla 11,geology/Tecolutla Well Logs/Tecolutla 11
1kxRzagNdk17g7Ozlm4D4fOsyYaB-Yu6z,Tecolutla 11_LAS_GR_SST_3283 mMD (1).las,application/octet-stream,494949,2019-01-27T17:39:39Z,1yFvIG1iUM-zZV5JzCzMMWFO7A6mXDz-R,Tecolutla 11,geology/Tecolutla Well Logs/Tecolutla 11
