file_id,path,size_bytes,modified_time,drive_md5,sha256,mime_type,pulled_at,source_kind,export_note
1hyjTjReFgeJSvJJOdidHYIso2AGevDZK,data/raw/geology/Tecolutla Well header Information/Tecolutla Well Header Information.csv,948,2019-01-27T17:17:01Z,ce055a7bb34c945a854b5a5118d910cc,067d2c603833bfa56d2b7d5fea16b4c798cff6c6087b5c100ea48e0d81e7d6b6,text/csv,2026-09-15T04:35:22+00:00,drive-connector,
1WnmrcP4TC7kiRVEJwsiaYXDeVf8hNyxQ,data/raw/tec12_drill/Tec-12 Time vs Depth.pdf,130100,2023-09-29T15:37:13Z,5069111137cab2d6810a5248d655a852,d9f92d6139fea7b9becf27d953bb6027a0a27c35a9e344e8cf26f4d91bbd04ba,application/pdf,2026-09-15T04:36:15+00:00,drive-connector,
1h9rLxnpQemUlPl_yZGnUoUXDRjcCazIl,data/raw/tec12_drill/Petrel Robertson Tec-12 Assessment.pdf,159613,2023-09-29T15:37:26Z,3a3c8e78d047e50cc9b58b92449c7b1c,d39c4ad414a0490bd22474976945418365587fc421d62b720eb769be0c916bad,application/pdf,2026-09-15T04:37:32+00:00,drive-connector,
1Uz55PMIH68jU9xtmowolvBaQQ_Fy7s6I,data/raw/tec12_drill/TEC-12 S-Shape Deviation Plan.pdf,418799,2023-09-29T15:37:55Z,b1603b0ae4b626a163c8dfcf7168bf52,b286497b3a6669a5e71c918aa9e6506160916d559ad4443bbe2c92e45f18ae20,application/pdf,2026-09-15T04:37:32+00:00,drive-connector,
1RjSZUq4t8TQQWcoJJT_22gbVyufKuGH4,data/raw/tec12_drill/2023-09-29 Tec-12 Economics.xlsm,4017136,2025-08-18T17:53:20Z,27464836778597898a22b62ca004cfd9,60791407eeafac80352f2aa0e98ecf0c3a58cc334cf1a2c8f62af7baa4e56606,application/vnd.ms-excel.sheet.macroenabled.12,2026-09-15T04:37:32+00:00,drive-connector,
1a3MvVcryjl3TnZ-Js45WO9mR8L9UofjL,data/raw/tec12_drill/TEC-12 Build&Hold Well Design.pdf,243995,2023-09-29T15:37:47Z,c42dd8744753f6d56d6f8b779661b891,2db61d7bb083c9bd09d85099b6a50f6f015e2ffa8589dfe73c488eeead60cd01,application/pdf,2026-09-15T04:37:32+00:00,drive-connector,
16RMFRj4lk_n_m4FD--Z2gnrFRD4r9pb9,data/raw/tec12_drill/Simmons Scenarios - Tec 12 and Tec 13.xlsx,73185,2023-09-29T15:38:10Z,cdeae408146651065187b4109d6d6467,42f69f7c3f69cce1d98a6739d2bb1369bc3eeb924deffbc2d7aafa098127b08b,application/vnd.openxmlformats-officedocument.spreadsheetml.sheet,2026-09-15T04:37:32+00:00,drive-connector,
14LjKDBmFpn7jj57sFrsbSwRPRWpxD-Lk,data/raw/tec12_budget_2021/Eduardo's Comments to Drilling Cost Estimate.docx,143590,2021-09-14T18:17:52Z,43cba99a699b872c542d9b13e8cf165c,2dbd97f57febdfb4cc69249bb25c16a52f6b3757743e67f835ba7c3df9034364,application/vnd.openxmlformats-officedocument.wordprocessingml.document,2026-09-15T04:37:32+00:00,drive-connector,
11GIzxACj0ZFeS8VETnHkcm4B0kFo6TV-,data/raw/tec12_drill/Tecolutla Type Curve.xlsx,146818,2021-03-03T19:17:15Z,bef76855bc901df21a052d0ae5acf4c5,30a501a8ac318a41eb82866d657f47e4b88e8491c3fb4d0c7ebc2e9a8f5090ef,application/vnd.openxmlformats-officedocument.spreadsheetml.sheet,2026-09-15T04:37:32+00:00,drive-connector,
19DHG8n7BhFErTQaJJg81vigJMYuaVW7Y,data/raw/appraisal_plan/Production (Tecolutla).xlsx,1159966,2022-05-27T01:49:55Z,98394a614adf5d3dbcdd54c5f8e45137,6367e1924d3a36a85f6d61770315aa7d13f7a339adabdf90038571b5c64a73f2,application/vnd.openxmlformats-officedocument.spreadsheetml.sheet,2026-09-15T04:37:32+00:00,drive-connector,
17bxvH7xAYe9wfLEj8JYn_Kz31MVgqDrL,data/raw/geology/Tecolutla Pressure Summary.xlsx,34754,2018-05-12T22:27:59Z,9c4bdf6e73ce21b75e5d30518ba00e89,4746d113d1d22e45efa03fc19b8d73d9697bfa3b1edf7519911eff44df4b1857,application/vnd.openxmlformats-officedocument.spreadsheetml.sheet,2026-09-15T04:37:35+00:00,drive-connector,
1ZsG6QWY_IzEVnh7qpOthApjVWq0XncUL,data/raw/appraisal_plan/Tecolutla Production Summary (by well by perf interval).xlsx,14818,2021-01-27T19:52:08Z,ca79119a032617d86c244c1d13d1a1ce,8a4deb6b4fb0b992c30c1715aa51d6af4e27779b9bad497b537657d15393748d,application/vnd.openxmlformats-officedocument.spreadsheetml.sheet,2026-09-15T04:37:36+00:00,drive-connector,
1HN97MVigKiamt_6JRA_eo6Hb8Oe3wHOT,data/raw/appraisal_plan/Petrel Robertson Volumetrics.xlsx,10535,2022-05-25T16:23:15Z,2f3e3ffb0b87792f554307f4c78bd2a9,ab63d2ecd4bfeae7a2f84631ea73aa2b75622b7e8c7de623d3cb850eee02ccc7,application/vnd.openxmlformats-officedocument.spreadsheetml.sheet,2026-09-15T04:37:37+00:00,drive-connector,
1NVoaGiQc8n21gIwVWGn3-5UUKlg0FN2y,data/raw/geology/Tec-11 DES Sample Descriptions/Tecolutla-11Des Columna Litologica 40-3283 MD.pdf,536192,2018-12-04T13:45:58Z,aa64a926bd29c8f89e1f52203d97908f,31f5f7bd019d879d0ef8f2a6ed3127b078beadca511c39ceee14282d55c171f6,application/pdf,2026-09-15T04:38:26+00:00,drive-connector,
1eln5w1CtJgTptaIKe3_vQNnG3XEFVklk,data/raw/appraisal_plan/El Abra Trend Field Analogies.xlsx,51524,2022-03-08T20:10:10Z,88d396d76b95ba34cc5351ac54e4ff4e,6eb4b5c77c8fe3e31ab6ed3054e6b474d8a393c51daefddf9b1adfa6271d260a,application/vnd.openxmlformats-officedocument.spreadsheetml.sheet,2026-09-15T04:38:26+00:00,drive-connector,
1OZOfd3wCVZq708P5wE9mFBcYsjF7lvD6,data/raw/tec12_drill/TEC-12 Rough Drilling & Completion Cost Estimate (2).xlsx,43103,2023-09-29T15:36:56Z,f46b8e5e8e13bf55c97ccd5698957c4a,d3b9b078e94e1891fe5ff69e67030bd05e4f1e8bee08b884d0af24f56aff1c8a,application/vnd.openxmlformats-officedocument.spreadsheetml.sheet,2026-09-15T04:38:26+00:00,drive-connector,
1ONhREcEViJJogCAgiQOlT2tAU8xAzaFC,data/raw/appraisal_plan/Tecolutla Type Curve Calculation for CNH.xlsx,94412,2022-06-04T18:00:53Z,dbf8bf5dd4ee5f3cfe9b5d6e9e979df5,385fabbf3b9f2f11074f11b0dc07c6bff6b0c20a0ae6957a7288f5a20f12af8e,application/vnd.openxmlformats-officedocument.spreadsheetml.sheet,2026-09-15T04:38:26+00:00,drive-connector,
1dbCNk_hXp_bVi6N5Xh9-_vDJSDlH6zjL,data/raw/appraisal_plan/HWrates (TEC-11).xls,218624,2022-06-21T18:11:40Z,09b2c6230c879665155d926ce9c98828,e96ce628f2c4d7b8d424545be6d3cd21d9062ae026142e722fec6280f8466858,application/vnd.ms-excel,2026-09-15T04:38:26+00:00,drive-connector,
1kNxlMUGvtTW9RpxueOyN7jxNupXjOtbu,data/raw/staff_production/Tecolutla Production Tracking.xlsx,371671,2022-12-10T21:09:39Z,20f3daec5b6ca83ff2deb788755f8799,e72ed490c639f7a218214cff8456be65d1f4acd730d2acff8389bda38b0b4cba,application/vnd.openxmlformats-officedocument.spreadsheetml.sheet,2026-09-15T04:38:26+00:00,drive-connector,
1jRu2e3W-WSNDa_nn9d94iFaX2PROOAIa,data/raw/appraisal_plan/PVT Calculator (Tecolutla).xlsx,64344,2022-03-08T20:20:54Z,af81bd075b488a61500b3ff1fb0da757,303c80037e867cf100408399a1607697427cffd1c79c3e92d8f68a9838db0964,application/vnd.openxmlformats-officedocument.spreadsheetml.sheet,2026-09-15T04:38:26+00:00,drive-connector,
1snFP_ndmVOQuqzmY0jK5UWy6WtoO5px_,data/raw/appraisal_plan/Tecolutla Production History (Possible Solution GOR).xlsx,782586,2022-05-27T01:28:46Z,5a680adc88c372caecc0a3577ddd47ea,635294bb07b5a7e6538b902e4402e2bbe8ebe0d73e221c2a51f50ba1b58eb763,application/vnd.openxmlformats-officedocument.spreadsheetml.sheet,2026-09-15T04:38:26+00:00,drive-connector,
1oIBQTtf-P11dBhIcxmhTp71nRJ_IU3p5,data/raw/appraisal_plan/Tecolutla Production to Dec 2018.xlsx,687388,2022-05-27T01:48:32Z,e2c8c889c4f0d157cd46353a90d99f7e,8efa417eacaef68dba011830203f70c050095faf08220447bf195ff635938e20,application/vnd.openxmlformats-officedocument.spreadsheetml.sheet,2026-09-15T04:38:26+00:00,drive-connector,
1mrlr7QOgXJtbyaOMeHwv-UwtPqrpmWL0,data/raw/tec12_drill/OLD/Economic Model (Tecolutla August 2020) - FOR TRANS PLAN (TEC-12 Drill Econ).xlsm,2675750,2025-08-18T18:49:24Z,55cbb1d48c69be55f9b20500ea0e86f8,9177c7f178a75f7f76f6de070216e37679beb85bbfc95ecc1c2d0706ad9b7612,application/vnd.ms-excel.sheet.macroenabled.12,2026-09-15T04:38:26+00:00,drive-connector,
1eRA1FGuueEBv1veIv1N8LWQa_CDCsm6y,"data/raw/development_plan/Economic Model (Tecolutla Feb 2022)6 (Tec12, 13, 14 & 15).xlsm",3175749,2022-06-17T21:26:10Z,40a099762d1713cf9a2896d8b18f1eb6,8fbdb472e99b0cfb5733cb2a6fd8fb78b5bde8010c32244605139669038c4808,application/vnd.ms-excel.sheet.macroenabled.12,2026-09-15T04:38:26+00:00,drive-connector,
1OH71zEL3zrTF1-6c9OZf9SsKYVX2tsT6,"data/raw/development_plan/Economic Model (Tecolutla Feb 2022)7 (Tec12, 13, 14 & 15).xlsm",3148039,2022-06-20T17:13:40Z,ecc2576b25fcf2898c4ddef041776c50,9b167afdd7b88338dd8d09fefe8a2a58eddf18895253c13fdc9dee7a12437ae9,application/vnd.ms-excel.sheet.macroenabled.12,2026-09-15T04:38:26+00:00,drive-connector,
12DotAhpv-KqCr0MjcJreEDUNiNkIY9KB,data/raw/appraisal_plan/Economic Model (Tecolutla Feb 2022).xlsm,3340446,2022-04-11T18:11:51Z,74ecbafde9eba18a0747d62b4cc16e9b,b07bff111f6ec57520af2a73849ab841bae21585d737a3cd3f1eaea409565027,application/vnd.ms-excel.sheet.macroenabled.12,2026-09-15T04:38:26+00:00,drive-connector,
1mO2mEyp0foWocV8rn9zajx4oyz-rTbGc,data/raw/development_plan/Economic Model (Tecolutla Feb 2022)9 (Tec14 HZ).xlsm,3118408,2022-06-21T18:17:43Z,52092970352142eaf0a318a6483198f1,c54d3e7996e68122814b281094927df54db6640c8e3fb83fa053d6a0aa31a0f3,application/vnd.ms-excel.sheet.macroenabled.12,2026-09-15T04:38:26+00:00,drive-connector,
1Cwq8D9VjigXse-XaDDCJIy0bj3tVGg1C,data/raw/development_plan/Economic Model (Tecolutla Feb 2022)8 (Tec14 HZ).xlsm,3122660,2022-06-21T14:45:50Z,ae2316ab73156587970c22da65bbbafa,f702bfed592107a719b6767bb085b1c7680dcce17f6ce8438e512ed34c8e0227,application/vnd.ms-excel.sheet.macroenabled.12,2026-09-15T04:38:26+00:00,drive-connector,
1ypfeJBmQ6E5PlpDp9pYbWpGlBe6cS8gp,data/raw/appraisal_plan/Economic Model (Tecolutla Feb 2022)3.xlsm,3541927,2022-04-11T18:08:24Z,25aa2bd7bae6afe4f34fe1caa450f5b0,566a6cb4e52f9a3091bf27a0dab02c319934cdd0cdc17f742ce8ea111e754438,application/vnd.ms-excel.sheet.macroenabled.12,2026-09-15T04:38:26+00:00,drive-connector,
1VOEB-dUwA09jvs6wbQSKf8RKk8wzfzlI,data/raw/appraisal_plan/Economic Model (Tecolutla Feb 2022)2.xlsm,3340638,2022-04-11T18:10:15Z,47342677697453a4b50ef453520a485a,da4d30d018fedf8d8f04e078339d614678754a80be8fec7f2ff99c68e441f4fd,application/vnd.ms-excel.sheet.macroenabled.12,2026-09-15T04:38:26+00:00,drive-connector,
1ot-v1ZrauI5EEACfa0pKQT5c6QwMBq-x,data/raw/appraisal_plan/Economic Model (Tecolutla Feb 2022)4 (Tec12 & Tec13).xlsm,3621892,2022-06-17T00:37:10Z,4984e9a03007a7e171d9ddd5186893c9,cddf80f46c612be1b104f00a84b98e770c9ee1d78e2b7804dbcf4b37fbdce2bb,application/vnd.ms-excel.sheet.macroenabled.12,2026-09-15T04:38:26+00:00,drive-connector,
1AbvVow3BUfBiosuUY6ecTiFhP21YWg29,data/raw/appraisal_plan/Economic Model (Tecolutla Feb 2022)5 (HZ).xlsm,3493335,2022-04-12T01:35:16Z,87df5bfeb1ade696e22b5c8d1992e417,7bc19122891d6335fd0bc42f9600710ed1673eebe047311ad4cbc21856541bbe,application/vnd.ms-excel.sheet.macroenabled.12,2026-09-15T04:38:26+00:00,drive-connector,
1b3DRPagxiPj9T_iJK31sQySMXa1R6YeN,data/raw/tec12_drill/Tec 12 Seismic images.pptx,5173134,2023-09-29T15:38:32Z,890945c1aaeef4bdffb9ae3928d90909,8f442838b121a7abb8d4f97071c82e71743d8a925fad217ee448019e9d011f7e,application/vnd.openxmlformats-officedocument.presentationml.presentation,2026-09-15T04:38:26+00:00,drive-connector,
1OKpQuvjCMGuKX7_-9eZNOTV0-gWbXPYi,data/raw/geology/Directional Survey/TECOLUTLA DIRECTIONAL SURVEY DATA.CSV,21847,2019-01-27T18:08:15Z,4e87afdae62456d54d506693a3ace006,285ef6064fc7ef575b6d2876a9fafd7542b6f81ae9d6f618bcec6d4252545929,text/csv,2026-09-15T04:39:26+00:00,drive-connector,
1drqIuDi_2PVZZSHV3li5cwtPi4XyoW2k,data/raw/geology/Tecolutla Perforations/Tecolutla Perforations  Informaiton.csv,1216,2019-01-27T17:23:20Z,5f3459a308fbb7e54c11df44bbf044d5,c0180a70a253e769ed30a0322bab08fbfb910bf9f0f081701eb606065ca484af,text/csv,2026-09-15T04:39:27+00:00,drive-connector,
1--GXlHahL7msz7IRq-43bw5ms0CqD1uW,data/raw/tec12_drill/GLJ Price Deck - oct20.xlsx,91367,2020-11-11T18:25:24Z,b0e73c9904407da1cfb8f6c5f8e5b05c,684f5b347a4a32d550e75b99e4b735f860b0fa7c689d4fa67d5a3e2725ee75fb,application/vnd.openxmlformats-officedocument.spreadsheetml.sheet,2026-09-15T04:42:59+00:00,drive-connector,
1rDRffIIJIpcLEkw4HZ4il79xAFu1fEaO,data/raw/tec12_drill/20201112 Durum-Simmons Tecolutla Participation.xlsx,334433,2020-11-24T20:31:05Z,c8b078061dc28223af702b69db9a23d0,3766faea48e637d205c4c693bfc200703651e7e9fc3fe916b6f8d998bf716120,application/vnd.openxmlformats-officedocument.spreadsheetml.sheet,2026-09-15T04:42:59+00:00,drive-connector,
1YtfHcgJJHgNb_k1ewSJT5p_efdXjbdWm,data/raw/tec12_drill/Simmons Payout Comparison (2).xlsx,541677,2020-11-10T16:11:13Z,3776ed3eaa68ca40f4bd71c4aab83fdf,c5da22fe3eabe088dff7ea05f50b69663a60eba093c62a7fd096ba66823cbb6b,application/vnd.openxmlformats-officedocument.spreadsheetml.sheet,2026-09-15T04:42:59+00:00,drive-connector,
1EGvc6_3ASOq3d5HsS7KEipxvSpjL_MsA,data/raw/appraisal_plan/Tecolutla Type Curve.xlsx,139055,2022-03-15T16:59:07Z,5af526d8b3139bdb3526b02ec9549a00,93c52e59efbc32c0609c891776a3ed9345e91acdb1dc2fc175eb7bc122e84754,application/vnd.openxmlformats-officedocument.spreadsheetml.sheet,2026-09-15T04:42:59+00:00,drive-connector,
1UBkJfd1yyn1fprYrNw6mBq9CWt4l_RAI,data/raw/appraisal_plan/Transition plan-Production chapter.docx,286371,2022-06-28T16:48:45Z,0c02b88ad8b06e50e4f8f79b99ca9bf7,81627c1f265180b5cd6a6b539e1893ade8d845bd919ffebe7a26a8316f547036,application/vnd.openxmlformats-officedocument.wordprocessingml.document,2026-09-15T04:42:59+00:00,drive-connector,
1uooDwPBw_7nOK2Q7PVteI-0m7KTV7MIr,data/raw/tec12_drill/OLD/20201110 Tecolutla Economics (Simmons) v3.xlsx,361262,2020-11-12T20:52:08Z,7fc195940f72b8e86a1f3b64d9d6149d,f1ce8adbb157a18aa819a809f2b65c93b2e10c2d3b039fb3e20a87229cc484f7,application/vnd.openxmlformats-officedocument.spreadsheetml.sheet,2026-09-15T04:42:59+00:00,drive-connector,
1UsBhsPiZxl0Y2dvtpSbZ9PkFzhS7dqBK,data/raw/appraisal_plan/GLJ jan22.xlsx,61757,2022-02-17T16:14:40Z,2f7889a326ab825aef408f03e8559cf5,58e113055d2cce1694a761b6e5a173c6ea899387a6450d3701b6482029306cdb,application/vnd.openxmlformats-officedocument.spreadsheetml.sheet,2026-09-15T04:42:59+00:00,drive-connector,
1WcyXVxWDCfVTA0LfjZ9Z4Phww76HTa-v,data/raw/development_plan/Tec 11 Summary of Costs (Actual and Budgeted).xlsx,66817,2022-04-11T18:05:27Z,553296a0940a83298ae5dc4cc6b17346,808a49b6c747a9ca46042164eb8380b1d0baf86607c6a3be1179d0a1232bbdb1,application/vnd.openxmlformats-officedocument.spreadsheetml.sheet,2026-09-15T04:42:59+00:00,drive-connector,
1JaY9tPAe0jRpeZUcAo-udZUDpsLccOCZ,data/raw/ye2020_reserves/TEC-12 Drilling & Completion Cost Estimate.xlsx,43581,2021-04-07T22:56:43Z,d757a263abfd8b012e91927e0932ae35,2c86374317d0de7c634dad21ac3bebc8737a8a87c10dacec2d46165ef00678ac,application/vnd.openxmlformats-officedocument.spreadsheetml.sheet,2026-09-15T04:42:59+00:00,drive-connector,
1eY7X3dpGL9OpJDn8C8UBsLdIz7jnR-9_,data/raw/development_plan/Tecolutla 2 Final Report (IHS PTA) Spanish.pdf,5711721,2018-10-25T20:21:48Z,5d1a6f7e33140968e35c2c13ea2a05f8,f0b23d991c88087120ceb40abef46e354e5318f78eeba011efcf73491ca8964f,application/pdf,2026-09-15T04:43:00+00:00,drive-connector,
1quHZ4SrFQyExvhEOUHRnv6v1Zrj-VxWV,data/raw/development_plan/Tecolutla 10 Final Report (IHS PTA) Spanish.pdf,4523092,2018-10-25T20:21:58Z,a123f6de267f03e543e309996167cab1,132e0be895de6cacf4520cec73e925f9c7092d3677245637c8d7cc74ddb9d4a3,application/pdf,2026-09-15T04:43:00+00:00,drive-connector,
1TXnAomMCgB48VO7Sol6KOxwhiNR48XQI,data/raw/ye2020_reserves/Gross Oil Monthly Forecast by Well (Kevin).xlsx,203307,2021-03-18T18:01:48Z,af439cb9cbc94889630d35a9cf363eb2,a3b9b5681a4d7f39938cce11c537a41517f4e6d286e857cb55a3db2cde41394e,application/vnd.openxmlformats-officedocument.spreadsheetml.sheet,2026-09-15T04:43:00+00:00,drive-connector,
1GVgDMB-qGh8LfE3dfzT4aMfBSGgxVgiA,data/raw/ye2020_reserves/Tonalli - Management Reservoir Engineer Questions 2020.pdf,182679,2021-02-24T18:31:54Z,42f1f14a2d635612418f956b70ce22c5,7fe47c95953f659b3fe31794371e888775c5242fc2c1bef66d0c69187f63e4ac,application/pdf,2026-09-15T04:43:00+00:00,drive-connector,
1sn8A4vrntN_q6P_jAVZ1T9Ph1rjAJrxk,data/raw/drilling_costs/TEC-11 Drilling Cost Tracker 26Dec2018.xlsx,46402,2022-09-20T05:20:07Z,3319efe08c5713e506c0f0d798676fbe,789bc6bba73c95973889f830968cb1eb9040afe2353a719c9dcf38c95983ee61,application/vnd.openxmlformats-officedocument.spreadsheetml.sheet,2026-09-15T04:43:00+00:00,drive-connector,
1gzR1cHh-gTOTLTXJ6-7NVB23sr6Yd82_,data/raw/drilling_costs/TEC-10 Updated Drilling Cost Summary 15Jun2018.xlsx,45919,2022-09-20T05:20:06Z,5284e536aa81e50c1fb073d1f5b0c473,cceeb4056e9981dd70d56c0c31a11bc260ce772a4490d860e379990b7ac1e8e2,application/vnd.openxmlformats-officedocument.spreadsheetml.sheet,2026-09-15T04:43:00+00:00,drive-connector,
1gwOn0TkaeNTLatCnRbjGe-woMF4HUHy6,data/raw/tec12_drill/Oil Price History and Forecast - 11-11-2020.csv,25719,2020-11-11T18:54:17Z,f14764020ff16efce6502f21d921617c,d09f324c468b10992e069da7f72900f9b38ef5885b2f99cd5bb1693c41052298,text/csv,2026-09-15T04:43:04+00:00,drive-connector,
13aGhnQvH2jiV5AbpCIlh1n_-3Y22Yf6e,data/raw/tec12_drill/Tonalli Contractual Fee and Exploration Tax.xlsx,15265,2020-11-12T20:23:37Z,613dd7268ebee68d250b9338783c4001,ebf457b30b983e1423658c2772e70eec506f7ab9c74f70db81a615f8147e4f09,application/vnd.openxmlformats-officedocument.spreadsheetml.sheet,2026-09-15T04:43:06+00:00,drive-connector,
1juM5kCo8XNt4s6-NnfZz69PJ9ncE9Ztg,data/raw/geology/tec10_image_log/TECOLUTLA 10_CMI IMAGE DIPS_2487.00m-2280.5m_02MAY2018.las,22661,2018-05-09T21:11:33Z,d0513fcf20cb33fa26e353a176db7be4,c349d3d0b20041fde0826337db0b9f7ee0f189f4a20696c91d61e3d9426365ef,application/octet-stream,2026-09-15T04:43:40+00:00,drive-connector,
1pIhdnq-2I-tQXyz1I-rn7mrDIHmIk5DF,data/raw/fluid_analyses/Historical_Oil_Analysis_Tecolutla_Field.pdf,895717,2017-06-20T21:13:00Z,196306d7ae8855ebdaa404c8b6d956cb,6acee80ee1beea255907cc5e4c054c262f27b7dc0fe0e5954efc58bf898164cb,application/pdf,2026-09-15T04:46:08+00:00,drive-connector,
13hjseDIQS8RAF27m-Z20j5NuicHEN_ZX,data/raw/fluid_analyses/Tecolutla-10 Gas Comps V603-18.pdf,134739,2018-08-06T16:04:21Z,24bb0b68ec6c180d2f0804290e7bd55d,838ca7e15bf1c1ead10ec308842670de8914835f3ec495613a30cdc31403bdf7,application/pdf,2026-09-15T04:46:16+00:00,drive-connector,
1y3HGJLuOo9_oGoRj3X0-ttlztbg3gLi3,data/raw/fluid_analyses/Tecolutla-2 Gas Comps V613-18.pdf,119367,2018-05-31T20:51:37Z,2692cf3f3563d47b454080eb7cdaf2a7,e8122ec4000f4f683d9033ccfe391fd81066caabcb1a812292c7d02b89274839,application/pdf,2026-09-15T04:46:28+00:00,drive-connector,
1XrgtfnI5ecMCM4JfzqD2G0pYLGmCo7D1,data/raw/fluid_analyses/Tecolutla-2 Water Analisis Stiff V613-18.pdf,49071,2018-05-31T20:51:29Z,27735095b57ebcfcc624430be7d8e936,cf461329c350a933a3220ca2ce3d0dced5683a645f4daef3ac9f0e9c794356c5,application/pdf,2026-09-15T04:46:40+00:00,drive-connector,
1P1rTak6tjWmpzpWz_PoF3za4IFEdzf4q,data/raw/petrophysics/LAS/Tecolutla 2_Original_OH_Logs.LAS,104843,2018-03-16T21:07:25Z,fc2ba176b5ef053a5fa49ef5f74f9295,59254f84281875f89b70f1a624f5180e9a2df250e8d3bcbea3829fe69f29c1b2,application/octet-stream,2026-09-15T04:49:19+00:00,drive-connector,
1ufyKcdLsiq1eECNWNqsoXCtQPDUZcgVS,data/raw/petrophysics/LAS/Tec-11 GAM.las,206551,2018-12-02T22:33:37Z,3494baaf9d1f698e9dba72e7b4881290,e2fcbcb292e510c3b1eb0f20d8a2ca476c241313991508d11516b9ebd4c12ec1,application/octet-stream,2026-09-15T04:49:19+00:00,drive-connector,
1Z4TpteN3XTvbgoYCUvZu01i_lulZMfaE,data/raw/petrophysics/LAS/Tec-11 ROP.las,210451,2018-12-02T22:33:46Z,cbed6e5e15b4aa90648f3eb9ef113085,0c4f4bdf40b1744109b2728c81be19455c033a97dcf92dc0e69e550de212299f,application/octet-stream,2026-09-15T04:49:19+00:00,drive-connector,
1PMhe8wpHkHT2bYImOi1-KYy5nZCqExPD,data/raw/petrophysics/LAS/TECOLUTLA 10_CMI FRACTURE DENSITY_2487.00m-2280.5m_02MAY2018.las,63648,2018-05-09T21:11:36Z,032de6797ec28679d92df226ecf68a04,65a91fefad7dfb6aefaee0cc0bc09b8e9ec55d507d8939e6c9c811eb0315d93e,application/octet-stream,2026-09-15T04:49:19+00:00,drive-connector,
1WRX4jFy5oAdybe9eFL6lSaYW4YcIzmJB,"data/raw/pressures/Tecolutla-6 Static Gradient Dec 2, 1964.pdf",488671,2016-06-09T21:18:03Z,4393b363a81063c72773663adb2c0c13,30174f133e9eeeb1c311c9b2216dedd16ef9335950e116375fbcbd744106b3f7,application/pdf,2026-09-15T04:49:19+00:00,drive-connector,
1-0_PG1lFSYUkqUD1bBulxBfdmaKi_OQC,data/raw/petrophysics/LAS/BLOQUE_TECOLUTLA_3__SP_SN_LAT_LN_602_2379_09_03_1956.LAS,731930,2015-01-14T22:44:52Z,0576c54ae7ba6bc7b038c648db2bbeb2,679cb9d01b9a74fecf514de587c695a0229a52871d00a114778bc9eefd048789,application/octet-stream,2026-09-15T04:49:19+00:00,drive-connector,
11PXjhn--sRunQCxPiCyOsXW9vfe6UI8r,data/raw/petrophysics/LAS/BLOQUE_TECOLUTLA_6_GR_NEUT_100_2335.LAS,574729,2015-01-14T23:08:36Z,00c314822fef2cad71d036a2c28497d0,d30b20cb5d079d76b2d20133ed645efadb558fb58dff7dd6113ffa2db43277a3,application/octet-stream,2026-09-15T04:49:19+00:00,drive-connector,
1EYepz2Z_wCT2niu38Dpbky9sUJi9wsXH,data/raw/petrophysics/LAS/TECOLUTLA-9_RESISTIVO_SONICO_NEUTRON_2345_2000_08MAY1973P.LAS,412439,2015-04-29T23:02:51Z,310ee6de667a70ccab1a16d2a5b7f966,c1f60074d140ab8d0facb33a453b586ceeaba1559b55adfcf32d2f980ffbe80b,application/octet-stream,2026-09-15T04:49:19+00:00,drive-connector,
17M0HvZ9n3Sd5yp772p4dWO3q0sAnAONL,"data/raw/pressures/Tecolutla-7 Static Gradient Oct 6, 1998.pdf",173446,2016-06-07T21:26:26Z,0d014310ef7714c461a7c225970a66c7,aa157974c99c8a8f233551255d8a22e28c28ca4c6b9ed2b3c3d1f56b13cc8b15,application/pdf,2026-09-15T04:49:19+00:00,drive-connector,
1seZxLnMfkFwZSmo7x1uizYm-IZTWuZmE,"data/raw/pressures/Tecolutla-2 Static Gradient Dec 5, 1964.pdf",469187,2016-06-01T20:51:49Z,0ff6e06672e9cd39674558311177af1f,57ddaadb2e7e9e02c3ceab1f93d4cad5af8d2c2ad7b74cfeba52a8a1d6c617bc,application/pdf,2026-09-15T04:49:19+00:00,drive-connector,
1N2x9piD7xP1_m8WtBHBL1qAHPS_lUBqB,"data/raw/pressures/Tecolutla-2 Static Gradient May 24, 1956.pdf",504819,2016-06-01T16:35:01Z,8aad222b9712e651ad25f4f2b2be30d3,9fd36db3968d467c477b3d687adb04714d6b505a0fcf8e1493e7310d3f9edf9a,application/pdf,2026-09-15T04:49:19+00:00,drive-connector,
13Bs2phPzVNvDY6fEVuxyQp_WcsXrv5v7,data/raw/petrophysics/LAS/Tec-11 SPHI.las,99366,2018-12-02T22:33:59Z,c782849696ebaf1880f33655493f1f78,8f5ae95dd045f819df34ddf9e4ac86f26d940c48f9aa0df8de4fd9c58be7f29e,application/octet-stream,2026-09-15T04:49:19+00:00,drive-connector,
1WTIeTRrDK8J80s2oQBW8Xl3K4tl6jsJt,data/raw/petrophysics/LAS/Tecolutla 11_LAS_GR_SST_3283 mMD.las,494949,2018-12-20T00:30:26Z,1fe7c70be4d0ec870d60c5e175554999,d0265cc65d5e434bc5365992764920457a3c67e04ebf882f60b60c63caca2516,application/octet-stream,2026-09-15T04:49:19+00:00,drive-connector,
1fAFFIYNOqRxi6kZEdbLTNjpyQQNYbOV8,"data/raw/pressures/Tecolutla-6 Static Gradient Oct 18, 1971.pdf",162390,2016-06-09T21:01:42Z,1181ef4700b5fcc22139cd8bcd17b533,e3c2b786b6b294545c06ac4364d9f139b33ea0927a56e0bf5b81c9e5b780e9af,application/pdf,2026-09-15T04:49:19+00:00,drive-connector,
1bex-vktG1O4efZAfK1KfoO34LJMhT4Ex,data/raw/petrophysics/LAS/BLOQUE_TECOLUTLA_3_GR_NEUT_75_2379_09_03_1956.LAS,583079,2015-01-14T22:44:52Z,5d1b27a6e22d905dce1f0070eedebbb7,a2a37a0a2c99f31de44d5cbbd5199303d3a5a9d500aa4b606df31ba152118606,application/octet-stream,2026-09-15T04:49:19+00:00,drive-connector,
1SFs3LHcYpMjqsKcRAAr_dLdLz4xAoieg,data/raw/petrophysics/TEC-9 SS Logs.pptx,94707,2020-08-04T02:56:04Z,328eda1f9f33efc6b75d987277293e86,0d4a6b7fdb6286057f192872616ec77a739b6478efbc147959559dbac87411c7,application/vnd.openxmlformats-officedocument.presentationml.presentation,2026-09-15T04:49:19+00:00,drive-connector,
1W_BBKzL5SHbpp9roIWLEbwhAr7IOgg5m,"data/raw/pressures/Tecolutla-6 Static Gradient Jun 4, 1973.pdf",109218,2016-06-09T20:42:17Z,4b9280b0da05b12bd331a8c05af5a137,82bb2db27a9a012f1657c8f020dc8e8b7f844144b09206bb0f75a8465b0d6f9f,application/pdf,2026-09-15T04:49:19+00:00,drive-connector,
1efU0sb7J09j0pnZA9713a-JOutU_YRwa,data/raw/tec12_regulatory/PROGRAMA DE TERMINACIαN TECOLUTLA-12DES VER1.0.pdf,2553033,2021-07-09T00:17:42Z,fb0eb6f2d291ba5238f6c247fc9e08ae,50115556eb1e4d1ae6cab131a6e2956e8096525eed0ef4b818ff5f3838c93a1e,application/pdf,2026-09-15T04:49:19+00:00,drive-connector,
1yT2Ty8M-x_QVU1xQXGZOyPUejSpFfQZl,data/raw/appraisal_plan/6 -Resumen Campo Tecolutla.docx,2520212,2022-03-08T20:28:51Z,fa49f2d09dab32686369db9e1a16f20b,7c2fb8d80ad3920d75b04755bc997134061dba42480aadce31c4f47ffe79f8d9,application/vnd.openxmlformats-officedocument.wordprocessingml.document,2026-09-15T04:49:19+00:00,drive-connector,
1DpFZ94nyy-kPXhvV4h7HXE2xRrH8RiIV,data/raw/petrophysics/LAS/TECOLUTLA-101_REGS_ORIGINALES.las,512862,2015-08-05T17:34:06Z,b1fd2b2edd881a5b366b67a90f78ebf7,c166a62b09240ce244ce6749d0737f2057900ffa4834027f47f7ea7337c5e269,application/octet-stream,2026-09-15T04:49:19+00:00,drive-connector,
1TOkRWvLF9e0ebQADi7Wrg3oPlVkGZpWq,data/raw/fluid_analyses/Tecolutla10 Water Analisis Stiff V603-18.pdf,50424,2018-08-06T16:04:14Z,3aa20cf6739bbc127e3de2fee2d91d26,4456add1715c4c1a5ffc6a5e53e00c570f2efb5aa19b748b4814841ba35e3f79,application/pdf,2026-09-15T04:49:19+00:00,drive-connector,
1hRR4al-DaYiik0O_oG_7MpBeUfgZzAUI,"data/raw/pressures/Tecolutla-6 Static Gradient Aug 6, 1971.pdf",160187,2016-06-09T21:12:15Z,632e29cf123a1acbe52cb77a4b4c8bd6,c0133ae636581d03149b5945c9a6c8dc80d2c964710221358cf5a0bf7a311ad1,application/pdf,2026-09-15T04:49:19+00:00,drive-connector,
1vyb5fv1bAtjgAv7nxIQORsuYEKFoITmE,data/raw/petrophysics/LAS/TECOLUTLA-10_LAS_2280.50m-2487.00m_02MAY2018.las,3709921,2018-05-09T21:11:06Z,2150de836e5a565c42b33148fd7435ec,85e1fad11afe54157f9a69485db7f878849141085cddbc0948f485d6bd1f441f,application/octet-stream,2026-09-15T04:49:19+00:00,drive-connector,
1cIBmWm_zFlnKNC3cge_lKWvvVnCq0l9v,data/raw/petrophysics/LAS/TECOLUTLA-2_NEUTRON_05-04-2018.las,3393089,2018-04-10T23:18:19Z,fd681e96fca3d3f6aa9249230ad16eee,7859e6cafe05e87ba156c6285689a0a33b2d42334efa1c639a644380023f80b9,application/octet-stream,2026-09-15T04:49:19+00:00,drive-connector,
1dM4W_3qolBWclR2eZOMIwBibfcp9Rq8I,"data/raw/pressures/Tecolutla-2 Static Gradient Mar 27, 2018.xlsx",1602030,2018-03-27T17:46:07Z,3b3a7e761c9a594e1b284d1f162edfdd,a34c7b24d186e1ec1f2a79a615c9ba79af6984bdaf26a5114dfaa59c07750123,application/vnd.openxmlformats-officedocument.spreadsheetml.sheet,2026-09-15T04:49:19+00:00,drive-connector,
1IWsgiSKmMHoFMmciWwMVwsrGS5vzG0NZ,"data/raw/pressures/Tecolutla-7 Static Gradient Dec 8, 1964.pdf",975328,2016-06-07T21:09:02Z,ee67432b5edf420f56588670fd91cb4d,1e9961c8ccb4a6beae3af0efc2e36e48809f9e92a674c1c220814f3f97a545cd,application/pdf,2026-09-15T04:49:19+00:00,drive-connector,
1n6m8ZL6UnctU8IA8A_7sBBzNQ_aT1xfW,data/raw/ye2020_reserves/2021-02-19 Tecolutla YE Reserve Report - Draft (100 ).xlsx,3729354,2021-02-19T22:21:31Z,0f7d5e8462ed604999bbdcf5c6601205,28ad789ab5065da89e3caccb7e5ce2ee4d51e56a4f2274b090f45028258e2127,application/vnd.openxmlformats-officedocument.spreadsheetml.sheet,2026-09-15T04:49:19+00:00,drive-connector,
1aWaFSTnU9jatgRaa8Z8QwwxzsKBaSiZE,data/raw/ye2020_reserves/PROGRAMA DE PERFORACIÓN TECOLUTLA-12DES VER1.1.pdf,5607995,2021-04-07T22:57:19Z,3181ceb8ee2b871ac3ac0338f97be5a2,90eed546f252817eb7783ccea609d68c706c94001a7a99c3adb25a219ab3f255,application/pdf,2026-09-15T04:49:20+00:00,drive-connector,
1g2mTxvlUMlTfItUAeifYcTuLalN2EGf1,"data/raw/pressures/Tecolutla-6 Static Gradient Sep 6, 1971.pdf",158873,2016-06-09T21:07:50Z,8f46b2b2193fa394e6c7e989881721dd,3b8e3de704fd8fb59d462c8628f72ea70e1724fc4ccb9fa027aae7964cf55480,application/pdf,2026-09-15T04:49:20+00:00,drive-connector,
10H1uW2biQHt5Xtkk4Ca1FnPMZQDjzExG,"data/raw/pressures/Tecolutla-6 Static Gradient Aug 9, 1971.pdf",153485,2016-06-09T21:12:35Z,ae727d06df8de9c5ce24bcc180010a9f,202b66f18e644b72b3921d6152656e4772a48365641c5538c82dc896adb856e8,application/pdf,2026-09-15T04:49:20+00:00,drive-connector,
17Uze9oGZdPRJVc6AB2gDcTmS2-mWU0Wi,"data/raw/pressures/Tecolutla-6 Static Gradient Aug 12, 1971.pdf",139286,2016-06-09T21:11:13Z,b0a62b5d29558ee79b4863077dc78dfb,644cb8ba02537e2415a7582956b69321fb46d315f2fa7804cede780bee4fad31,application/pdf,2026-09-15T04:49:20+00:00,drive-connector,
1IMZd3_-bNniV97dJUA9SqEHCM6vvs4BO,"data/raw/pressures/Tecolutla-6 Static Gradient Aug 17, 1971.pdf",154086,2016-06-09T21:13:07Z,05ea83e3b815f703e9e15c732bdd09f5,485e7628c50f80aaf60aa34c06641b9c828c795bb3861ac30924d0ebb8c58e4f,application/pdf,2026-09-15T04:49:20+00:00,drive-connector,
170wDY4AniYieX8lo8f_bU8Y78GgmQqmJ,"data/raw/pressures/Tecolutla-6 Static Gradient Sep 3, 1971.pdf",159154,2016-06-09T21:05:11Z,779884904304408453f491bf2b9d921f,e9799829825c2eeaec76e87918f8e36afb170792d7fb7d3e7c1a7e67eace75b4,application/pdf,2026-09-15T04:49:20+00:00,drive-connector,
16p1dm05Fq0t4BGwPhwezxXrRuykj8oiQ,"data/raw/pressures/Tecolutla-6 Static Gradient Aug 28, 1971.pdf",156030,2016-06-09T21:13:41Z,12ba95b3b95eed9a852775b5c2437668,9922429c04f866a86907a52cc50eef9f4fa77226e78352200611dd92a512e091,application/pdf,2026-09-15T04:49:20+00:00,drive-connector,
1xkChGT8YG-3w7CCdrmeL05ybunwTx0zZ,"data/raw/pressures/Tecolutla-6 Static Gradient Sep 8, 1971.pdf",156058,2016-06-09T21:08:19Z,9bd13aa8e630b6d9fa111106493d41b0,7ab337198a0c3d0daa7388c8722a5c5556580940311d10d6576855757887125e,application/pdf,2026-09-15T04:49:20+00:00,drive-connector,
1ZJckExM1FK7NRGYPUPdk-sTpi1hAxTH9,"data/raw/pressures/Tecolutla-6 Static Gradient Aug 24, 1971.pdf",161586,2016-06-09T21:13:23Z,da652308134993320f30f50073fa359f,fdbc7b461c18bddf7b5edcb59b672e3688ae0fc85741081ab70ac415be98858c,application/pdf,2026-09-15T04:49:20+00:00,drive-connector,
19t0e50_LLewViOz8ieitR3GWJe9sqTo0,"data/raw/pressures/Tecolutla-6 Static Gradient Sep 11, 1971.pdf",153269,2016-06-09T21:09:04Z,aad64b0e59626931ca83bd3114a50154,474fa475589ff09db2fd25eaa7d1612e552111f187c1e6b02dda205af11c4c31,application/pdf,2026-09-15T04:49:20+00:00,drive-connector,
1z6ZncfEYx1HR_GAOwaHktgMKmo076MWY,data/raw/petrophysics/LAS/BLOQUE_TECOLUTLA_5__SP_SN_LN_INV_2275_2559_26_07_1956.LAS,124557,2015-01-14T22:48:12Z,af9b5522ff13712d1471ead25e819251,c908547d14fb3ac9083af9c80a1558754fcfae2b9b916cc6fb118e6eb5dc7aa4,application/octet-stream,2026-09-15T04:49:20+00:00,drive-connector,
1MvWe393vf-1BDUPl6fqaGdY7ZHYbzutS,data/raw/petrophysics/LAS/BLOQUE_TECOLUTLA_3_CALI_595_2379_09_03_1956.LAS,312775,2015-01-14T22:44:52Z,8f29359551e7456ac8e9f327d7d4247e,84916af50716489aa7f4fd63b93205054a29b1bd030acad39c3c319553783e71,application/octet-stream,2026-09-15T04:49:20+00:00,drive-connector,
1uQUXak98YIgZpuzu8MI2d78A4X__RFPp,data/raw/petrophysics/LAS/BLOQUE_TECOLUTLA_5_CALI_500_2559_25_07_1956.LAS,359562,2015-01-14T22:48:12Z,c83692824e06269f563e290a52d776f1,b39a05c0c8528499cd8d267419710628c5c0bdab751b1fba39f63aeed74d41c1,application/octet-stream,2026-09-15T04:49:20+00:00,drive-connector,
1keKGellLTTn2lAlh9aG5JnQEFI2pIdUp,data/raw/petrophysics/LAS/Tecolutla 11_LAS_GR_SST_2665 mMD.las,178115,2018-11-29T21:57:09Z,091d1ac1b0d3e646e0273bb8a8a13e97,416d5c93d7ee5a252b546464fe6bcf5c6d0cef566c08444196445efd2697b1a4,application/octet-stream,2026-09-15T04:49:20+00:00,drive-connector,
1IjT4gb9m1CvQjsGgxiNTScLFJCrIuD-T,data/raw/petrophysics/LAS/Tecolutla 11_LAS_GR_SST_2434m MD.las,37725,2018-11-28T12:42:51Z,76d6c85651e9fc5a5a4fb29708d8fdfa,058d13afb0686c7dae6caca3814b48c02a3741f189376a046b7fd4fca9e18507,application/octet-stream,2026-09-15T04:49:20+00:00,drive-connector,
1QdMTkxzn6bytEAkYK-Xr4x8tjDybQtZ0,data/raw/petrophysics/LAS/Tec-11 HGAR.las,101550,2018-12-02T22:34:14Z,bf840c099c9fbd4ebbb21139b3fe2507,d09cddd7414a9e59f60e3eb8114cde33496c18f725c90201eca97a3d18f4675e,application/octet-stream,2026-09-15T04:49:20+00:00,drive-connector,
1v7GaAHXLZRcOo4SEPdkwtTgBit3KOsUA,data/raw/petrophysics/LAS/TECOLUTLA 10_STONELEY_2487.00m-2280.5m_02MAY2018.las,768423,2018-05-09T21:11:09Z,b9f06c14decfc01e87d8290475c0cd97,14f6809f8e7d57a7debd01ddb178629b54ac904e2d44617c3276efb9f1851555,application/octet-stream,2026-09-15T04:49:20+00:00,drive-connector,
1l8ZJAWurUEyKg0jQRgPirUKb-wwXMnBB,data/raw/petrophysics/LAS/TECOLUTLA 10_SONICO DIPOLAR_2487.00m-2280.5m_02MAY2018.las,2474240,2018-05-09T21:11:09Z,4d88cd32a28452a4734f5e883141f148,4649d029cbad1afbb61d830127ccf12d10aa626138d0fccd326c55fc1a7a9c81,application/octet-stream,2026-09-15T04:49:20+00:00,drive-connector,
1MJ3iV6oNvmFSXbkgR2yUqtP_S9ZqqgUc,data/raw/petrophysics/LAS/TECOLUTLA 10_CXD ANISOTROPIA_2487.00m-2280.5m_02MAY2018.las,935938,2018-05-09T21:11:34Z,db0dd602661131a7f0221a78b834d324,45cc460441068577d43934c63ed57c3a0e02331a6c87f0e1e2debde18d52d822,application/octet-stream,2026-09-15T04:49:20+00:00,drive-connector,
1Rk7-F-AbEehwZ8OgxuWr_udFl8bngLe6,data/raw/petrophysics/LAS/TECOLUTLA 10_CXD PROPIEDADES MECANICAS_2487.00m-2280.5m_02MAY2018.las,2809328,2018-05-09T21:11:33Z,327337e4b6c7664a60e2fc553fdf20a1,c6005bdc9f2f814c4df9375716d7880a105149d4a2d7dc6db1b2c7df140c2c7a,application/octet-stream,2026-09-15T04:49:20+00:00,drive-connector,
1SCXp9gEurD29bSeQRmga-4M8i5TpTS2O,data/raw/petrophysics/LAS/TECOLUTLA-2_GR_CCL_2325.0m-2120m_10-FEBRERO-2019.las,520331,2019-02-10T19:50:58Z,54bbe01612ded56749116975c6aa9447,442ec21540ac393fbb24cc1ede5e704f52f18b79b6dade9920e83bbbc9bb057b,application/octet-stream,2026-09-15T04:49:20+00:00,drive-connector,
1JC5DsWY_dXnFdZNWFj5BmKiLMzqWl6_Z,data/raw/petrophysics/LAS/Tecolutla_11_1-500 MD_Memoria_GAM-SST.pdf,2309861,2019-01-22T04:54:04Z,f441e5dbd76fdaa552c25f9db32b0000,5b4450a6dc2a5a08fc2837fcda016c5e6b148de26c4da116e5ca26f83ff50e2c,application/pdf,2026-09-15T04:49:20+00:00,drive-connector,
1OVKzzn3uiOOwGCoBQ-cmODZx-WgD1CgD,"data/raw/petrophysics/Tantoyuca TEC-2,6,9.pptx",512569,2020-10-07T22:36:30Z,402dd17b3cb10ee4a3805b333d909f05,e499a3475b439c89f2671ffd4c053738f1013cd4b0ab812b31bf3ed261f5f5be,application/vnd.openxmlformats-officedocument.presentationml.presentation,2026-09-15T04:49:20+00:00,drive-connector,
1NZNLjtIxjq-SNZGUtU4MWL-r_6oSKAyi,data/raw/petrophysics/XSections & Logs Eduardo Navarrete.pptx,3935657,2020-09-29T18:43:07Z,4ff0b3bc64a151c073c153a8e83d51ae,2587657d64a3139786dea4685e667b4c4cdea531a96ee044c4f3ac5177762854,application/vnd.openxmlformats-officedocument.presentationml.presentation,2026-09-15T04:49:20+00:00,drive-connector,
1gnnqTbKH7HTVP-hhJ-h2uxV9kAbiKwxI,data/raw/petrophysics/LAS/TECOLUTLA-10_POROSIDAD_2487.00m-2280.5m_02MAY2018.pdf,1522586,2018-05-04T19:16:57Z,7627a37066388ca3c5cb72a65e8cc896,ef96fbdc79abd537e9d41df91674d196c2315abc7dd14191af49a1f76ff5fef1,application/pdf,2026-09-15T04:49:20+00:00,drive-connector,
1NUuWSTmkrejnHgNUudEyTNm2Wn0mKMha,data/raw/petrophysics/LAS/TECOLUTLA-10_DOBLE INDUCCION_2487.00m-2280.5m_02MAY2018.pdf,1403802,2018-05-04T19:16:58Z,63757da037752a09cb41e9bbbf7cf730,538e0a2ab77daeb2746bf54e02ce97116e3daa422df237841b111bb1c6974efa,application/pdf,2026-09-15T04:49:20+00:00,drive-connector,
1mWiIxLqz0BL8kfZQPmH90qTa7XChBBKR,data/raw/fluid_analyses/20181214 Tecolutla-10 Oil Analysis Report - Intertek.pdf,688726,2019-01-10T21:40:22Z,70b5b3dc126c6d389f0a7093dec4f0f8,d051eb826c6c0f186534ccb96f6481f67cf2ad00119a393fb44b4b92d4ec8918,application/pdf,2026-09-15T04:49:20+00:00,drive-connector,
1MwqplwT13v16FOQS_LxrKONRmAFeqGuh,data/raw/fluid_analyses/20181126 Tecolutla-10 Oil Analysis Report - Intertek.pdf,851547,2018-11-27T00:15:43Z,20ecb98ea3c79609e786e5df84a05a98,6fb2317faa8a48e50fc47aa005a1be9f2ded8217ff09d18f93e2c4e57367ec19,application/pdf,2026-09-15T04:49:20+00:00,drive-connector,
1WuX_RnGTyDMXSNkxHOXGGYt__JFQiraL,data/raw/fluid_analyses/20190118 Tecolutla-10 Oil Analysis Report - Intertek.pdf,4163564,2019-01-19T05:00:02Z,5d452659875924bce30b76f7126bc3d0,b6c6097f08a497a376c60870fd3b9acddc79003950a9ff95ebffbae463a3744e,application/pdf,2026-09-15T04:49:20+00:00,drive-connector,
1BAV0QTwhe3KGwc-Xc4VVn3nwmBDxSvcH,data/raw/fluid_analyses/20190824 Tecolutla-11 Oil Analysis Tantoyuca.pdf,793259,2019-08-24T15:46:40Z,18a4e725a41bb98658fa73a302f9d2b7,55f3658baee7422308fbd9fc1bceab127e0fcff77a5965885bbf60a28ad76be2,application/pdf,2026-09-15T04:49:20+00:00,drive-connector,
1mD817LdN-ESkqfFxclFtNt6nJwHArhIV,data/raw/fluid_analyses/201808 Tecolutla-10 Oil Analysis Report - SGS.pdf,177425,2018-08-16T21:34:07Z,5bc6e5ef3619dedb4faa98708a191c57,77c589b62ca6fd15e54a27c77f2bf83fcf9b684748b3b335f2a01c902f4f8b92,application/pdf,2026-09-15T04:49:20+00:00,drive-connector,
1JEu7SVmexurnAwoAyBYiB-VuugT_593P,data/raw/fluid_analyses/Tecolutla-10DES Zona B AnalisisCrudo V603-18.pdf,419282,2018-08-13T17:09:42Z,1fb06a68b96c3bf88febd5753b7faec4,d2606b640038379f98cde92b70eacf7488eae9c9ba31c3b17c25db83b15e7893,application/pdf,2026-09-15T04:49:20+00:00,drive-connector,
17Bvhr7MT-XSjK8gq9b2eWTFI_6gR69Cl,data/raw/fluid_analyses/20180606 Tecolutla-2 Oil Analysis1.pdf,181175,2018-06-06T20:55:42Z,47b325f0e984500d337fca63355edb4b,f23ee3e52ce79f7b680af2b4b59d27e212cde089108328d177ee3addeb46f580,application/pdf,2026-09-15T04:49:20+00:00,drive-connector,
1Xvks9NFussE2WnF2lfSn0-gUROBmkk47,data/raw/geology/Tecolutla-10 Core and Sample Descriptions/Core/Tecolutla10N1(3)PetrofBasicaV603-18 (1).xlsx,455635,2018-10-09T21:01:14Z,91230204619a055a444e35c07e0062cc,9bfac39ef6ec3cac4a3ffa3d786a678d69b40e726e10e98b59339d49669513a4,application/vnd.openxmlformats-officedocument.spreadsheetml.sheet,2026-09-15T04:49:20+00:00,drive-connector,
1n9FiR2-A0YROJxOAeRNId5RE52hY9kG_,data/raw/geology/Tecolutla-10 Core and Sample Descriptions/Sample Descriptions/REPORTE FINAL TECOLUTLA-10_020518.pdf,1837831,2018-06-14T21:35:46Z,6d338d89794d3eb2a0e002d234f33c81,e92244baf0b9d64ecbbddb64c82773a559cb9cdc4e17dc01adfbb299120e8983,application/pdf,2026-09-15T04:49:20+00:00,drive-connector,
1R6987RGdPtox481Oe8ekDJ94G0lmMuMs,data/raw/geology/Tecolutla-10 Core and Sample Descriptions/Core/Tecolutla1N1Petrog1(6LD)2352.15-2352.83 V603-18 EngVr.pdf,2089963,2018-06-14T21:05:49Z,8a4c27a44c08ecb01b9772a3d2de19fb,2ff0221601e62594a9d8d25b2f97304b3e9a553996de9c64255e39bf4f298ad3,application/pdf,2026-09-15T04:49:20+00:00,drive-connector,
18K1o3U9-A-RwoadRZKiwdmPKjLFDfCwi,data/raw/fluid_analyses/Tecolutla-10DES Zona AB AnalisisCrudo V603-18.pdf,176143,2018-08-13T17:09:41Z,fb822a68137efc1ae1c0893272ccca21,5f116f861a6d42b1cc6b99adcf8c7979e3eafe80e476e997ff9517cfb719a56d,application/pdf,2026-09-15T04:49:20+00:00,drive-connector,
1xfKOqXH5zqua4EWQYM8--i4RUF0gPOS7,data/raw/fluid_analyses/201808 Tecolutla-10 Oil Analysis (Distillation) - Corelab.pdf,1548001,2018-08-16T21:23:54Z,edee118f12aa122d3a2e1157e04fa087,56b5897db520a4878abc5af5b652639bc39170d71fd1bd153f4cccc9bac56400,application/pdf,2026-09-15T04:49:20+00:00,drive-connector,
1mwNH_0GQuMa1E9zEX8kt8iHA0ph6fZy6,"data/raw/fluid_analyses/Tecolutla-6 Gas Analysis Aug28, 1970.pdf",163493,2016-06-09T21:15:28Z,714159b69f647c4bb97cbc8d56bf3031,046fc96408d5954dd7d9614b67d3876508850563bfdae3e327bfa11b6b0703d4,application/pdf,2026-09-15T04:49:20+00:00,drive-connector,
1DWZsqJChP3Ma7p1SbATh5QZGep0BD0wR,"data/raw/fluid_analyses/Tecolutla-6 Oil Distillation Oct 19, 1956.pdf",66007,2016-06-10T17:36:27Z,3413b4950618694493a849b4295f72e2,1c3f86b41dbac396e38ddae5f12f20477e2defe68e8e01027c98613a9d4f9a9f,application/pdf,2026-09-15T04:49:20+00:00,drive-connector,
1NXsHrHiXEJZduOtjvW_zLFDuU4DSiY9s,data/raw/appraisal_plan/20180726 Tec-10 Quick IPR2.xlsx,41331,2022-06-28T17:05:59Z,a6dbc39703d694c160ff58385c98b672,b3c1eac2579ccfccc1bc70bd5270408d5b5a8f1ea49cfdb255838230e1d9b94b,application/vnd.openxmlformats-officedocument.spreadsheetml.sheet,2026-09-15T04:49:20+00:00,drive-connector,
19tTqV3GcNluf92mTeOJ7GI2LSsoRGSDu,data/raw/ye2020_reserves/Tec-12 Drill.pptx,1987901,2021-02-12T17:25:56Z,9dc276831bc50886f9984594f4f5b7a3,b0a4c7036195a7df77022269fca90ca562523421cd2dae94aa2d6f4d04bfa4ff,application/vnd.openxmlformats-officedocument.presentationml.presentation,2026-09-15T04:49:20+00:00,drive-connector,
1IF_ZFReO6XCrVfCsv5Pz2k--NZB8SI0o,data/raw/tec12_regulatory/PROGRAMA DE TERMINACIÓN TECOLUTLA-12DES VER1.0.pdf,1826395,2021-02-18T20:02:00Z,1788a915995e8dfb9dea94b535964d38,6377fc4b7d1d22f43160a3ad801cda47bbb8fd2293e3d81b5f1df894d867ee9a,application/pdf,2026-09-15T04:49:20+00:00,drive-connector,
1eMlvCy-DxgWmr4DNInsyMvBK2da9NqtU,data/raw/tec12_regulatory/Tecolutla-12DES Perforacion.pdf,5651649,2020-09-10T04:47:51Z,7e44b50a10142c8376a76c0a2e476232,be710b3af685cead8a4b260d94c098bd1d3b41f5d8d9ccadfe2d08aa8448cd12,application/pdf,2026-09-15T04:49:20+00:00,drive-connector,
1M8-de1bNc3vdrfHimnPwZuPDVoWPpyAR,data/raw/geology/tec10_image_log/Tec-10 Summary Modern day Image (sink hole).pptx,1687412,2018-08-14T17:29:50Z,6ba7781f90ece7bac4fad0025ddcbf7f,9c80c56eb54730bc11e2227d19a82bc6fba124e841af7db0db01ce94083f8243,application/vnd.openxmlformats-officedocument.presentationml.presentation,2026-09-15T04:49:20+00:00,drive-connector,
1jP6P7uIk6WgYEmcBgxrd86aFsxHFHDIM,data/raw/tec12_regulatory/Programa de perforación Tecolutla 12.pdf,5622352,2021-05-27T19:11:51Z,d6bd957d7d1b56e4a873ca50d974de9a,e34af262425139745e6cd5a658bab09c2b7cd35aa9086481bf13983dc5b6e124,application/pdf,2026-09-15T04:49:20+00:00,drive-connector,
1qIM_lf_M53wYrt6hntAHcYqV51Iwm62n,data/raw/tec11/Tecolutla 11_Tieback 4 12_Graficas_181218.pptx,462852,2018-12-18T22:19:58Z,71ba81d84e04ca13b76560ef8aee1c9d,df35a5d9403baff8beff20c230dce034bd10323bf227df99d28466f0e77a5613,application/vnd.openxmlformats-officedocument.presentationml.presentation,2026-09-15T04:49:20+00:00,drive-connector,
1DZ-xeQ7n5EAFFl-QipOJPe9ju9J6iuP5,data/raw/tec12_2020/TEC-12 Proposed S-Shaped Well Design.pptx,54289,2020-08-25T02:30:06Z,b3941e298ce66a6b2f72e4e2e82e36d1,17f072e0f734d33c4f2ed43fe72cab4033a3fc0528c7bb4f2963fad30941f51c,application/vnd.openxmlformats-officedocument.presentationml.presentation,2026-09-15T04:49:20+00:00,drive-connector,
1_mSzgoCZN5ol48Iv7Plr_Wt03H4pMNyc,data/raw/tec12_2020/ElAbra Depth Tec12.pptx,985447,2020-12-26T18:21:26Z,3d51a003fbdecae111bf228e48062798,2b9f7c8c7f133375c435c3949c01a4af717f0ea6e0d4151b83e4c1241f02c885,application/vnd.openxmlformats-officedocument.presentationml.presentation,2026-09-15T04:49:20+00:00,drive-connector,
1fGiD3qPJhWMkmgKYhPMGzPXo6LFuSwpm,data/raw/tec12_budget_2021/TEC-12 Rough Drilling & Completion Cost Estimate (2).xlsx,43103,2021-09-14T18:15:09Z,f46b8e5e8e13bf55c97ccd5698957c4a,d3b9b078e94e1891fe5ff69e67030bd05e4f1e8bee08b884d0af24f56aff1c8a,application/vnd.openxmlformats-officedocument.spreadsheetml.sheet,2026-09-15T04:49:20+00:00,drive-connector,
1YkMK3_VVBiQg14yndJsuHUjwbECFr1ZI,data/raw/tec12_drill/OLD/20201110 Tecolutla Economics (Simmons) v2.xlsx,989782,2020-11-12T16:07:12Z,b0bf6a99ff1cea2d41b04efad0760607,ac53880e927e6d489548ffdef55f1a709812de84f4bade246241897787dbb074,application/vnd.openxmlformats-officedocument.spreadsheetml.sheet,2026-09-15T04:49:20+00:00,drive-connector,
1u3yMe7q2i8fbazdvJ5Ica1ISN7CwFEyk,data/raw/tec12_drill/OLD/20201110 Tecolutla Economics (Simmons).xlsx,394330,2020-11-11T23:32:59Z,a3d053ab3a76c77ec5c90c0b9b4b8c86,5955e272179210adb944dfcb9642cf6f4f2fee2a199e88de800619044c8d2b01,application/vnd.openxmlformats-officedocument.spreadsheetml.sheet,2026-09-15T04:49:20+00:00,drive-connector,
1qos6gyTYXCZX6dnqxdaAFNaoYMSl8S66,data/raw/tec12_drill/Simmons Payout Comparison.xlsx,441415,2020-11-10T14:32:39Z,cf5c580111b79d7f38c35bd7712e0adb,2ac2e23ee65c6294a987f0ae1e404e8664129ab9f0e7251d4ee4920cb001664a,application/vnd.openxmlformats-officedocument.spreadsheetml.sheet,2026-09-15T04:49:20+00:00,drive-connector,
1kcqaaYe2OmiEh4BDXoyWg4iZNt7UD22R,data/raw/petrophysics/LAS/TECOLULTA-10_CBL-VDL-GR-CCL_CASING 7IN.las,2261854,2018-06-27T14:41:52Z,baf688313da9f4a69c72ff37800133a8,1d2db9d7ab7d1d8d05da087fcd124957473b4cca2993fe03129be2c606fdc227,application/octet-stream,2026-09-15T04:49:20+00:00,drive-connector,
1L4FtW5gWjN6Xr_6n1K0w5GeXxsa3jZHj,data/raw/fluid_analyses/Tecolutla-2 Gas Comps V613-18 (JT Liquids Recovery).xlsx,12526,2018-08-10T16:20:43Z,6bfaea1fe03bfa0029e8389556c9d79a,94a0eceda8abae9fc2a53b9516901511b7dbdadec411d16f8a996dd182c5f7a4,application/vnd.openxmlformats-officedocument.spreadsheetml.sheet,2026-09-15T04:49:21+00:00,drive-connector,
1lFm12tBuBaiV0-22mRvxP3rVg4KD2fOZ,data/raw/development_plan/pvtdoc.pdf,22542,2022-03-11T17:00:12Z,f8b21d24129b4a1ecc0ae413b41fbffd,9257a908e80a18babc8b3e34c40ed6b856e98209cf8ab822581215c8482906e7,application/pdf,2026-09-15T04:49:21+00:00,drive-connector,
10XQXYjUf2HXOnJ3MdGQTr-sXtD7BkmRP,"data/raw/fluid_analyses/Tecolutla-7 Oil Distillation Jan 21, 1957.pdf",76247,2016-06-08T16:37:40Z,ce7bedeca64339efc39c105c1c1013e0,57622403f5ac8a7f84e9f3595b6dfcceaa1bbc35e1fb10d3d83f5f76149dc70f,application/pdf,2026-09-15T04:51:35+00:00,drive-connector,
1l7QvyKJijGVJUva1BtCKM8lalspR14rH,"data/raw/fluid_analyses/Tecolutla-6 Oil Distillation Jun 19, 1974.pdf",113652,2016-06-09T20:03:11Z,b70ed050e76e72782a85bbe2198ab336,95231c80e3dddf0e9e0a047507290baf82922aaea48a6c9eb318dc364f057591,application/pdf,2026-09-15T04:51:35+00:00,drive-connector,
1Fz-qlWCj4kim2aqqTivpQzwgd_SHT9lQ,data/raw/fluid_analyses/Tecolutltla-10DES Zona C AnalisisCrudo 3-ago-18 V603-18.pdf,174153,2018-09-05T21:15:56Z,4a9ed93ea2bc635c5f006567652ccfe0,4a1d7910f867cfdccef1c79095a6aa153d284d1ebdcb4839a6e1b92d01ec70d8,application/pdf,2026-09-15T04:51:35+00:00,drive-connector,
1_3M16r7GgQ6GJW7e8MZJa7oejuQu_Vdo,"data/raw/fluid_analyses/Tecolutla-2 Oil Distillation May 9, 1974.pdf",124085,2016-06-01T16:30:33Z,b51225d0f534f26db68e32b1dd5675ad,88f3d2d45458f82ba1a7d603cd7f3742a77c8aeec2ae4b7b704ca75d19d0f2e5,application/pdf,2026-09-15T04:51:35+00:00,drive-connector,
1gqQB4yzrDLn2pXbZPtOtI6VtpBRDA2pc,data/raw/fluid_analyses/Tecolutla-2 Muestreo V613-18.pdf,302300,2018-05-31T20:51:39Z,83c45461dc1bdf1a2ed8bd6efdc705d0,6ca9e128e4744fccca25f977ca866fe03ea3e96916e3eee9ca270dd36264f27a,application/pdf,2026-09-15T04:51:35+00:00,drive-connector,
1lCed8BBLCOv4FoxwLhiarPAXPc_ZF8o0,data/raw/fluid_analyses/Tecolutla-7 Oil Distillation Jul 1971.pdf,121251,2016-06-07T20:11:20Z,cf33c4b0fa9baebe5a7c8074e6af9c36,d17c4ffe94e31e8614b9b5a0dda8af01ccf43c3c51024151c332dc62ed73f8b1,application/pdf,2026-09-15T04:51:35+00:00,drive-connector,
1NO4tzyoW0baEj7R8PtSnhSakMLing0Zw,"data/raw/fluid_analyses/Tecolutla-7 Oil Distillation May 9, 1975.pdf",134025,2017-06-20T21:17:58Z,732cc013a6b4462b4a9ea37684a7733a,a66ff42ec6c0d8c768779ab976a5a3e5be16cc9afd46c4dabc5f9c64a18d58e2,application/pdf,2026-09-15T04:51:35+00:00,drive-connector,
1pgpPlh__iopzn2hypIZWTc02-fGKMFNq,"data/raw/fluid_analyses/Tecolutla-6 Oil Distillation May 9, 1975.pdf",126149,2016-06-09T20:01:51Z,c28fc5076b2e1a430bfe3c2b54e591f8,e7b6122b61ffc40cecc194fba094942dcb0224a495df51b3ee98244a51d3198c,application/pdf,2026-09-15T04:51:35+00:00,drive-connector,
1shj10gtUcoC_EtLPidumanI9PJbjWdCq,"data/raw/fluid_analyses/Tecolutla-2 Oil Distillation Jul 9, 1974.pdf",99860,2016-06-01T16:29:51Z,d8d006cc65285ded1089d28079587181,78acd94de9df4e1d168d20501083348ce671c94f2ebef14a48bee72359464a67,application/pdf,2026-09-15T04:51:35+00:00,drive-connector,
1jP4nWK4BSas3rgyzR9k19uNDqJlzVC0T,"data/raw/fluid_analyses/Tecolutla-6 Oil Distillation Jan 22, 1959.pdf",54973,2016-06-09T21:18:27Z,280e197a9de19749bdc70cce804d81aa,6328e52f3624f5d82f80e1ab8885adf0892e038e69ac0bea6fcece4774a11e60,application/pdf,2026-09-15T04:51:35+00:00,drive-connector,
1WBQWnkzW3bG57vde9rfLHl8xojrkZrfR,data/raw/ye2020_reserves/YE 2020 Reserves (Tecolutla) - Corporate Summary.pdf,3907103,2021-04-19T20:55:59Z,9b9c3988350f9de98776a77d5e2219e0,f71926686c8c203d0c40c1567d7089843704b2437d12ba95fe8f44abf557065d,application/pdf,2026-09-15T04:52:42+00:00,drive-connector,
1FY4O-cKf7cINcYyidWWQmVOeh4xOyfrR,data/processed/drive_text/Tecolutla_Work_Program_Tec-12_Drill.pdf.txt,15277,2023-09-29T15:38:20Z,,3c4c2379c3489205408621cc9815ffd9d09bccaae2a28d62d75f6153fd922690,application/pdf,2026-09-15T18:52:28+00:00,drive-connector-text,text rendering only (read_file_content); Drive binary 14487956 bytes not pulled (G-13); figures/images not captured
14zn5SCmd08aMt36jRAC7lBjCkllscz6c,data/processed/drive_text/YE2020_Reserves_Corporate_Summary_Detail_Final.pdf.txt,69822,2021-04-19T20:55:36Z,,78e4d4a5a2d74cf049313eb81a3d0c5197a17fd4c1f6b4fe879ae22d7c6e91d8,application/pdf,2026-09-15T18:52:28+00:00,drive-connector-text,text rendering only (read_file_content); Drive binary 15925842 bytes not pulled (G-13); figures/images not captured
12qxiAXyUnaskmNKfcihB7bYruJAVpQPM,data/processed/drive_text/TECOLUTLA_10_CMI_INTERPRETED_IMAGE.pdf.txt,850,2021-02-06T22:54:34Z,,55fd25aee5e111403d07a919e3e5cb8f296f145d65e75c15e03f2fef4735973f,application/pdf,2026-09-15T18:52:28+00:00,drive-connector-text,text rendering only (read_file_content); Drive binary 14128242 bytes not pulled (G-13); figures/images not captured
1ayn5ddE5ioD9MIIhMfieHz0185OUCU4x,data/processed/drive_text/Tec-12_Back-up_Slides_Aug2020.pptx.txt,365,2020-08-27T19:44:11Z,,a09539b11c2a40b49e832112a000af91ad2124fba6cd0e079a81902839e46e9a,application/vnd.openxmlformats-officedocument.presentationml.presentation,2026-09-15T18:52:28+00:00,drive-connector-text,text rendering only (read_file_content); Drive binary 14509963 bytes not pulled (G-13); figures/images not captured
1xVMk3sM2k8bP6SJ37SXxNvnGv-DcYChA,data/processed/drive_text/201807_Tecolutla-10_Welltest_Data.xlsx.txt,1021630,2022-06-28T05:00:10Z,,efabc56badaf8a0afdc9dea5e97088156a645f8743a448720036a16551914384,application/vnd.openxmlformats-officedocument.spreadsheetml.sheet,2026-09-15T18:52:28+00:00,drive-connector-text,text rendering only (read_file_content); Drive binary 9594784 bytes not pulled (G-13); figures/images not captured
1Rt-cRts4czd7-OO3GSc5ZgnI5Putc3hi,data/processed/drive_text/Tec_12_Sept2021.pptx.txt,1912,2021-09-14T18:16:58Z,,a5ddee7ee35d0903671d47fd9382aeaf074ae617d433dd34b9ea922554a442a0,application/vnd.openxmlformats-officedocument.presentationml.presentation,2026-09-15T18:52:28+00:00,drive-connector-text,text rendering only (read_file_content); Drive binary 8145385 bytes not pulled (G-13); figures/images not captured
1EdJ8tOM5QEtOPUHjPHucg_7Exj8G3v9k,data/processed/drive_text/REPORT_TECOLUTLA_2.xlsx.txt,1014965,2018-06-04T21:42:39Z,,e61ec56000d3f01be88d567003e0530305d3d33f1ee3472ef04cd73beff93194,application/vnd.openxmlformats-officedocument.spreadsheetml.sheet,2026-09-15T18:52:28+00:00,drive-connector-text,text rendering only (read_file_content); Drive binary 9968484 bytes not pulled (G-13); figures/images not captured
1duCrOXVk6NdKZZgnHhig45KjWvmDFjXl,data/processed/drive_text/Masterlog_Tecolutla_10_470_a_2490m.pdf.txt,2940,2018-05-02T08:01:32Z,,35acc076885ba5be1396bc694138dff38316b301e66326b219551697cae1d395,application/pdf,2026-09-15T18:52:28+00:00,drive-connector-text,text rendering only (read_file_content); Drive binary 6954825 bytes not pulled (G-13); figures/images not captured
1OKibAUwnsMsurgwqoHjJYyPncfi9fact,data/processed/drive_text/Tecolutla10_ReporteFinal_V603-18.pdf.txt,60205,2018-10-09T21:05:23Z,,86be14a6cd3256fbe790df37de2714666023c23d3c82682a61769e5554a4df4a,application/pdf,2026-09-15T18:52:28+00:00,drive-connector-text,text rendering only (read_file_content); Drive binary 7675404 bytes not pulled (G-13); figures/images not captured
1UTXD3q5c2TSs9RFhF0OVXTpWsB5zmGOe,data/processed/drive_text/Litologia_Tecolutla_10.pdf.txt,94360,2018-06-14T21:41:05Z,,ed8721c235489cec31823b4d50a53517bf304ef07d037f5a91f0adf135ebb818,application/pdf,2026-09-15T18:52:28+00:00,drive-connector-text,text rendering only (read_file_content); Drive binary 7307773 bytes not pulled (G-13); figures/images not captured
17UZUZ-68OHV5EfE3Hl9IJc0MdlhMi55C,data/processed/drive_text/Anexo_III.8.III_Consolidado_Anual_Produccion_2020.pdf.txt,1290,,,9b49aca76f721f4428469d7d4ccba267acb5d464d027d72ff27db2fa75390f63,application/pdf,2026-09-15T20:56:07+00:00,drive-connector-text,"Drive binary 525,545 B not pulled; numeric content transcribed from the rendering"
1YS4wmTuUVcqnpGveGFqbhQRUZ5q3mmx7,data/processed/drive_text/Anexo_III.8.III_Consolidado_Anual_Produccion_2021.pdf.txt,1168,,,1ab4676158f75dad6eaaa1d8e74e62e24ba666fb956bf1554f65884c691c2e4f,application/pdf,2026-09-15T20:56:07+00:00,drive-connector-text,"Drive binary 130,610 B not pulled"
1V-37AfBAvUOXDliYHHk7ehaRKRMJo6cl;1Ei6mp7yvGY8b5igbodWjaCV5z9_3Hiql,data/processed/drive_text/Tabla_Produccion_2021_and_2022_CNH_forecast.xlsx.txt,1780,,,3c35ba7c59fe460433aafef069fba6a2eb487e2b9d97708140c6094a855fa63f,application/vnd.openxmlformats-officedocument.spreadsheetml.sheet,2026-09-15T20:56:07+00:00,drive-connector-text,"two workbooks, 118,720 and 118,795 B"
1wDcqX4kqn-QhdLG81zcSpsLd_MFS0gLl,data/processed/drive_text/Tabla_Informe_Mensual_CNH_Nov2022.xlsx.txt,1615,,,82abff8de8dfd8449f27b4c8df827859f73c41926471000e1a61f6dc0a388cd5,application/vnd.openxmlformats-officedocument.spreadsheetml.sheet,2026-09-15T20:56:07+00:00,drive-connector-text,"numeric extract of the Jul-Oct 2022 monthly report; 252,104 B"
16p3LwvhAzqztuCkbz6zcW6f-AL2HKhiD,data/raw/cnh_gis/CNH_R01_L03_2015-campos.shp,145992,,,c182f236562a1473b739475317e158462498577a11da51f091431ec743073b75,application/octet-stream,2026-09-15T20:56:07+00:00,drive-connector,"binary download; 13 field polygons, WGS84; companion .dbf (1CPYUpHX598g6cKTljdd1USNf2ioDI-4q) read but not saved"
1Y0cIXkyFup_qxAYVHQtCfBs_m59jQJG1,data/raw/cnh_gis/CNH_R01_L03_2015-campos.prj,145,,,a02a27b1d1982c8516d83398e85a3c8b1aef1713c13ef4d84d7bde17430c07c4,application/octet-stream,2026-09-15T20:56:07+00:00,drive-connector,"WGS84 projection file, 145 B"
1z3aNg5UAOlPMqLBlId4WeAthavWKvuLi,data/raw/cnh_reports/Anexo I. Formatos mensuales Tonalli Nov-22.zip,707108,2022-12-20T19:08:22Z,,6703442fd4afb064fdff7a41da932fc3556bcc6461289da71ab8e58c8c682f73,application/zip,2026-09-15T21:00:11+00:00,drive-connector,"Tonalli Nov-2022 CNH measurement formats (VHP, VHPM, Balances); extracted to data/raw/cnh_reports/Nov-22/"
