DEPTH,CALI,CILD,DT:1,DT:2,gr,res_ild,neut_counts,SN,SP,sphi,mss
2200.125,,697.835,95.308,,54.062,1.647,469.846,1.33,-85.002,,2195.125
2200.25,,709.646,95.506,,54.963,1.607,473.748,1.329,-84.997,,2195.25
2200.375,,717.52,95.208,,55.487,1.607,477.731,1.33,-85.002,,2195.375
2200.5,,735.236,95.109,,55.585,1.568,481.678,1.369,-84.604,,2195.5
2200.625,,756.89,94.812,,55.651,1.528,485.614,1.369,-83.822,,2195.625
2200.75,,766.732,95.903,,55.423,1.528,485.623,1.369,-83.425,,2195.75
2200.875,,778.543,95.903,,54.395,1.528,489.551,1.369,-83.821,,2195.875
2201.0,,784.449,97.788,,53.219,1.528,493.519,1.369,-84.212,,2196.0
2201.125,,786.417,98.383,,52.034,1.528,493.504,1.369,-84.214,,2196.125
2201.25,,786.417,97.688,,52.275,1.528,489.545,1.369,-84.212,,2196.25
2201.375,,772.638,96.101,,51.556,1.528,485.595,1.369,-84.213,,2196.375
2201.5,,762.795,96.2,,51.805,1.529,481.627,1.37,-84.212,,2196.5
2201.625,,750.984,95.407,,52.494,1.527,477.688,1.408,-84.214,,2196.625
2201.75,,750.984,95.506,,52.597,1.529,481.638,1.409,-84.212,,2196.75
2201.875,,739.173,95.605,,53.119,1.567,481.646,1.408,-84.214,,2196.875
2202.0,,733.268,92.232,,53.392,1.569,481.669,1.409,-84.211,,2197.0
2202.125,,721.457,90.744,,53.742,1.567,485.614,1.408,-84.214,,2197.125
2202.25,,713.583,91.042,,53.556,1.569,489.611,1.41,-84.211,,2197.25
2202.375,,711.614,91.438,,53.265,1.606,493.525,1.448,-84.215,,2197.375
2202.5,,705.709,93.274,,53.247,1.608,497.535,1.449,-84.21,,2197.5
2202.625,,703.74,93.919,,52.789,1.646,497.492,1.487,-84.215,,2197.625
2202.75,,701.772,95.506,,52.778,1.688,489.591,1.489,-84.208,,2197.75
2202.875,,699.803,95.506,,52.942,1.765,485.639,1.487,-84.216,,2197.875
2203.0,,699.803,93.819,,53.251,1.807,481.638,1.489,-84.208,,2198.0
2203.125,,695.866,93.323,,53.568,1.884,481.715,1.487,-83.823,,2198.125
2203.25,,701.772,93.323,,53.569,1.926,481.568,1.489,-83.815,,2198.25
2203.375,,703.74,94.117,,53.563,1.924,481.73,1.488,-83.823,,2198.375
2203.5,,699.803,93.819,,53.413,1.886,481.518,1.449,-83.815,,2198.5
2203.625,,697.835,91.835,,53.088,1.884,481.728,1.448,-83.823,,2198.625
2203.75,,691.929,91.042,,52.785,1.886,485.482,1.449,-83.815,,2198.75
2203.875,,689.961,87.867,,52.3,1.924,485.666,1.488,-83.429,,2198.875
2204.0,,678.15,87.966,,51.371,1.925,497.397,1.489,-83.423,,2199.0
2204.125,,674.213,88.065,,50.883,1.924,497.489,1.528,-83.428,,2199.125
2204.25,,664.37,88.264,,50.896,1.965,497.482,1.607,-83.424,,2199.25
2204.375,,650.591,88.264,,51.355,1.981,497.43,1.607,-83.427,,2199.375
2204.5,,634.843,86.875,,51.682,2.005,493.717,1.647,-83.426,,2199.5
2204.625,,621.063,87.569,,51.984,2.042,489.558,1.686,-83.425,,2199.625
2204.75,,603.346,88.363,,52.156,2.045,478.245,1.726,-83.427,,2199.75
2204.875,,599.409,86.28,,52.139,2.082,477.813,1.805,-83.424,,2199.875
2205.0,,591.535,87.173,,52.005,2.084,470.672,1.826,-83.428,,2200.0
2205.125,,589.567,88.165,,51.975,2.122,458.115,1.845,-83.816,,2200.125
2205.25,,581.693,88.264,,51.695,2.124,446.712,1.845,-83.822,,2200.25
2205.375,,571.85,86.379,,50.074,2.162,438.298,1.845,-83.815,,2200.375
2205.5,,563.976,87.371,,50.129,2.164,430.922,1.845,-83.823,,2200.5
2205.625,,560.039,89.554,,50.062,2.162,430.307,1.845,-83.814,,2200.625
2205.75,,558.071,92.431,,50.141,2.125,430.95,1.845,-83.823,,2200.75
2205.875,,560.039,94.117,,52.098,2.123,430.314,1.846,-83.814,,2200.875
2206.0,,560.039,94.216,,51.57,2.125,431.046,1.845,-83.824,,2201.0
2206.125,,565.945,86.081,,50.828,2.124,434.289,1.806,-83.814,,2201.125
2206.25,,569.882,85.883,,50.318,2.087,446.897,1.766,-83.824,,2201.25
2206.375,,577.756,89.355,,49.722,2.092,505.619,1.769,-84.208,,2201.375
2206.5,,581.693,90.05,,49.535,2.051,597.029,1.767,-84.217,,2201.5
2206.625,,585.63,93.819,,49.25,2.055,764.618,1.773,-84.209,,2201.625
2206.75,,581.693,95.208,,49.06,2.089,922.551,1.807,-83.824,,2201.75
2206.875,,573.819,95.159,,50.358,2.057,1061.7531,1.815,-83.816,,2201.875
2207.0,,550.197,93.026,,49.366,2.126,1203.245,1.845,-83.823,,2202.0
2207.125,,506.89,77.351,,48.161,2.192,1310.002,1.922,-83.817,,2202.125
2207.25,,500.0,72.937,,47.131,2.321,1309.901,2.119,-83.822,,2202.25
2207.375,,443.898,68.224,,46.751,2.579,1302.204,2.375,-83.425,,2202.375
2207.5,,417.323,65.645,,47.099,2.715,1293.895,2.552,-83.428,,2202.5
2207.625,,394.685,68.819,,47.393,3.48,1258.7679,2.774,-83.426,,2202.625
2207.75,,365.157,71.2,,47.697,3.823,1316.501,2.966,-83.427,,2202.75
2207.875,,337.598,71.597,,48.212,4.485,1357.677,3.134,-83.82,,2202.875
2208.0,,256.299,69.315,,48.759,6.329,1384.674,3.234,-83.82,,2203.0
2208.125,,205.709,66.935,,49.192,8.026,1400.649,3.353,-84.214,,2203.125
2208.25,,162.402,66.736,,49.981,15.312,1420.017,5.663,-84.605,,2203.25
2208.375,,128.937,67.232,,51.274,19.94,1443.8101,7.163,-85.002,,2203.375
2208.5,,117.126,68.819,,51.369,20.677,1467.897,10.099,-86.178,,2203.5
2208.625,,85.63,71.002,,51.77,21.409,1502.947,11.952,-86.576,,2203.625
2208.75,,85.63,71.895,,50.78,21.607,1592.6,12.56,-86.571,,2203.75
2208.875,,85.63,71.002,,50.151,21.687,1724.368,12.599,-86.575,,2203.875
2209.0,,91.535,67.53,,49.36,21.726,1804.225,12.282,-86.571,,2204.0
2209.125,,97.441,66.438,,39.115,21.766,1841.427,11.409,-86.575,,2204.125
2209.25,,105.315,65.942,,36.191,21.766,1853.3199,11.369,-86.57,,2204.25
2209.375,,105.315,71.002,,27.759,21.766,1853.3199,11.458,-86.574,,2204.375
2209.5,,99.409,73.085,,20.082,21.766,1837.463,11.607,-86.571,,2204.5
2209.625,,91.535,62.569,,19.391,21.766,1821.606,12.004,-86.574,,2204.625
2209.75,,85.63,62.272,,15.061,21.766,1750.248,12.401,-86.571,,2204.75
2209.875,,81.693,61.081,,12.752,21.726,1643.2111,12.52,-86.573,,2204.875
2210.0,,83.661,60.188,,11.617,21.607,1286.422,11.842,-86.572,,2205.0
2210.125,,87.598,70.506,,11.477,21.409,977.205,11.052,-86.179,,2205.125
2210.25,,109.252,71.2,,11.959,20.813,818.632,10.255,-86.18,,2205.25
2210.375,,144.685,74.177,,12.261,19.286,782.953,8.791,-86.179,,2205.375
2210.5,,205.709,76.458,,12.286,18.452,691.774,6.903,-86.181,,2205.5
2210.625,,247.047,78.938,,12.243,13.829,537.166,4.725,-86.179,,2205.625
2210.75,,288.386,84.891,,12.093,10.0,509.415,4.205,-85.788,,2205.75
2210.875,,300.197,92.034,,11.775,7.044,501.487,3.594,-85.785,,2205.875
2211.0,,367.126,99.772,,11.461,4.345,489.594,3.114,-85.395,,2206.0
2211.125,,469.488,104.931,,13.515,3.313,474.829,2.205,-84.998,,2206.125
2211.25,,502.953,104.236,,14.607,2.302,462.682,2.023,-84.608,,2206.25
2211.375,,538.386,102.847,,15.41,2.123,455.162,1.947,-84.605,,2206.375
2211.5,,581.693,101.26,,15.699,1.984,434.882,1.865,-84.608,,2206.5
2211.625,,638.78,98.284,,15.89,1.885,419.521,1.788,-84.213,,2206.625
2211.75,,670.276,97.788,,16.003,1.845,418.986,1.667,-84.213,,2206.75
2211.875,,713.583,94.415,,16.052,1.726,423.239,1.55,-84.213,,2206.875
2212.0,,739.173,94.315,,19.059,1.667,438.343,1.508,-83.819,,2207.0
2212.125,,747.047,101.855,,24.338,1.548,450.427,1.45,-83.427,,2207.125
2212.25,,752.953,100.962,,30.815,1.508,457.981,1.409,-83.425,,2207.25
2212.375,,754.921,100.466,,31.359,1.468,458.223,1.37,-83.428,,2207.375
2212.5,,760.827,99.97,,35.23,1.448,457.885,1.369,-83.424,,2207.5
2212.625,,760.827,96.3,,36.317,1.448,457.975,1.33,-83.428,,2207.625
2212.75,,766.732,95.474,,40.414,1.448,457.868,1.329,-83.424,,2207.75
2212.875,,774.606,94.812,,48.576,1.409,457.931,1.29,-83.428,,2207.875
2213.0,,802.165,99.474,,56.767,1.409,457.864,1.29,-83.423,,2208.0
2213.125,,802.165,100.466,,58.505,1.409,457.85,1.29,-83.428,,2208.125
2213.25,,802.165,102.351,,59.471,1.409,457.878,1.29,-83.423,,2208.25
2213.375,,802.165,100.962,,58.797,1.369,457.789,1.29,-83.428,,2208.375
2213.5,,798.228,98.581,,57.607,1.369,457.862,1.29,-83.423,,2208.5
2213.625,,794.291,95.336,,56.095,1.349,461.722,1.29,-83.034,,2208.625
2213.75,,794.291,94.712,,53.534,1.31,461.826,1.23,-83.029,,2208.75
2213.875,,792.323,94.514,,53.708,1.29,461.766,1.21,-82.641,,2208.875
2214.0,,790.354,95.407,,54.028,1.289,461.854,1.21,-82.635,,2209.0
2214.125,,788.386,100.069,,54.487,1.29,461.856,1.21,-83.035,,2209.125
2214.25,,788.386,100.268,,54.837,1.289,457.891,1.21,-82.634,,2209.25
2214.375,,788.386,99.573,,56.054,1.29,457.951,1.21,-82.643,,2209.375
2214.5,,788.386,95.685,,56.582,1.289,457.837,1.21,-82.634,,2209.5
2214.625,,788.386,94.812,,57.154,1.29,454.03,1.211,-82.643,,2209.625
2214.75,,788.386,96.2,,58.009,1.289,453.821,1.23,-82.633,,2209.75
2214.875,,790.354,96.399,,58.896,1.29,442.197,1.23,-82.644,,2209.875
2215.0,,794.291,94.613,,59.12,1.329,430.017,1.21,-83.026,,2210.0
2215.125,,794.291,92.728,,59.687,1.33,422.458,1.211,-82.644,,2210.125
2215.25,,794.291,91.935,,60.223,1.329,414.133,1.21,-83.026,,2210.25
2215.375,,796.26,95.903,,60.637,1.33,410.635,1.171,-83.037,,2210.375
2215.5,,800.197,96.3,,61.166,1.329,414.083,1.17,-83.026,,2210.5
2215.625,,800.197,96.796,,61.744,1.33,422.569,1.171,-82.643,,2210.625
2215.75,,798.228,98.879,,60.213,1.329,433.841,1.17,-82.24,,2210.75
2215.875,,792.323,99.177,,58.912,1.33,454.299,1.191,-82.249,,2210.875
2216.0,,784.449,95.354,,58.001,1.329,477.364,1.21,-82.241,,2211.0
2216.125,,778.543,93.522,,57.971,1.33,489.942,1.211,-82.641,,2211.125
2216.25,,770.669,94.712,,57.839,1.369,497.117,1.25,-83.028,,2211.25
2216.375,,772.638,97.887,,57.507,1.369,489.936,1.25,-83.034,,2211.375
2216.5,,770.669,96.696,,57.365,1.369,485.236,1.289,-83.029,,2211.5
2216.625,,766.732,95.437,,56.882,1.369,478.031,1.33,-83.033,,2211.625
2216.75,,762.795,94.812,,56.099,1.369,473.401,1.349,-83.029,,2211.75
2216.875,,754.921,94.216,,54.052,1.369,470.048,1.369,-83.033,,2211.875
2217.0,,743.11,93.621,,52.945,1.369,469.505,1.369,-83.029,,2212.0
2217.125,,733.268,93.061,,53.74,1.35,469.966,1.349,-83.032,,2212.125
2217.25,,721.457,92.629,,55.466,1.369,469.588,1.349,-83.03,,2212.25
2217.375,,719.488,94.315,,57.679,1.369,469.87,1.369,-83.031,,2212.375
2217.5,,719.488,94.911,,59.408,1.369,473.66,1.349,-83.031,,2212.5
2217.625,,719.488,95.704,,59.411,1.369,481.651,1.329,-82.636,,2212.625
2217.75,,725.394,96.895,,58.936,1.369,497.538,1.329,-82.639,,2212.75
2217.875,,741.142,98.085,,57.834,1.369,509.289,1.33,-82.635,,2212.875
2218.0,,756.89,99.077,,56.731,1.369,505.59,1.31,-82.641,,2213.0
2218.125,,764.764,95.804,,57.52,1.369,497.348,1.29,-82.633,,2213.125
2218.25,,772.638,94.613,,57.989,1.37,489.848,1.29,-82.644,,2213.25
2218.375,,776.575,94.315,,58.153,1.369,481.442,1.29,-82.631,,2213.375
2218.5,,780.512,96.3,,58.298,1.37,478.038,1.29,-82.252,,2213.5
2218.625,,780.512,96.597,,58.31,1.409,481.388,1.29,-82.236,,2213.625
2218.75,,780.512,96.399,,58.287,1.409,482.033,1.33,-81.861,,2213.75
2218.875,,764.764,93.656,,57.997,1.448,493.237,1.35,-81.842,,2213.875
2219.0,,740.748,90.645,,57.96,1.469,497.885,1.389,-81.469,,2214.0
2219.125,,715.551,87.173,,58.002,1.508,501.163,1.429,-81.448,,2214.125
2219.25,,705.709,87.371,,58.268,1.568,507.222,1.468,-81.469,,2214.25
2219.375,,682.087,90.843,,58.799,1.607,509.128,1.508,-81.84,,2214.375
2219.5,,650.591,90.347,,59.207,1.647,509.776,1.548,-81.862,,2214.5
2219.625,,640.748,89.256,,59.753,1.726,513.161,1.627,-81.84,,2214.625
2219.75,,622.687,86.121,,61.398,1.766,513.714,1.706,-81.862,,2214.75
2219.875,,593.504,82.411,,61.966,1.826,517.185,1.786,-81.84,,2214.875
2220.0,,569.882,89.157,,62.245,1.885,517.593,1.845,-81.863,,2215.0
2220.125,,558.071,82.938,,62.61,1.885,517.209,1.925,-82.234,,2215.125
2220.25,,531.496,80.228,,62.308,1.964,521.46,2.003,-82.256,,2215.25
2220.375,,510.827,80.427,,61.525,2.004,529.101,2.084,-82.627,,2215.375
2220.5,,502.953,81.319,,58.04,2.083,533.258,2.162,-82.649,,2215.5
2220.625,,491.142,81.716,,56.026,2.163,537.075,2.163,-83.019,,2215.625
2220.75,,483.268,82.411,,55.665,2.242,541.102,2.241,-83.436,,2215.75
2220.875,,457.677,86.379,,52.254,2.361,545.06,2.282,-83.412,,2215.875
2221.0,,430.118,82.411,,50.932,2.44,552.917,2.321,-83.436,,2216.0
2221.125,,429.134,80.327,,48.786,2.519,557.005,2.361,-83.412,,2216.125
2221.25,,422.244,86.379,,48.098,2.559,572.656,2.4,-82.65,,2216.25
2221.375,,418.307,85.486,,47.835,2.599,604.557,2.401,-82.625,,2216.375
2221.5,,413.386,84.891,,47.324,2.639,615.842,2.4,-82.649,,2216.5
2221.625,,414.37,85.089,,45.458,2.638,616.48,2.401,-83.019,,2216.625
2221.75,,423.228,85.089,,43.566,2.639,616.145,2.36,-83.042,,2216.75
2221.875,,421.26,84.494,,40.87,2.638,600.676,2.361,-83.414,,2216.875
2222.0,,421.26,83.998,,39.337,2.599,592.41,2.321,-83.433,,2217.0
2222.125,,430.118,89.355,,39.586,2.599,576.925,2.322,-83.416,,2217.125
2222.25,,426.181,88.76,,40.155,2.599,560.77,2.4,-83.038,,2217.25
2222.375,,420.276,87.867,,40.813,2.619,553.146,2.422,-83.026,,2217.375
2222.5,,414.37,82.361,,41.187,2.639,548.927,2.479,-83.035,,2217.5
2222.625,,410.433,76.458,,41.429,2.658,541.227,2.52,-83.029,,2217.625
2222.75,,409.449,76.558,,41.275,2.719,533.141,2.599,-83.032,,2217.75
2222.875,,405.512,78.542,,40.471,2.757,533.253,2.657,-83.032,,2217.875
2223.0,,399.606,78.145,,38.603,2.838,533.2,2.696,-83.029,,2218.0
2223.125,,386.811,77.55,,37.78,2.916,533.186,2.718,-83.035,,2218.125
2223.25,,381.89,79.137,,37.982,2.917,533.283,2.758,-83.026,,2218.25
2223.375,,382.874,80.526,,38.248,2.955,537.12,2.718,-82.645,,2218.375
2223.5,,382.874,82.907,,38.935,2.957,545.231,2.679,-82.63,,2218.5
2223.625,,386.811,85.288,,40.444,2.955,548.941,2.638,-82.647,,2218.625
2223.75,,391.732,85.883,,41.066,2.957,557.149,2.6,-82.629,,2218.75
2223.875,,399.606,86.181,,41.22,2.955,564.712,2.559,-82.255,,2218.875
2224.0,,405.512,88.363,,40.835,2.878,569.039,2.441,-82.628,,2219.0
2224.125,,408.465,85.973,,40.109,2.836,568.638,2.439,-82.649,,2219.125
2224.25,,408.465,83.304,,38.978,2.798,557.154,2.441,-82.627,,2219.25
2224.375,,406.496,79.732,,38.654,2.757,552.813,2.519,-82.648,,2219.375
2224.5,,402.559,77.847,,38.512,2.719,545.263,2.56,-82.628,,2219.5
2224.625,,392.717,78.542,,38.653,2.757,540.977,2.598,-82.647,,2219.625
2224.75,,385.827,78.938,,39.453,2.77,533.33,2.6,-83.023,,2219.75
2224.875,,382.874,79.236,,40.235,2.796,525.212,2.638,-82.645,,2219.875
2225.0,,382.874,79.633,,38.649,2.818,519.4,2.639,-82.632,,2220.0
2225.125,,382.874,80.129,,41.036,2.836,513.42,2.638,-82.643,,2220.125
2225.25,,382.874,82.014,,42.724,2.838,509.415,2.639,-83.027,,2220.25
2225.375,,384.843,82.907,,43.434,2.836,505.587,2.638,-83.034,,2220.375
2225.5,,388.78,82.907,,43.485,2.838,505.393,2.639,-83.029,,2220.5
2225.625,,400.591,86.776,,43.154,2.836,505.645,2.599,-83.426,,2220.625
2225.75,,418.307,85.784,,42.828,2.798,505.353,2.519,-83.424,,2220.75
2225.875,,428.15,84.99,,42.241,2.757,505.664,2.401,-83.424,,2220.875
2226.0,,447.835,80.228,,41.383,2.679,513.246,2.241,-83.032,,2221.0
2226.125,,469.488,82.708,,38.314,2.678,517.515,2.124,-82.636,,2221.125
2226.25,,500.984,86.081,,38.224,2.6,525.121,2.122,-82.246,,2221.25
2226.375,,493.11,86.776,,38.638,2.559,533.278,2.045,-82.243,,2221.375
2226.5,,499.016,89.653,,38.688,2.52,540.986,2.003,-82.246,,2221.5
2226.625,,512.795,90.149,,38.796,2.48,545.076,1.966,-82.243,,2221.625
2226.75,,520.669,92.827,,38.69,2.481,544.977,1.964,-82.246,,2221.75
2226.875,,528.543,94.018,,38.316,2.44,544.993,1.966,-82.243,,2221.875
2227.0,,528.543,88.859,,40.59,2.401,545.018,1.964,-82.246,,2222.0
2227.125,,534.449,84.196,,41.458,2.361,540.96,1.966,-82.243,,2222.125
2227.25,,534.449,83.502,,41.871,2.362,537.145,1.964,-82.64,,2222.25
2227.375,,534.449,81.915,,42.547,2.301,536.953,1.945,-82.636,,2222.375
2227.5,,534.449,84.395,,43.7,2.243,529.28,1.924,-82.64,,2222.5
2227.625,,534.449,84.692,,45.997,2.242,525.041,1.886,-82.636,,2222.625
2227.75,,534.449,84.494,,47.418,2.203,513.49,1.964,-82.247,,2222.75
2227.875,,534.449,82.907,,48.03,2.202,497.299,1.965,-82.242,,2222.875
2228.0,,532.48,82.51,,48.216,2.163,493.762,1.963,-82.247,,2223.0
2228.125,,530.512,83.899,,47.536,2.163,485.392,1.965,-82.241,,2223.125
2228.25,,526.575,84.395,,46.335,2.163,474.03,1.963,-82.247,,2223.25
2228.375,,524.606,85.089,,45.796,2.163,469.522,1.965,-82.242,,2223.375
2228.5,,520.669,84.99,,43.972,2.202,462.228,1.963,-82.247,,2223.5
2228.625,,518.701,83.899,,42.962,2.202,453.64,1.965,-82.635,,2223.625
2228.75,,516.732,85.685,,42.232,2.202,446.454,1.963,-82.639,,2223.75
2228.875,,516.732,85.784,,42.34,2.203,441.71,1.965,-83.029,,2223.875
2229.0,,516.732,75.565,,43.168,2.202,434.624,2.003,-83.032,,2224.0
2229.125,,518.701,78.442,,45.034,2.203,433.745,2.005,-82.636,,2224.125
2229.25,,518.701,82.014,,46.467,2.202,436.562,2.003,-82.638,,2224.25
2229.375,,520.669,83.403,,46.785,2.203,441.67,2.005,-82.243,,2224.375
2229.5,,520.669,86.379,,47.402,2.202,442.622,2.003,-82.245,,2224.5
2229.625,,534.449,88.76,,47.747,2.203,445.617,1.965,-82.243,,2224.625
2229.75,,540.354,89.968,,47.866,2.202,446.576,1.963,-82.244,,2224.75
2229.875,,550.197,88.76,,47.756,2.163,453.526,1.885,-82.243,,2224.875
2230.0,,567.913,87.768,,46.758,2.162,454.486,1.845,-82.245,,2225.0
2230.125,,574.803,86.776,,44.293,2.143,453.503,1.826,-82.636,,2225.125
2230.25,,591.535,85.883,,42.975,2.123,454.475,1.785,-82.638,,2225.25
2230.375,,591.535,85.784,,41.771,2.103,457.422,1.746,-82.44,,2225.375
2230.5,,604.331,87.073,,41.245,2.083,458.445,1.706,-82.245,,2225.5
2230.625,,617.126,87.867,,40.974,2.084,457.346,1.667,-82.243,,2225.625
2230.75,,625.0,88.661,,40.304,2.063,458.47,1.647,-82.049,,2225.75
2230.875,,634.843,89.256,,39.861,2.004,453.316,1.607,-81.851,,2225.875
2231.0,,641.732,89.653,,40.811,1.964,454.532,1.568,-81.851,,2226.0
2231.125,,648.622,89.355,,42.847,1.945,473.056,1.568,-81.852,,2226.125
2231.25,,648.622,89.058,,44.424,1.925,494.132,1.568,-81.653,,2226.25
2231.375,,648.622,89.256,,45.201,1.885,508.671,1.568,-81.459,,2226.375
2231.5,,653.543,89.653,,45.697,1.885,505.993,1.568,-81.455,,2226.5
2231.625,,657.48,89.454,,45.891,1.885,520.59,1.548,-81.461,,2226.625
2231.75,,658.465,88.958,,46.022,1.885,525.718,1.528,-81.453,,2226.75
2231.875,,656.496,89.058,,46.449,1.885,528.609,1.528,-81.659,,2226.875
2232.0,,653.543,89.157,,46.496,1.885,525.606,1.528,-81.845,,2227.0
2232.125,,652.559,88.797,,46.756,1.925,520.823,1.528,-81.858,,2227.125
2232.25,,647.638,87.956,,47.437,1.924,517.556,1.528,-82.237,,2227.25
2232.375,,644.685,86.677,,48.331,1.925,509.111,1.528,-82.252,,2227.375
2232.5,,641.732,87.718,,47.433,1.964,497.63,1.528,-82.236,,2227.5
2232.625,,638.78,88.462,,46.291,1.965,489.455,1.528,-82.252,,2227.625
2232.75,,635.827,89.157,,45.535,1.984,481.666,1.567,-82.629,,2227.75
2232.875,,631.89,88.859,,45.513,2.024,469.747,1.568,-82.252,,2227.875
2233.0,,626.969,87.272,,45.525,2.043,465.735,1.567,-82.236,,2228.0
2233.125,,620.079,87.272,,45.724,2.044,457.956,1.587,-82.251,,2228.125
2233.25,,604.331,87.173,,45.988,2.083,453.819,1.607,-82.237,,2228.25
2233.375,,599.409,86.974,,46.641,2.084,454.038,1.607,-82.25,,2228.375
2233.5,,593.504,86.478,,47.867,2.122,453.839,1.627,-82.238,,2228.5
2233.625,,593.504,86.181,,48.855,2.123,454.133,1.667,-81.855,,2228.625
2233.75,,592.52,85.982,,49.75,2.122,453.851,1.686,-82.043,,2228.75
2233.875,,592.52,85.685,,48.704,2.123,454.172,1.686,-82.247,,2228.875
2234.0,,590.551,89.554,,47.856,2.122,453.847,1.687,-82.241,,2229.0
2234.125,,590.551,90.347,,46.974,2.123,458.157,1.686,-82.246,,2229.125
2234.25,,601.378,90.05,,46.44,2.103,465.693,1.667,-82.242,,2229.25
2234.375,,603.346,89.554,,47.289,2.084,470.049,1.646,-82.246,,2229.375
2234.5,,609.252,89.256,,48.174,2.043,469.6,1.647,-81.849,,2229.5
2234.625,,619.094,88.958,,48.859,2.044,462.16,1.646,-81.852,,2229.625
2234.75,,629.921,88.661,,49.594,2.043,453.692,1.608,-81.849,,2229.75
2234.875,,633.858,88.264,,49.012,2.004,442.396,1.587,-81.852,,2229.875
2235.0,,650.591,89.256,,48.496,2.004,435.826,1.568,-81.848,,2230.0
2235.125,,654.528,89.355,,48.062,2.004,418.678,1.567,-81.853,,2230.125
2235.25,,658.465,89.256,,47.399,2.004,406.121,1.529,-82.241,,2230.25
2235.375,,662.402,88.958,,46.644,1.965,438.499,1.527,-82.246,,2230.375
2235.5,,664.37,88.71,,45.671,1.964,473.417,1.529,-82.437,,2230.5
2235.625,,668.307,89.355,,45.382,1.925,482.041,1.527,-82.64,,2230.625
2235.75,,670.276,89.554,,45.515,1.925,497.223,1.489,-82.634,,2230.75
2235.875,,674.213,89.901,,45.694,1.925,505.752,1.488,-82.246,,2230.875
2236.0,,676.181,90.794,,46.3,1.925,517.1,1.489,-82.045,,2231.0
2236.125,,680.118,94.266,,46.638,1.925,517.548,1.488,-81.853,,2231.125
2236.25,,686.024,92.827,,46.769,1.925,517.206,1.469,-81.848,,2231.25
2236.375,,689.961,91.587,,46.8,1.964,521.387,1.488,-81.851,,2231.375
2236.5,,686.024,91.042,,46.608,1.965,517.315,1.509,-81.848,,2231.5
2236.625,,668.307,85.833,,46.647,2.004,509.356,1.547,-81.851,,2231.625
2236.75,,656.496,83.155,,46.447,2.005,505.542,1.588,-81.456,,2231.75
2236.875,,650.591,81.121,,46.49,2.063,505.249,1.686,-81.457,,2231.875
2237.0,,619.094,80.03,,46.287,2.124,505.648,1.767,-81.457,,2232.0
2237.125,,607.283,78.591,,46.805,2.182,516.991,1.825,-81.063,,2232.125
2237.25,,569.882,79.038,,48.653,2.262,525.508,1.866,-80.67,,2232.25
2237.375,,552.165,82.163,,48.222,2.321,532.813,1.944,-80.669,,2232.375
2237.5,,530.512,83.254,,47.556,2.381,545.408,2.004,-81.064,,2232.5
2237.625,,518.701,84.593,,46.637,2.381,560.546,2.023,-81.259,,2232.625
2237.75,,510.827,85.635,,46.146,2.361,569.189,2.044,-81.459,,2232.75
2237.875,,504.921,86.429,,45.68,2.401,580.388,2.083,-81.454,,2232.875
2238.0,,502.067,87.321,,44.895,2.401,581.075,2.083,-81.459,,2233.0
2238.125,,506.89,78.74,,44.41,2.421,576.638,2.083,-81.06,,2233.125
2238.25,,506.89,77.45,,43.802,2.44,569.118,2.083,-80.477,,2233.25
2238.375,,504.921,77.004,,43.458,2.441,560.979,2.083,-80.47,,2233.375
2238.5,,504.921,83.502,,43.021,2.48,549.173,2.083,-80.673,,2233.5
2238.625,,506.89,85.04,,42.825,2.52,541.381,2.083,-81.453,,2233.625
2238.75,,506.89,85.784,,41.921,2.559,536.972,2.083,-81.46,,2233.75
2238.875,,502.953,85.585,,42.195,2.58,537.666,2.083,-81.454,,2233.875
2239.0,,500.984,95.804,,42.234,2.619,536.633,2.083,-81.262,,2234.0
2239.125,,499.016,94.216,,43.769,2.639,537.896,2.063,-80.668,,2234.125
2239.25,,497.047,88.512,,46.957,2.658,540.302,2.044,-80.277,,2234.25
2239.375,,493.11,83.651,,47.236,2.679,550.003,2.044,-80.277,,2234.375
2239.5,,491.142,97.54,,46.167,2.718,567.847,2.044,-80.472,,2234.5
2239.625,,495.079,94.117,,45.184,2.719,577.83,2.044,-80.672,,2234.625
2239.75,,495.079,90.198,,43.806,2.758,583.662,2.044,-80.667,,2234.75
2239.875,,495.079,88.462,,42.816,2.778,609.463,2.044,-80.674,,2234.875
2240.0,,487.205,68.819,,42.871,2.797,698.562,2.084,-80.665,,2235.0
2240.125,,479.331,68.819,,43.503,2.878,708.211,2.124,-80.675,,2235.125
2240.25,,475.394,68.919,,44.141,2.877,722.565,2.123,-81.057,,2235.25
2240.375,,475.394,78.641,,44.526,2.917,749.687,2.204,-80.675,,2235.375
2240.5,,469.488,82.113,,45.256,2.956,730.783,2.201,-80.664,,2235.5
2240.625,,461.614,85.486,,45.614,2.997,695.739,2.204,-80.676,,2235.625
2240.75,,459.646,94.018,,46.053,3.035,667.743,2.24,-80.862,,2235.75
2240.875,,455.709,85.585,,45.92,3.036,644.022,2.284,-81.265,,2235.875
2241.0,,453.74,84.395,,42.436,3.075,588.801,2.319,-81.846,,2236.0
2241.125,,443.898,70.605,,41.032,3.036,572.614,2.285,-81.854,,2236.125
2241.25,,439.961,70.208,,40.392,3.075,565.164,2.398,-81.847,,2236.25
2241.375,,428.15,77.351,,39.612,3.116,560.696,2.467,-81.656,,2236.375
2241.5,,408.465,80.526,,39.127,3.154,557.271,2.556,-81.455,,2236.5
2241.625,,378.937,74.673,,39.142,3.234,552.83,2.76,-81.458,,2236.625
2241.75,,346.85,74.871,,39.595,3.273,557.191,3.349,-81.063,,2236.75
2241.875,,327.756,77.153,,41.67,3.313,549.01,3.354,-81.261,,2236.875
2242.0,,315.945,76.954,,42.591,3.67,549.313,3.35,-81.457,,2237.0
2242.125,,317.913,82.212,,42.312,3.908,560.984,3.314,-81.457,,2237.125
2242.25,,325.787,85.486,,42.116,3.908,573.124,3.193,-81.654,,2237.25
2242.375,,341.535,84.792,,41.839,3.908,580.837,3.075,-81.849,,2237.375
2242.5,,349.409,84.742,,41.328,3.829,585.021,2.956,-82.244,,2237.5
2242.625,,365.157,85.486,,40.577,3.709,584.695,2.876,-82.242,,2237.625
2242.75,,371.063,84.097,,40.226,3.512,585.125,2.798,-82.244,,2237.75
2242.875,,382.874,84.296,,39.473,3.392,584.537,2.756,-82.243,,2237.875
2243.0,,390.748,84.395,,38.485,3.314,585.396,2.601,-82.245,,2238.0
2243.125,,436.024,84.494,,36.954,3.234,584.479,2.557,-82.635,,2238.125
2243.25,,463.583,83.006,,34.696,3.116,577.638,2.245,-82.638,,2238.25
2243.375,,469.488,81.617,,34.598,3.035,576.193,2.2,-82.635,,2238.375
2243.5,,469.488,80.923,,34.368,2.997,569.728,2.165,-82.638,,2238.5
2243.625,,463.583,80.823,,36.599,2.996,560.164,2.161,-82.635,,2238.625
2243.75,,453.74,79.335,,38.607,2.997,561.871,2.166,-82.638,,2238.75
2243.875,,449.803,78.343,,43.297,2.996,556.139,2.241,-82.634,,2238.875
2244.0,,436.024,78.145,,47.885,3.037,561.786,2.403,-82.639,,2239.0
2244.125,,410.433,79.633,,47.093,3.076,615.638,2.48,-82.437,,2239.125
2244.25,,408.465,80.129,,46.135,3.116,624.613,2.561,-82.246,,2239.25
2244.375,,406.496,79.931,,44.427,3.195,635.76,2.559,-82.044,,2239.375
2244.5,,408.465,79.038,,43.602,3.235,656.085,2.521,-81.656,,2239.5
2244.625,,410.433,80.327,,43.176,3.234,675.811,2.52,-81.454,,2239.625
2244.75,,412.402,79.038,,42.809,3.275,695.162,2.481,-81.459,,2239.75
2244.875,,414.37,80.724,,42.392,3.432,808.345,2.48,-81.454,,2239.875
2245.0,,414.37,81.121,,41.862,3.512,918.277,2.52,-81.066,,2240.0
2245.125,,414.37,80.724,,41.441,3.571,886.621,2.579,-81.062,,2240.125
2245.25,,402.559,78.839,,41.224,3.61,789.194,2.619,-81.065,,2240.25
2245.375,,376.969,76.26,,41.433,3.65,677.195,2.738,-81.063,,2240.375
2245.5,,349.409,73.185,,41.477,3.729,654.353,2.916,-81.064,,2240.5
2245.625,,339.567,69.588,,41.591,3.809,629.839,3.055,-81.064,,2240.625
2245.75,,335.63,68.522,,41.553,3.947,606.813,3.213,-81.062,,2240.75
2245.875,,333.661,68.621,,40.505,4.047,594.129,3.253,-81.013,,2240.875
2246.0,,331.693,72.788,,39.516,4.085,567.37,3.193,-80.931,,2241.0
2246.125,,367.126,82.51,,38.781,4.107,514.817,3.115,-80.86,,2241.125
2246.25,,371.063,82.51,,38.565,4.065,512.271,2.995,-80.774,,2241.25
2246.375,,384.843,87.669,,38.785,4.028,518.584,2.897,-80.706,,2241.375
2246.5,,402.559,87.569,,39.657,4.025,516.586,2.797,-80.664,,2241.5
2246.625,,406.496,84.296,,40.682,3.909,526.296,2.718,-80.283,,2241.625
2246.75,,426.181,84.494,,41.184,3.728,524.869,2.598,-80.269,,2241.75
2246.875,,443.898,84.891,,41.949,3.414,534.252,2.361,-80.284,,2241.875
2247.0,,506.89,85.486,,40.586,3.173,540.962,2.262,-80.662,,2242.0
2247.125,,512.795,86.081,,35.496,2.859,538.078,2.163,-80.678,,2242.125
2247.25,,524.606,86.577,,33.178,2.777,536.852,2.063,-80.661,,2242.25
2247.375,,528.543,86.776,,34.709,2.74,537.884,2.024,-80.678,,2242.375
2247.5,,530.512,86.577,,36.328,2.678,536.784,2.004,-80.661,,2242.5
2247.625,,528.543,85.883,,36.912,2.66,537.817,2.005,-80.284,,2242.625
2247.75,,528.543,85.188,,41.771,2.599,524.832,2.004,-80.268,,2242.75
2247.875,,524.606,85.188,,46.514,2.581,506.085,1.985,-80.284,,2242.875
2248.0,,520.669,84.097,,50.046,2.56,503.832,1.965,-80.662,,2243.0
2248.125,,514.764,84.395,,50.76,2.541,513.873,1.965,-80.677,,2243.125
2248.25,,522.638,84.99,,49.741,2.521,576.336,1.965,-80.662,,2243.25
2248.375,,526.575,85.883,,49.486,2.521,589.016,1.985,-80.676,,2243.375
2248.5,,528.543,86.577,,48.965,2.521,612.04,2.004,-80.662,,2243.5
2248.625,,530.512,85.188,,48.687,2.481,683.923,2.005,-80.676,,2243.625
2248.75,,530.512,85.089,,48.504,2.481,695.205,1.984,-80.663,,2243.75
2248.875,,520.669,81.886,,48.835,2.481,687.84,1.965,-80.676,,2243.875
2249.0,,516.732,75.565,,49.926,2.481,671.508,1.964,-80.663,,2244.0
2249.125,,504.921,74.871,,49.755,2.52,660.117,1.965,-80.282,,2244.125
2249.25,,500.984,76.855,,48.828,2.58,647.775,2.004,-80.27,,2244.25
2249.375,,492.987,75.367,,48.175,2.659,632.448,2.005,-80.282,,2244.375
2249.5,,489.173,76.657,,47.58,2.699,616.121,2.023,-80.663,,2244.5
2249.625,,481.299,79.137,,47.065,2.738,581.014,2.064,-81.068,,2244.625
2249.75,,475.394,81.617,,46.971,2.798,568.552,2.102,-81.057,,2244.75
2249.875,,467.52,83.304,,49.171,2.817,557.248,2.183,-80.674,,2244.875
2250.0,,430.118,83.601,,51.326,2.838,560.598,2.281,-80.665,,2245.0
2250.125,,422.244,82.212,,51.3,2.876,569.119,2.362,-80.28,,2245.125
2250.25,,418.307,82.411,,50.156,2.877,572.586,2.439,-80.273,,2245.25
2250.375,,420.276,82.907,,48.607,2.916,576.986,2.441,-80.672,,2245.375
2250.5,,422.244,83.304,,48.119,2.917,560.835,2.479,-80.668,,2245.5
2250.625,,430.118,83.8,,47.496,2.956,549.272,2.441,-80.67,,2245.625
2250.75,,434.055,82.411,,47.18,2.957,549.133,2.399,-81.064,,2245.75
2250.875,,436.024,81.22,,46.235,2.956,549.156,2.362,-81.06,,2245.875
2251.0,,436.024,81.617,,40.564,2.957,557.178,2.36,-81.066,,2246.0
2251.125,,441.929,83.403,,41.042,2.956,560.91,2.322,-81.057,,2246.125
2251.25,,447.835,82.708,,41.419,2.957,581.056,2.32,-81.069,,2246.25
2251.375,,453.74,82.411,,41.667,2.916,600.372,2.243,-81.055,,2246.375
2251.5,,455.709,81.716,,42.913,2.917,593.028,2.201,-80.678,,2246.5
2251.625,,457.677,81.419,,43.578,2.956,580.453,2.203,-80.66,,2246.625
2251.75,,457.677,81.319,,44.623,2.957,569.327,2.202,-80.286,,2246.75
2251.875,,465.551,81.518,,45.655,2.956,560.569,2.164,-80.659,,2246.875
2252.0,,471.457,83.7,,46.182,2.957,545.62,2.162,-80.68,,2247.0
2252.125,,471.457,82.609,,45.205,2.956,540.754,2.164,-80.658,,2247.125
2252.25,,471.457,82.312,,44.901,2.957,533.767,2.163,-80.68,,2247.25
2252.375,,471.457,82.212,,44.744,2.996,529.103,2.163,-81.052,,2247.375
2252.5,,471.457,82.014,,44.809,2.997,526.074,2.163,-81.072,,2247.5
2252.625,,473.425,81.716,,45.38,3.036,543.485,2.124,-81.447,,2247.625
2252.75,,473.425,81.419,,45.922,3.036,561.886,2.124,-81.071,,2247.75
2252.875,,469.488,80.625,,46.481,3.076,573.45,2.163,-80.662,,2247.875
2253.0,,467.52,80.124,,47.08,3.155,593.723,2.164,-80.676,,2248.0
2253.125,,467.52,79.732,,46.322,3.155,609.231,2.203,-80.663,,2248.125
2253.25,,461.614,79.534,,45.507,3.197,621.368,2.244,-80.675,,2248.25
2253.375,,459.646,79.435,,45.532,3.194,636.916,2.283,-80.664,,2248.375
2253.5,,453.74,78.938,,45.509,3.278,645.018,2.324,-80.674,,2248.5
2253.625,,441.929,77.748,,45.876,3.312,640.354,2.403,-80.665,,2248.625
2253.75,,432.087,75.702,,47.008,3.401,628.829,2.444,-80.673,,2248.75
2253.875,,416.339,72.887,,48.68,3.508,624.286,2.523,-80.665,,2248.875
2254.0,,400.591,69.514,,50.238,3.565,616.749,2.603,-80.673,,2249.0
2254.125,,378.937,67.431,,49.938,3.703,619.989,2.723,-80.665,,2249.125
2254.25,,377.362,71.101,,48.976,3.81,747.498,2.803,-80.28,,2249.25
2254.375,,371.063,74.034,,48.522,3.973,936.884,2.922,-80.272,,2249.375
2254.5,,359.252,78.244,,47.713,4.192,1128.064,3.036,-80.281,,2249.5
2254.625,,339.567,78.145,,47.107,4.38,1317.532,3.155,-80.272,,2249.625
2254.75,,321.85,75.863,,46.765,4.391,1508.556,3.353,-80.28,,2249.75
2254.875,,284.449,71.399,,46.482,4.418,1701.671,3.631,-80.666,,2249.875
2255.0,,276.575,69.43,,46.132,4.432,1710.192,3.75,-80.673,,2250.0
2255.125,,241.732,64.653,,46.169,5.925,1709.9871,4.385,-80.47,,2250.125
2255.25,,217.52,62.073,,45.803,6.019,1658.814,5.734,-80.278,,2250.25
2255.375,,203.74,61.974,,44.589,6.877,1575.522,6.091,-80.274,,2250.375
2255.5,,174.213,61.677,,44.058,6.932,1345.8521,7.216,-80.276,,2250.5
2255.625,,148.622,60.089,,43.018,9.892,1171.457,8.79,-80.275,,2250.625
2255.75,,132.874,59.494,,42.321,10.145,1127.849,9.782,-80.275,,2250.75
2255.875,,101.378,59.196,,41.766,12.353,790.882,11.052,-80.277,,2250.875
2256.0,,83.661,62.867,,40.902,13.675,632.309,12.155,-80.275,,2251.0
2256.125,,81.693,67.034,,40.992,14.497,556.987,14.028,-80.277,,2251.125
2256.25,,85.63,67.728,,41.692,14.229,549.058,14.107,-80.667,,2251.25
2256.375,,125.0,68.522,,41.477,13.626,780.459,13.948,-81.064,,2251.375
2256.5,,130.906,71.498,,40.739,12.798,985.383,8.036,-81.454,,2251.5
2256.625,,176.181,73.482,,40.379,11.369,1190.307,6.964,-81.457,,2251.625
2256.75,,213.583,79.831,,40.888,10.298,1395.231,6.329,-81.259,,2251.75
2256.875,,221.457,78.74,,41.546,9.107,1600.156,5.575,-80.866,,2251.875
2257.0,,225.394,73.185,,40.876,8.234,1805.08,4.901,-80.67,,2252.0
2257.125,,229.331,71.399,,35.787,6.964,2031.715,4.782,-80.275,,2252.125
2257.25,,229.331,68.323,,29.232,6.885,2035.679,4.742,-79.884,,2252.25
2257.375,,225.394,74.871,,24.596,6.885,2015.8571,4.702,-79.88,,2252.375
2257.5,,223.425,76.954,,23.713,6.885,2003.964,4.683,-79.885,,2252.5
2257.625,,217.52,75.665,,23.805,6.964,1968.285,4.623,-79.879,,2252.625
2257.75,,201.772,60.585,,24.03,7.282,1940.535,5.103,-79.886,,2252.75
2257.875,,152.559,60.03,,25.384,8.687,1575.818,5.615,-80.271,,2252.875
2258.0,,140.748,57.014,,30.707,9.821,1068.385,6.052,-80.28,,2253.0
2258.125,,126.969,58.403,,36.922,10.139,560.951,6.25,-80.271,,2253.125
2258.25,,119.094,61.081,,41.374,12.456,560.951,7.202,-80.28,,2253.25
2258.375,,115.157,65.645,,41.148,12.996,560.951,9.428,-80.666,,2253.375
2258.5,,119.094,72.589,,40.752,13.79,620.416,10.605,-80.673,,2253.5
2258.625,,132.874,75.565,,40.21,14.226,772.19,10.464,-80.863,,2253.625
2258.75,,148.622,76.558,,38.542,13.353,863.33,10.129,-81.065,,2253.75
2258.875,,178.15,77.946,,36.277,12.758,961.348,5.506,-81.061,,2253.875
2259.0,,207.677,80.923,,30.653,11.845,985.134,4.218,-81.064,,2254.0
2259.125,,274.606,81.815,,26.009,10.139,1145.1541,3.959,-80.865,,2254.125
2259.25,,286.417,80.625,,23.398,7.44,1349.851,3.703,-80.669,,2254.25
2259.375,,294.291,80.03,,21.75,7.083,1414.024,3.481,-80.473,,2254.375
2259.5,,306.102,79.038,,20.711,6.528,1508.424,3.466,-80.274,,2254.5
2259.625,,304.134,70.506,,21.117,6.21,1520.317,3.48,-80.277,,2254.625
2259.75,,270.669,69.514,,26.693,6.091,1544.103,3.508,-80.274,,2254.75
2259.875,,258.858,65.05,,28.841,6.409,1270.5649,3.636,-80.278,,2254.875
2260.0,,242.67,60.585,,31.429,7.401,1092.17,4.105,-80.667,,2255.0
2260.125,,223.425,60.982,,33.1,7.48,997.027,4.368,-80.671,,2255.125
2260.25,,182.087,61.379,,39.88,8.194,814.668,4.643,-80.668,,2255.25
2260.375,,160.433,61.528,,46.995,9.412,810.704,4.883,-80.67,,2255.375
2260.5,,150.591,61.627,,49.891,11.362,806.739,6.292,-80.669,,2255.5
2260.625,,140.748,62.569,,49.634,11.376,810.704,7.677,-80.275,,2255.625
2260.75,,136.811,65.446,,49.272,12.631,996.214,8.653,-80.278,,2255.75
2260.875,,140.748,65.446,,47.734,12.823,1184.153,9.1,-80.668,,2255.875
2261.0,,146.654,71.002,,43.603,12.83,1393.459,9.049,-80.672,,2256.0
2261.125,,154.528,74.077,,39.209,11.611,1405.3521,8.98,-80.667,,2256.125
2261.25,,162.402,75.218,,36.119,11.104,1409.316,7.205,-80.673,,2256.25
2261.375,,164.37,71.052,,34.472,10.815,1409.316,7.195,-81.059,,2256.375
2261.5,,166.339,69.117,,29.105,9.896,1400.057,7.224,-81.065,,2256.5
2261.625,,164.37,66.339,,24.226,9.901,1021.837,7.215,-81.06,,2256.625
2261.75,,158.465,62.867,,23.117,9.799,1023.86,7.204,-81.065,,2256.75
2261.875,,154.528,60.685,,22.813,9.78,978.183,7.217,-81.062,,2256.875
2262.0,,162.402,61.726,,22.802,9.661,652.805,7.063,-80.67,,2257.0
2262.125,,170.276,67.083,,23.137,9.343,552.289,6.703,-80.67,,2257.125
2262.25,,189.961,73.681,,23.752,9.087,505.178,6.348,-80.668,,2257.25
2262.375,,201.772,75.516,,25.048,8.788,509.753,5.773,-80.672,,2257.375
2262.5,,211.614,77.45,,26.629,7.997,509.364,5.296,-80.666,,2257.5
2262.625,,219.488,79.087,,29.155,7.657,509.566,4.744,-80.673,,2257.625
2262.75,,237.205,82.857,,32.984,6.966,505.662,4.384,-81.058,,2257.75
2262.875,,272.638,80.327,,34.045,6.23,509.578,3.733,-81.067,,2257.875
2263.0,,288.386,81.766,,34.29,5.458,517.736,3.352,-81.452,,2258.0
2263.125,,308.071,84.395,,33.435,4.683,518.839,2.821,-81.067,,2258.125
2263.25,,345.472,86.131,,31.924,4.446,521.673,2.559,-81.059,,2258.25
2263.375,,410.433,85.585,,30.756,4.148,525.643,2.424,-80.673,,2258.375
2263.5,,432.087,85.238,,29.238,3.87,517.841,2.341,-80.666,,2258.5
2263.625,,453.74,86.032,,26.647,3.672,521.448,2.265,-81.066,,2258.625
2263.75,,459.646,86.825,,27.589,3.533,541.481,2.242,-81.061,,2258.75
2263.875,,465.551,85.437,,28.622,3.434,553.163,2.225,-81.458,,2258.875
2264.0,,467.52,82.808,,29.255,3.374,552.982,2.203,-81.061,,2259.0
2264.125,,469.488,81.27,,31.979,3.315,541.174,2.244,-80.671,,2259.125
2264.25,,469.488,81.716,,37.906,3.256,529.133,2.243,-80.668,,2259.25
2264.375,,469.488,82.163,,40.63,3.237,517.387,2.244,-81.064,,2259.375
2264.5,,465.551,81.319,,43.217,3.196,517.248,2.243,-81.061,,2259.5
2264.625,,459.646,80.625,,44.874,3.196,521.318,2.283,-80.671,,2259.625
2264.75,,449.803,80.823,,45.532,3.196,529.152,2.342,-81.062,,2259.75
2264.875,,445.866,82.014,,47.545,3.195,548.993,2.401,-81.064,,2259.875
2265.0,,441.929,82.411,,48.693,3.195,564.903,2.401,-81.062,,2260.0
2265.125,,440.945,82.659,,53.529,3.155,552.927,2.38,-81.064,,2260.125
2265.25,,439.961,84.593,,53.414,3.136,541.322,2.401,-81.062,,2260.25
2265.375,,439.961,85.486,,52.349,3.115,528.93,2.38,-80.67,,2260.375
2265.5,,439.961,86.329,,52.143,3.116,526.072,2.362,-80.669,,2260.5
2265.625,,439.961,87.024,,52.199,3.115,532.708,2.36,-81.064,,2260.625
2265.75,,441.929,88.115,,52.445,3.076,554.262,2.322,-81.061,,2260.75
2265.875,,445.866,88.115,,51.192,3.075,560.22,2.321,-81.065,,2260.875
2266.0,,446.85,82.609,,51.17,3.036,534.912,2.282,-80.667,,2261.0
2266.125,,450.787,82.659,,51.214,3.035,516.485,2.281,-80.674,,2261.125
2266.25,,453.74,83.204,,50.614,3.016,479.681,2.262,-80.271,,2261.25
2266.375,,454.724,84.246,,50.287,2.976,472.558,2.242,-80.283,,2261.375
2266.5,,459.646,84.841,,49.977,2.957,463.801,2.203,-80.661,,2261.5
2266.625,,461.614,83.948,,48.245,2.937,456.484,2.202,-80.68,,2261.625
2266.75,,464.567,81.22,,49.029,2.918,459.716,2.183,-80.658,,2261.75
2266.875,,468.504,83.452,,50.322,2.917,492.103,2.163,-80.29,,2261.875
2267.0,,471.457,83.304,,50.82,2.918,542.63,2.164,-80.655,,2262.0
2267.125,,475.394,82.758,,48.74,2.918,615.995,2.123,-80.685,,2262.125
2267.25,,484.252,83.155,,48.158,2.918,670.814,2.084,-81.045,,2262.25
2267.375,,491.142,83.75,,48.091,2.918,749.741,2.044,-80.686,,2262.375
2267.5,,499.016,84.246,,48.02,2.918,831.506,2.045,-80.652,,2262.5
2267.625,,502.953,84.692,,48.071,2.918,910.763,2.083,-80.294,,2262.625
2267.75,,505.906,85.04,,48.038,2.957,980.984,2.124,-80.653,,2262.75
2267.875,,509.843,85.188,,48.201,3.017,1060.4399,2.162,-80.685,,2262.875
2268.0,,505.906,83.998,,49.061,3.035,1131.571,2.184,-81.441,,2263.0
2268.125,,500.984,76.706,,51.016,3.076,1099.598,2.241,-81.47,,2263.125
2268.25,,478.346,69.415,,51.9,3.194,987.0,2.303,-81.05,,2263.25
2268.375,,447.835,65.496,,51.803,3.314,873.727,2.419,-80.68,,2263.375
2268.5,,425.197,61.726,,50.08,3.451,760.941,2.481,-80.66,,2263.5
2268.625,,413.386,62.024,,49.145,3.79,670.89,2.538,-80.677,,2263.625
2268.75,,399.606,62.817,,48.179,4.184,612.763,2.66,-81.056,,2263.75
2268.875,,386.811,63.611,,47.749,4.563,545.07,2.796,-81.068,,2263.875
2269.0,,378.937,74.722,,46.991,5.255,517.395,2.838,-80.272,,2264.0
2269.125,,369.094,80.972,,47.219,5.435,521.425,2.934,-79.886,,2264.125
2269.25,,363.189,80.923,,47.683,5.354,529.329,2.957,-79.88,,2264.25
2269.375,,362.205,79.137,,47.942,5.158,541.37,2.954,-80.278,,2264.375
2269.5,,366.142,74.921,,48.302,4.601,521.525,2.898,-80.667,,2264.5
2269.625,,376.969,77.649,,46.53,4.266,517.768,2.855,-80.671,,2264.625
2269.75,,387.795,78.591,,42.155,4.105,517.68,2.759,-80.274,,2264.75
2269.875,,391.732,79.137,,30.931,3.949,513.967,2.578,-79.884,,2264.875
2270.0,,426.181,79.385,,26.095,3.788,541.543,2.402,-80.668,,2265.0
2270.125,,451.772,79.732,,24.621,3.552,553.542,2.36,-81.065,,2265.125
2270.25,,457.677,79.931,,24.222,3.392,557.27,2.322,-80.667,,2265.25
2270.375,,457.677,79.881,,24.285,3.275,557.381,2.321,-80.671,,2265.375
2270.5,,461.614,80.278,,29.202,3.194,557.133,2.322,-80.667,,2265.5
2270.625,,455.709,81.071,,32.325,3.156,557.238,2.321,-80.672,,2265.625
2270.75,,453.74,81.419,,33.869,3.155,553.077,2.322,-80.667,,2265.75
2270.875,,449.803,81.617,,41.783,3.117,545.254,2.361,-80.671,,2265.875
2271.0,,443.898,80.575,,45.388,3.116,529.298,2.401,-81.06,,2266.0
2271.125,,439.961,79.385,,45.961,3.117,521.495,2.441,-81.064,,2266.125
2271.25,,434.055,81.617,,45.403,3.155,517.434,2.481,-81.06,,2266.25
2271.375,,426.181,86.429,,45.167,3.157,513.586,2.505,-80.671,,2266.375
2271.5,,418.307,85.089,,44.939,3.235,513.417,2.52,-80.274,,2266.5
2271.625,,414.37,82.262,,45.479,3.354,521.502,2.56,-80.278,,2266.625
2271.75,,408.465,82.212,,46.034,3.433,529.198,2.599,-80.274,,2266.75
2271.875,,404.528,85.139,,47.989,3.433,537.375,2.56,-80.277,,2266.875
2272.0,,402.559,89.603,,49.329,3.433,568.773,2.559,-80.275,,2267.0
2272.125,,400.591,90.546,,49.249,3.433,614.9,2.56,-80.277,,2267.125
2272.25,,396.654,80.03,,48.217,3.394,658.975,2.599,-80.275,,2267.25
2272.375,,394.685,76.756,,47.049,3.353,683.923,2.64,-80.277,,2267.375
2272.5,,390.748,76.21,,46.326,3.314,687.501,2.678,-80.275,,2267.5
2272.625,,388.78,86.032,,45.158,3.353,683.957,2.719,-79.883,,2267.625
2272.75,,382.874,87.47,,42.709,3.473,687.52,2.758,-79.881,,2267.75
2272.875,,367.126,88.958,,41.55,3.631,687.907,2.798,-80.277,,2267.875
2273.0,,357.283,80.129,,41.321,3.711,683.575,2.877,-80.334,,2268.0
2273.125,,347.441,80.179,,42.342,3.829,679.966,2.957,-80.393,,2268.125
2273.25,,341.535,80.427,,44.289,3.869,675.646,3.075,-80.447,,2268.25
2273.375,,337.598,80.03,,45.65,3.948,664.091,3.155,-80.507,,2268.375
2273.5,,335.63,78.938,,46.334,4.028,651.903,3.234,-80.56,,2268.5
2273.625,,333.661,76.458,,46.751,4.067,644.311,3.274,-80.621,,2268.625
2273.75,,335.63,76.062,,47.437,4.187,643.999,3.234,-80.666,,2268.75
2273.875,,335.63,74.722,,46.437,4.226,644.352,3.234,-80.278,,2268.875
2274.0,,339.567,73.631,,43.498,4.306,644.048,3.234,-80.273,,2269.0
2274.125,,339.567,72.937,,42.656,4.345,652.39,3.234,-80.672,,2269.125
2274.25,,341.535,73.284,,41.764,4.346,659.922,3.234,-80.667,,2269.25
2274.375,,341.535,73.482,,40.608,4.384,672.266,3.234,-80.278,,2269.375
2274.5,,339.567,73.532,,40.504,4.426,691.565,3.274,-80.273,,2269.5
2274.625,,337.598,73.482,,40.759,4.423,703.973,3.313,-80.277,,2269.625
2274.75,,328.494,73.383,,41.237,4.426,715.27,3.433,-80.274,,2269.75
2274.875,,323.819,72.887,,42.964,4.463,727.745,3.511,-80.277,,2269.875
2275.0,,315.945,72.391,,44.127,4.486,733.031,3.552,-80.275,,2270.0
2275.125,,304.134,70.804,,43.913,4.541,715.894,3.63,-80.275,,2270.125
2275.25,,288.386,70.506,,43.338,4.546,703.312,3.711,-80.277,,2270.25
2275.375,,278.543,70.605,,41.711,4.739,700.054,3.749,-79.88,,2270.375
2275.5,,272.638,70.903,,40.028,4.863,699.354,3.83,-79.886,,2270.5
2275.625,,270.669,71.101,,39.825,4.953,704.005,4.026,-79.878,,2270.625
2275.75,,264.764,71.399,,38.608,4.982,711.268,4.068,-79.494,,2270.75
2275.875,,262.795,71.597,,37.15,5.176,723.769,4.105,-79.876,,2270.875
2276.0,,260.827,71.895,,36.867,5.22,739.009,4.108,-80.283,,2271.0
2276.125,,254.921,71.994,,37.547,5.255,739.517,4.105,-80.661,,2271.125
2276.25,,258.858,70.208,,38.283,5.26,746.989,4.028,-80.677,,2271.25
2276.375,,264.764,69.514,,39.045,5.295,755.303,3.987,-80.66,,2271.375
2276.5,,266.732,68.919,,39.382,5.299,758.968,3.949,-80.678,,2271.5
2276.625,,270.669,68.224,,39.36,5.296,755.242,3.947,-80.66,,2271.625
2276.75,,272.638,68.621,,39.699,5.298,743.239,3.909,-80.284,,2271.75
2276.875,,270.669,67.728,,39.99,5.296,739.341,3.908,-80.267,,2271.875
2277.0,,272.638,67.232,,40.182,5.298,739.377,3.869,-79.889,,2272.0
2277.125,,272.638,70.407,,39.197,5.297,735.27,3.83,-80.269,,2272.125
2277.25,,276.575,71.597,,38.455,5.259,735.483,3.83,-80.281,,2272.25
2277.375,,280.512,72.292,,38.711,5.258,747.062,3.791,-80.271,,2272.375
2277.5,,282.48,73.234,,39.013,5.259,759.316,3.79,-80.279,,2272.5
2277.625,,282.48,74.673,,39.174,5.218,766.809,3.752,-80.273,,2272.625
2277.75,,284.449,74.673,,39.726,5.219,775.22,3.749,-80.276,,2272.75
2277.875,,284.449,71.895,,39.796,5.218,766.783,3.752,-80.276,,2272.875
2278.0,,284.449,71.597,,39.884,5.22,739.629,3.748,-80.274,,2273.0
2278.125,,282.48,67.331,,42.161,5.217,735.048,3.792,-79.885,,2273.125
2278.25,,280.512,68.125,,41.928,5.26,735.679,3.827,-80.273,,2273.25
2278.375,,280.512,68.72,,41.539,5.296,735.034,3.912,-80.28,,2273.375
2278.5,,272.638,69.216,,41.288,5.339,735.707,3.985,-79.878,,2273.5
2278.625,,268.701,71.3,,41.079,5.375,734.997,3.992,-80.281,,2273.625
2278.75,,264.764,71.895,,40.882,5.379,735.696,3.945,-80.27,,2273.75
2278.875,,258.858,74.871,,42.511,5.573,734.977,3.992,-79.888,,2273.875
2279.0,,252.953,74.375,,44.099,5.776,735.691,4.658,-80.269,,2274.0
2279.125,,249.016,73.879,,42.995,6.009,734.975,4.785,-79.889,,2274.125
2279.25,,243.11,73.383,,42.828,5.935,735.674,4.777,-79.875,,2274.25
2279.375,,237.205,72.788,,42.059,5.969,746.96,4.705,-79.889,,2274.375
2279.5,,233.268,72.192,,41.562,5.974,751.512,4.659,-79.875,,2274.5
2279.625,,233.268,72.391,,41.116,5.969,758.955,4.585,-80.283,,2274.625
2279.75,,235.236,72.788,,40.458,5.974,755.414,4.541,-80.268,,2274.75
2279.875,,237.205,73.284,,40.169,5.97,739.365,4.466,-80.283,,2274.875
2280.0,,237.205,71.2,,39.44,5.934,711.74,4.442,-80.661,,2275.0
2280.125,,240.157,70.308,,38.751,5.93,692.151,4.425,-80.676,,2275.125
2280.25,,244.094,69.613,,38.579,5.933,691.702,4.344,-80.662,,2275.25
2280.375,,246.063,69.514,,38.743,5.931,692.424,4.306,-80.282,,2275.375
2280.5,,250.984,69.415,,38.9,5.894,683.465,4.226,-80.269,,2275.5
2280.625,,253.937,68.522,,39.049,5.892,680.863,4.187,-79.888,,2275.625
2280.75,,257.874,69.018,,39.223,5.854,675.172,4.147,-79.877,,2275.75
2280.875,,262.795,68.72,,39.517,5.813,673.258,4.068,-79.887,,2275.875
2281.0,,265.748,68.72,,40.494,5.815,670.858,3.989,-79.878,,2276.0
2281.125,,269.685,69.613,,40.927,5.773,669.551,3.988,-79.885,,2276.125
2281.25,,271.654,70.407,,40.975,5.656,710.128,3.95,-79.879,,2276.25
2281.375,,274.606,71.002,,40.761,5.535,733.039,3.909,-79.884,,2276.375
2281.5,,277.559,71.994,,40.034,5.418,753.499,3.87,-79.88,,2276.5
2281.625,,280.512,72.49,,39.338,5.297,776.656,3.829,-79.883,,2276.625
2281.75,,282.48,72.688,,39.249,5.181,824.709,3.831,-79.88,,2276.75
2281.875,,282.48,72.589,,41.068,5.099,874.838,3.829,-79.883,,2276.875
2282.0,,282.48,72.292,,41.295,5.141,923.715,3.91,-79.881,,2277.0
2282.125,,280.512,71.399,,41.061,5.297,922.651,3.988,-80.276,,2277.125
2282.25,,275.591,70.208,,40.504,5.339,916.064,4.029,-80.275,,2277.25
2282.375,,268.701,70.407,,39.961,5.534,910.32,4.106,-80.276,,2277.375
2282.5,,261.811,70.903,,39.953,5.735,900.603,4.228,-80.275,,2277.5
2282.625,,256.89,71.101,,39.803,5.891,874.209,4.423,-79.881,,2277.625
2282.75,,250.0,70.804,,40.034,5.973,861.542,4.506,-79.883,,2277.75
2282.875,,243.11,70.308,,40.273,6.09,838.056,4.541,-79.487,,2277.875
2283.0,,239.173,69.216,,40.987,6.21,810.473,4.652,-79.49,,2278.0
2283.125,,232.283,69.216,,41.847,6.328,778.354,4.858,-79.486,,2278.125
2283.25,,230.315,72.292,,41.783,6.329,731.852,4.823,-79.098,,2278.25
2283.375,,229.331,72.688,,41.493,6.328,722.812,4.778,-79.092,,2278.375
2283.5,,229.331,74.077,,41.787,6.249,708.527,4.585,-79.1,,2278.5
2283.625,,231.299,75.367,,41.676,6.13,699.034,4.541,-79.09,,2278.625
2283.75,,231.299,76.954,,41.63,6.089,681.179,4.545,-79.101,,2278.75
2283.875,,233.268,75.665,,40.735,5.972,647.695,4.581,-79.483,,2278.875
2284.0,,236.22,73.581,,36.268,5.851,606.069,4.624,-79.496,,2279.0
2284.125,,239.173,71.895,,35.547,5.695,584.133,4.661,-79.875,,2279.125
2284.25,,245.079,72.788,,35.948,5.534,526.593,4.624,-79.889,,2279.25
2284.375,,250.0,76.161,,36.191,5.379,500.949,4.542,-79.875,,2279.375
2284.5,,261.811,77.054,,36.321,5.256,494.813,4.426,-79.889,,2279.5
2284.625,,267.717,78.542,,36.678,5.102,485.166,4.345,-79.875,,2279.625
2284.75,,276.575,81.815,,37.025,5.019,482.637,4.227,-79.889,,2279.75
2284.875,,282.48,81.22,,37.32,4.865,473.472,4.108,-79.876,,2279.875
2285.0,,288.386,84.196,,40.088,4.761,500.264,3.989,-79.887,,2280.0
2285.125,,298.228,83.998,,40.945,4.667,579.896,3.87,-80.27,,2280.125
2285.25,,300.197,81.319,,40.793,4.582,661.952,3.71,-80.279,,2280.25
2285.375,,304.134,81.419,,40.308,4.428,741.556,3.632,-80.664,,2280.375
2285.5,,304.134,80.823,,39.537,4.383,823.65,3.59,-80.671,,2280.5
2285.625,,302.165,77.847,,39.191,4.348,903.194,3.553,-80.666,,2280.625
2285.75,,302.165,76.756,,38.919,4.423,977.329,3.63,-80.67,,2280.75
2285.875,,300.197,75.069,,38.384,4.506,964.051,3.752,-80.273,,2280.875
2286.0,,278.543,70.585,,40.191,4.701,803.922,4.303,-80.276,,2281.0
2286.125,,239.173,66.339,,44.35,4.942,649.384,4.74,-80.274,,2281.125
2286.25,,231.299,68.522,,45.801,5.335,565.574,4.937,-80.276,,2281.25
2286.375,,225.394,70.308,,46.402,5.456,564.228,5.021,-80.274,,2281.375
2286.5,,223.425,72.688,,46.843,5.574,561.579,5.016,-80.277,,2281.5
2286.625,,227.362,75.466,,47.021,5.852,572.228,4.981,-80.274,,2281.625
2286.75,,233.268,76.855,,47.17,6.05,593.157,4.897,-80.277,,2281.75
2286.875,,243.11,82.212,,45.753,6.128,596.087,4.822,-80.273,,2281.875
2287.0,,262.795,80.056,,43.084,6.13,604.948,4.54,-80.278,,2282.0
2287.125,,296.26,76.161,,41.504,5.771,620.08,3.95,-80.273,,2282.125
2287.25,,308.071,80.427,,38.674,5.179,604.066,3.628,-79.886,,2282.25
2287.375,,327.756,80.937,,37.257,4.898,582.815,3.316,-79.485,,2282.375
2287.5,,349.409,81.915,,34.723,4.426,562.369,3.113,-79.493,,2282.5
2287.625,,371.063,82.312,,33.804,4.145,541.374,2.959,-79.878,,2282.625
2287.75,,394.685,83.8,,33.285,3.911,529.692,2.876,-79.887,,2282.75
2287.875,,406.496,84.097,,32.877,3.828,543.915,2.681,-79.877,,2282.875
2288.0,,408.465,83.502,,32.949,3.792,572.92,2.599,-79.887,,2283.0
2288.125,,416.339,83.304,,39.207,3.71,584.86,2.562,-80.271,,2283.125
2288.25,,414.37,80.823,,45.531,3.673,596.516,2.52,-80.28,,2283.25
2288.375,,412.402,79.931,,46.478,3.671,612.606,2.562,-80.271,,2283.375
2288.5,,412.402,79.732,,47.717,3.673,628.251,2.6,-80.28,,2283.5
2288.625,,408.465,79.732,,48.073,3.671,632.51,2.641,-80.271,,2283.625
2288.75,,404.528,79.732,,47.939,3.673,640.217,2.719,-80.279,,2283.75
2288.875,,404.528,80.327,,47.924,3.672,636.371,2.76,-80.272,,2283.875
2289.0,,392.717,80.923,,51.161,3.673,632.59,2.758,-80.279,,2284.0
2289.125,,380.906,80.327,,53.125,3.711,632.235,2.839,-80.272,,2284.125
2289.25,,377.707,78.74,,53.026,3.831,644.013,2.877,-80.278,,2284.25
2289.375,,369.094,77.153,,52.654,3.949,655.573,2.918,-80.272,,2284.375
2289.5,,357.283,76.26,,51.756,4.068,656.862,2.995,-80.278,,2284.5
2289.625,,349.409,75.863,,50.926,4.226,651.227,3.037,-80.273,,2284.625
2289.75,,343.504,74.673,,50.174,4.306,653.169,3.114,-79.884,,2284.75
2289.875,,333.661,74.474,,48.887,4.424,650.951,3.117,-79.88,,2284.875
2290.0,,333.661,78.145,,48.434,4.465,625.765,3.154,-79.883,,2285.0
2290.125,,329.724,78.393,,48.768,4.503,631.02,3.156,-79.881,,2285.125
2290.25,,335.63,78.591,,48.89,4.544,645.769,3.193,-79.882,,2285.25
2290.375,,333.661,78.79,,49.727,4.583,690.327,3.196,-79.882,,2285.375
2290.5,,329.724,78.988,,49.987,4.624,715.938,3.233,-79.881,,2285.5
2290.625,,327.756,79.187,,50.523,4.622,750.015,3.236,-79.883,,2285.625
2290.75,,325.787,79.385,,49.986,4.664,790.168,3.272,-79.881,,2285.75
2290.875,,319.882,79.484,,43.43,4.701,824.332,3.315,-79.883,,2285.875
2291.0,,317.913,77.55,,43.067,4.744,864.346,3.352,-79.881,,2286.0
2291.125,,313.976,75.714,,43.103,4.78,884.356,3.434,-79.883,,2286.125
2291.25,,306.102,73.929,,42.607,4.784,843.541,3.55,-80.275,,2286.25
2291.375,,300.197,74.028,,42.602,4.78,801.382,3.593,-80.275,,2286.375
2291.5,,294.291,72.788,,42.312,4.864,780.12,3.788,-80.276,,2286.5
2291.625,,290.354,68.919,,43.677,4.978,765.879,3.87,-79.88,,2286.625
2291.75,,286.417,68.819,,44.073,5.023,752.346,3.947,-79.884,,2286.75
2291.875,,278.543,69.464,,44.905,5.215,762.368,4.028,-79.879,,2286.875
2292.0,,272.638,72.54,,46.316,5.261,787.851,4.066,-79.492,,2287.0
2292.125,,268.701,75.764,,47.242,5.651,813.452,4.147,-79.484,,2287.125
2292.25,,268.701,75.615,,47.446,5.816,823.453,4.225,-79.1,,2287.25
2292.375,,262.795,75.417,,47.689,5.85,833.329,4.306,-79.089,,2287.375
2292.5,,257.874,75.218,,49.519,5.855,819.519,4.284,-79.1,,2287.5
2292.625,,256.89,75.02,,49.716,5.85,793.841,4.266,-79.483,,2287.625
2292.75,,260.827,74.722,,49.85,5.855,787.929,4.265,-79.493,,2287.75
2292.875,,260.827,74.425,,49.534,5.771,778.073,4.227,-79.484,,2287.875
2293.0,,258.858,74.177,,47.183,5.776,764.209,4.225,-79.491,,2288.0
2293.125,,260.827,74.821,,45.115,5.851,778.063,4.148,-79.486,,2288.125
2293.25,,270.669,75.417,,39.787,5.736,783.932,4.146,-79.096,,2288.25
2293.375,,272.638,75.516,,39.284,5.772,793.862,4.108,-79.096,,2288.375
2293.5,,272.638,75.069,,39.154,5.775,811.596,4.106,-79.093,,2288.5
2293.625,,268.701,74.673,,39.13,5.773,821.586,4.108,-79.491,,2288.625
2293.75,,264.764,74.573,,39.931,5.775,811.543,4.146,-79.878,,2288.75
2293.875,,266.732,74.276,,43.395,5.773,797.912,4.187,-79.493,,2288.875
2294.0,,260.827,74.276,,46.082,5.775,779.815,4.226,-79.483,,2289.0
2294.125,,258.858,74.127,,45.92,5.774,774.259,4.266,-78.707,,2289.125
2294.25,,258.858,73.681,,45.594,5.774,767.837,4.345,-78.713,,2289.25
2294.375,,258.858,72.788,,45.15,5.774,770.442,4.385,-78.747,,2289.375
2294.5,,258.858,71.349,,45.109,5.853,783.517,4.385,-78.757,,2289.5
2294.625,,258.858,69.96,,45.164,5.893,798.283,4.385,-78.789,,2289.625
2294.75,,258.858,69.117,,45.571,5.972,799.194,4.385,-78.801,,2289.75
2294.875,,258.858,67.381,,45.531,6.091,778.652,4.424,-78.831,,2289.875
2295.0,,258.858,67.331,,45.717,6.131,751.539,4.425,-78.846,,2290.0
2295.125,,258.858,70.208,,47.532,6.19,755.046,4.424,-78.872,,2290.125
2295.25,,258.858,71.498,,47.279,6.27,767.249,4.425,-78.891,,2290.25
2295.375,,258.858,72.788,,46.436,6.329,774.938,4.424,-78.913,,2290.375
2295.5,,257.874,69.712,,44.596,6.389,783.004,4.425,-78.936,,2290.5
2295.625,,256.89,69.613,,42.818,6.428,786.85,4.424,-78.954,,2290.625
2295.75,,256.89,69.613,,43.017,6.428,790.86,4.425,-78.982,,2290.75
2295.875,,255.906,71.2,,43.776,6.409,766.999,4.424,-78.995,,2290.875
2296.0,,254.921,72.49,,45.236,6.349,747.315,4.385,-79.027,,2291.0
2296.125,,254.921,73.581,,46.464,6.309,739.227,4.385,-79.037,,2291.125
2296.25,,254.921,71.746,,46.868,6.269,739.424,4.385,-79.071,,2291.25
2296.375,,252.953,68.819,,47.101,6.19,749.028,4.385,-79.079,,2291.375
2296.5,,252.953,68.224,,47.097,6.151,759.29,4.385,-78.709,,2291.5
2296.625,,252.953,68.224,,46.79,6.131,770.882,4.385,-78.693,,2291.625
2296.75,,254.921,68.919,,46.461,6.19,779.114,4.385,-78.316,,2291.75
2296.875,,252.953,69.514,,45.69,6.21,790.665,4.385,-78.693,,2291.875
2297.0,,250.984,70.308,,43.308,6.29,775.136,4.405,-78.71,,2292.0
2297.125,,250.0,75.069,,42.702,6.388,770.936,4.425,-78.693,,2292.125
2297.25,,249.016,74.97,,44.88,6.409,763.272,4.424,-79.102,,2292.25
2297.375,,249.016,75.268,,44.908,6.448,739.355,4.445,-79.087,,2292.375
2297.5,,249.016,76.111,,44.874,6.409,731.595,4.464,-78.708,,2292.5
2297.625,,247.047,76.855,,45.852,6.408,707.807,4.464,-79.088,,2292.625
2297.75,,247.047,82.212,,46.289,6.409,692.02,4.464,-79.1,,2292.75
2297.875,,247.047,83.204,,47.273,6.348,688.013,4.464,-79.09,,2292.875
2298.0,,245.079,83.304,,48.699,6.211,676.132,4.464,-79.099,,2293.0
2298.125,,245.079,74.276,,49.797,6.13,672.08,4.464,-79.091,,2293.125
2298.25,,245.079,74.573,,49.917,6.032,679.998,4.463,-79.097,,2293.25
2298.375,,245.079,76.657,,49.33,5.952,691.862,4.425,-79.092,,2293.375
2298.5,,245.079,76.657,,48.5,5.933,703.791,4.424,-79.096,,2293.5
2298.625,,245.079,76.458,,47.122,5.932,715.612,4.385,-79.093,,2293.625
2298.75,,247.047,76.062,,46.769,5.933,731.546,4.384,-79.095,,2293.75
2298.875,,247.047,75.268,,46.642,5.932,755.852,4.385,-79.094,,2293.875
2299.0,,247.047,74.871,,46.454,5.893,771.086,4.384,-79.095,,2294.0
2299.125,,249.016,73.085,,46.005,5.893,790.824,4.385,-79.094,,2294.125
2299.25,,249.016,72.292,,45.675,5.893,806.624,4.384,-79.096,,2294.25
2299.375,,250.984,70.903,,45.365,5.853,818.523,4.325,-78.7,,2294.375
2299.5,,252.953,69.514,,45.051,5.833,861.928,4.246,-78.703,,2294.5
2299.625,,256.89,69.117,,44.412,5.814,885.817,4.206,-79.093,,2294.625
2299.75,,258.858,68.919,,44.112,5.793,885.526,4.127,-79.097,,2294.75
2299.875,,261.811,68.522,,43.775,5.754,885.834,4.027,-79.092,,2294.875
2300.0,179.8432,266.732,75.069,227.6886,43.647,5.714,821.594,3.909,-79.099,0.1572,2295.0
2300.125,179.7279,270.669,74.97,230.6225,46.922,5.675,759.217,3.849,-78.894,0.1635,2295.125
2300.25,179.6125,280.512,73.978,234.94,49.802,5.635,758.694,3.79,-78.903,0.1728,2295.25
2300.375,179.4972,290.354,73.383,239.1055,49.991,5.556,759.318,3.75,-79.09,0.1817,2295.375
2300.5,179.3817,296.26,72.391,242.592,49.972,5.496,766.606,3.731,-79.1,0.1892,2295.5
2300.625,179.267,300.197,72.192,245.4944,49.509,5.457,775.286,3.71,-79.483,0.1954,2295.625
2300.75,179.1584,302.165,72.093,247.7945,47.936,5.397,782.469,3.671,-79.494,0.2004,2295.75
2300.875,179.0869,304.134,72.093,249.6955,47.601,5.338,775.593,3.631,-79.679,0.2044,2295.875
2301.0,179.0554,306.102,72.391,251.3774,47.645,5.298,758.786,3.592,-79.493,0.2081,2296.0
2301.125,179.0492,308.071,73.879,252.9119,46.313,5.238,744.169,3.552,-79.483,0.2113,2296.125
2301.25,179.0678,310.039,75.367,254.3714,44.998,5.199,723.056,3.533,-79.493,0.2145,2296.25
2301.375,179.1359,312.008,75.169,255.8372,43.513,5.159,708.952,3.512,-79.484,0.2176,2296.375
2301.5,179.3808,312.008,76.161,257.4136,43.065,5.12,691.182,3.473,-79.492,0.221,2296.5
2301.625,179.4785,312.008,76.756,258.4046,41.818,5.08,657.856,3.473,-79.682,0.2231,2296.625
2301.75,179.5117,312.008,77.054,257.5745,41.102,5.061,627.455,3.474,-79.884,0.2213,2296.75
2301.875,179.5242,313.976,76.954,254.7155,40.084,5.041,614.76,3.473,-79.88,0.2152,2296.875
2302.0,179.5367,313.976,76.756,250.5239,40.184,4.982,599.157,3.474,-79.882,0.2062,2297.0
2302.125,179.5492,313.976,77.45,247.0047,45.345,4.983,591.087,3.473,-79.881,0.1986,2297.125
2302.25,179.5613,310.039,77.649,245.799,45.877,4.982,607.048,3.474,-79.882,0.1961,2297.25
2302.375,179.5727,310.039,77.901,245.9322,50.85,4.983,627.176,3.473,-79.882,0.1963,2297.375
2302.5,179.5842,310.039,78.046,246.5336,51.632,4.981,666.101,3.494,-79.881,0.1976,2297.5
2302.625,179.5959,308.071,77.45,246.9476,51.325,4.984,706.637,3.513,-79.882,0.1985,2297.625
2302.75,179.6065,308.071,76.756,246.6851,51.933,4.98,828.484,3.534,-79.881,0.1979,2297.75
2302.875,179.6174,306.102,76.062,243.2057,52.365,5.006,922.111,3.632,-79.882,0.1904,2297.875
2303.0,179.6292,302.165,73.15,233.4703,53.325,5.037,958.524,3.752,-79.881,0.1695,2298.0
2303.125,179.6727,294.291,67.728,225.4625,53.174,5.126,991.68,3.929,-80.079,0.1523,2298.125
2303.25,179.8079,272.638,66.736,220.6677,48.401,5.214,1093.093,4.129,-80.471,0.142,2298.25
2303.375,180.0205,260.827,65.744,218.0959,47.926,5.366,1090.3781,4.345,-80.275,0.1365,2298.375
2303.5,180.0834,241.142,64.95,216.1987,48.126,5.787,1081.366,4.506,-80.275,0.1324,2298.5
2303.625,180.098,225.394,64.058,214.5155,47.96,6.338,1078.202,4.801,-80.078,0.1288,2298.625
2303.75,180.1103,215.551,63.958,212.879,48.169,6.599,1073.707,5.239,-79.489,0.1253,2298.75
2303.875,180.122,205.709,64.554,211.6526,48.383,6.913,1077.83,5.554,-79.488,0.1227,2298.875
2304.0,180.1333,176.181,65.248,211.889,48.692,8.601,1093.8781,5.972,-79.489,0.1232,2299.0
2304.125,180.1454,176.181,65.744,214.3802,49.124,8.757,1121.4449,6.525,-79.684,0.1286,2299.125
2304.25,180.1579,174.213,66.042,213.6032,50.247,8.918,1165.332,6.646,-79.882,0.1269,2299.25
2304.375,180.1704,172.244,65.843,211.7888,50.332,9.172,1184.228,6.704,-79.881,0.123,2299.375
2304.5,180.1829,170.276,65.446,210.1716,50.547,9.236,1173.8149,6.785,-79.883,0.1195,2299.5
2304.625,180.1954,170.276,64.95,211.2559,49.714,9.428,1164.036,6.862,-79.881,0.1219,2299.625
2304.75,180.2079,170.276,64.355,215.7957,49.044,9.614,1150.702,6.943,-79.883,0.1317,2299.75
2304.875,180.2201,170.276,64.058,220.6177,47.516,9.605,1084.613,6.982,-79.881,0.142,2299.875
2305.0,180.231,170.276,64.058,223.3457,44.397,9.538,1068.009,7.003,-79.883,0.1478,2300.0
2305.125,180.243,172.244,65.446,224.7648,40.662,9.426,1052.677,7.002,-79.881,0.1509,2300.125
2305.25,180.2554,172.244,68.919,225.4239,39.046,9.301,989.269,6.923,-79.883,0.1523,2300.25
2305.375,180.2679,172.244,69.514,225.6201,38.604,9.227,985.136,6.804,-79.881,0.1527,2300.375
2305.5,180.2804,172.244,69.514,225.4239,38.423,9.104,985.483,6.725,-79.49,0.1523,2300.5
2305.625,180.2924,174.213,68.919,224.9444,38.118,8.989,984.945,6.645,-79.094,0.1512,2300.625
2305.75,180.3038,178.15,68.621,224.0574,37.808,8.867,985.586,6.527,-79.097,0.1493,2300.75
2305.875,180.3156,178.15,68.72,223.127,37.466,8.672,999.669,6.408,-79.093,0.1473,2300.875
2306.0,180.3279,180.118,68.621,222.0751,37.047,8.59,1025.2,6.329,-79.097,0.1451,2301.0
2306.125,180.3404,184.055,68.919,220.8585,36.658,8.275,1052.105,6.25,-79.093,0.1425,2301.125
2306.25,180.3527,186.024,68.621,219.6164,36.445,8.154,1076.684,6.171,-79.098,0.1398,2301.25
2306.375,180.3649,186.024,68.224,218.3148,36.004,8.117,1083.797,6.131,-79.486,0.137,2301.375
2306.5,180.3764,189.961,67.629,216.8846,36.626,7.956,1084.5081,6.092,-79.492,0.1339,2301.5
2306.625,180.3881,189.961,67.133,215.5363,37.404,7.958,1083.801,6.091,-79.485,0.131,2301.625
2306.75,180.4003,191.929,66.538,215.1581,38.369,7.917,1084.4301,6.092,-79.886,0.1303,2301.75
2306.875,180.4128,191.929,66.438,216.6751,38.498,7.958,1083.746,6.011,-79.878,0.1335,2301.875
2307.0,180.4253,191.929,66.042,220.0697,38.834,8.076,1076.468,5.933,-79.886,0.1408,2302.0
2307.125,180.4378,191.929,66.24,222.8322,44.171,7.997,1072.041,5.892,-79.879,0.1468,2302.125
2307.25,180.4502,191.929,67.431,225.1346,42.44,8.155,1060.527,5.815,-79.492,0.1517,2302.25
2307.375,180.4619,191.929,67.927,226.0772,40.724,8.393,1052.448,5.813,-79.88,0.1537,2302.375
2307.5,180.4732,191.929,68.472,225.1583,39.739,8.512,1036.884,5.815,-79.884,0.1517,2302.5
2307.625,180.4853,191.929,68.919,222.5939,39.328,8.591,1029.208,5.813,-80.274,0.1462,2302.625
2307.75,180.4978,189.961,69.117,219.5403,39.554,8.591,1017.138,5.894,-80.277,0.1397,2302.75
2307.875,180.5103,189.961,68.72,220.4045,40.138,8.631,989.945,6.011,-80.275,0.1415,2302.875
2308.0,180.5225,191.929,68.026,223.6989,43.943,8.671,957.639,6.052,-80.276,0.1486,2303.0
2308.125,180.5343,195.866,67.629,228.2966,43.778,8.671,934.546,6.011,-79.883,0.1585,2303.125
2308.25,180.5457,201.772,67.431,233.2499,44.092,8.673,921.904,5.775,-80.669,0.1692,2303.25
2308.375,180.5578,203.74,67.629,237.8614,44.571,8.674,894.976,5.734,-80.67,0.179,2303.375
2308.5,180.5702,209.646,68.919,240.3095,45.044,8.596,878.401,5.695,-80.669,0.1843,2303.5
2308.625,180.5827,213.583,69.911,241.1397,45.197,8.596,878.96,5.655,-80.671,0.186,2303.625
2308.75,180.595,219.488,70.605,240.1285,44.43,8.552,874.597,5.576,-79.884,0.1838,2303.75
2308.875,180.6068,221.457,71.498,236.2977,44.078,8.512,890.572,5.377,-79.886,0.1755,2303.875
2309.0,180.6179,223.425,72.688,227.9601,43.505,8.512,989.783,5.258,-80.279,0.1575,2304.0
2309.125,180.6302,227.362,72.49,211.1887,43.102,8.433,1018.649,5.1,-80.28,0.1216,2304.125
2309.25,180.6427,229.331,73.085,200.1969,43.048,8.433,1083.618,5.02,-80.489,0.098,2304.25
2309.375,180.6552,221.457,71.895,192.3075,43.073,8.393,1244.236,5.021,-81.068,0.0811,2304.375
2309.5,180.6677,215.551,69.911,185.4269,41.007,8.393,1444.463,5.085,-81.067,0.0663,2304.5
2309.625,180.6801,209.646,63.661,178.5626,40.218,8.393,1614.243,5.266,-81.071,0.0516,2304.625
2309.75,180.6922,201.772,61.974,173.0364,39.771,8.591,1639.906,5.445,-81.46,0.0398,2304.75
2309.875,180.7035,132.874,58.204,174.9847,38.927,8.671,1627.354,,-81.86,0.044,2304.875
2310.0,180.7153,131.89,54.274,180.9306,39.718,9.37,1528.246,,-82.245,0.0568,2305.0
2310.125,180.7277,126.969,53.74,187.8239,41.253,12.098,1504.46,,-82.649,0.0716,2305.125
2310.25,180.7244,105.315,54.931,194.3298,42.505,14.825,1480.674,,-83.03,0.0856,2305.25
2310.375,180.6698,93.504,55.228,200.5054,44.376,17.553,1468.781,,-83.439,0.0988,2305.375
2310.5,180.4514,87.598,56.121,206.1714,46.33,19.861,1444.995,,-83.816,0.1109,2305.5
2310.625,180.3909,77.756,56.915,204.0223,46.875,21.013,1393.459,,-84.621,0.1062,2305.625
2310.75,180.3851,69.882,57.808,193.5919,47.596,22.011,1425.173,,-86.174,0.0838,2305.75
2310.875,180.3966,58.071,60.188,182.4155,47.179,35.913,1464.817,,-87.377,0.0598,2305.875
2311.0,180.4088,32.48,62.47,176.0393,36.261,41.865,1544.103,,-89.32,0.0462,2306.0
2311.125,180.4213,30.512,64.95,172.9932,33.948,49.405,1627.354,,-90.524,0.0396,2306.125
2311.25,180.4337,24.606,62.073,170.9832,32.79,51.786,1717.476,,-91.681,0.0353,2306.25
2311.375,180.4463,24.606,59.792,169.4753,30.908,52.579,1801.7841,,-92.491,0.0321,2306.375
2311.5,180.4588,24.606,55.724,168.4852,27.002,54.563,1849.356,,-93.649,0.03,2306.5
2311.625,180.4712,24.606,54.335,168.4797,25.56,57.341,1869.485,,-94.457,0.03,2306.625
2311.75,180.4894,24.606,53.145,170.0684,22.573,60.913,1885.035,,-95.226,0.0334,2306.75
2311.875,180.5507,26.575,52.351,173.5699,17.066,64.534,1940.974,,-96.029,0.0409,2306.875
2312.0,180.7759,28.543,51.657,174.8051,13.256,67.262,1955.417,,-96.803,0.0435,2307.0
2312.125,180.8957,28.543,51.558,174.1393,12.988,72.024,1857.712,,-97.208,0.0421,2307.125
2312.25,180.9351,28.543,51.359,172.4548,13.082,73.611,1824.853,,-97.987,0.0385,2307.25
2312.375,180.9476,28.543,50.764,170.4391,13.808,75.198,1825.948,,-98.781,0.0341,2307.375
2312.5,180.9601,28.543,50.466,168.3241,14.644,76.984,1824.866,,-99.565,0.0296,2307.5
2312.625,180.9726,28.543,50.764,167.2366,17.12,77.976,1829.7841,,-99.96,0.0273,2307.625
2312.75,180.9851,28.543,50.764,170.8187,19.203,78.77,1832.882,,-100.354,0.0351,2307.75
2312.875,181.0271,26.575,50.466,177.491,19.807,79.563,1845.646,,-101.141,0.0494,2307.875
2313.0,181.1565,26.575,50.466,181.8292,21.209,80.357,1864.7321,,-101.143,0.0586,2308.0
2313.125,181.3729,24.606,54.732,179.2391,22.332,80.357,1924.905,,-101.929,0.053,2308.125
2313.25,181.4354,24.606,55.129,173.3323,22.645,80.357,1963.885,,-102.717,0.0403,2308.25
2313.375,181.4514,24.606,55.327,168.8721,22.189,80.754,1972.504,,-103.111,0.0308,2308.375
2313.5,181.4995,24.606,55.823,167.4532,21.999,81.548,2003.606,,-103.897,0.0278,2308.5
2313.625,181.6508,22.638,54.633,168.1626,22.035,81.944,2012.163,,-104.687,0.0293,2308.625
2313.75,181.8448,20.669,52.946,169.9567,22.777,82.341,2011.599,,-105.076,0.0332,2308.75
2313.875,181.9079,22.638,50.863,172.0896,22.976,82.738,2008.4449,,-106.263,0.0378,2308.875
2314.0,181.9705,20.669,50.169,174.5894,22.924,83.532,2003.7889,,-107.435,0.0431,2309.0
2314.125,182.1826,20.669,50.863,177.3206,23.294,83.929,2000.474,,-108.625,0.049,2309.125
2314.25,182.3254,20.669,51.161,179.8975,23.551,83.929,1995.901,,-110.974,0.0545,2309.25
2314.375,182.4257,20.669,50.863,182.5547,23.614,83.929,1992.526,,-112.166,0.0602,2309.375
2314.5,182.5643,20.669,50.367,185.6483,22.604,84.325,1995.927,,-112.941,0.0669,2309.5
2314.625,182.7421,22.638,50.069,189.3064,21.259,84.329,2000.38,,-112.953,0.0747,2309.625
2314.75,182.7918,22.638,49.97,191.939,20.556,84.315,2003.874,,-113.034,0.0804,2309.75
2314.875,182.8116,22.638,52.252,192.3625,19.844,84.331,2012.001,,-113.162,0.0812,2309.875
2315.0,182.8231,22.638,57.956,188.8211,19.61,84.315,2019.385,,-113.27,0.0736,2310.0
2315.125,182.8346,22.638,58.105,182.9945,20.477,84.333,2027.356,,-113.396,0.0611,2310.125
2315.25,182.8459,22.638,57.113,178.9284,22.919,84.314,2035.63,,-113.506,0.0524,2310.25
2315.375,182.858,22.638,55.427,176.9635,23.469,83.939,2051.3689,,-113.63,0.0482,2310.375
2315.5,182.8705,22.638,55.129,177.6667,23.553,83.917,2101.6951,,-113.743,0.0497,2310.5
2315.625,182.8829,22.638,55.327,178.5848,23.623,83.943,2159.448,,-113.865,0.0517,2310.625
2315.75,182.8954,22.638,56.915,177.3345,23.56,83.718,2217.9919,,-113.979,0.0489,2310.75
2315.875,182.8978,22.638,56.716,173.3258,23.617,83.153,2275.366,,-114.131,0.0403,2310.875
2316.0,182.8594,22.638,56.022,169.4518,23.249,83.122,2334.4319,,-114.323,0.032,2311.0
2316.125,182.6444,22.638,55.03,167.4015,22.966,82.76,2379.1121,,-114.526,0.0276,2311.125
2316.25,182.5644,22.638,52.351,165.9152,23.257,82.724,2372.832,,-114.127,0.0245,2311.25
2316.375,182.5541,22.638,51.756,164.8953,23.426,82.763,2362.9231,,-114.136,0.0223,2311.375
2316.5,182.55,23.622,51.26,164.2488,23.584,82.735,2357.3359,,-113.93,0.0209,2311.5
2316.625,182.492,26.575,50.863,163.9339,23.565,82.346,2326.991,,-113.351,0.0202,2311.625
2316.75,182.2707,28.543,50.367,164.0289,23.446,82.934,2318.0149,,-113.142,0.0204,2311.75
2316.875,182.2119,28.543,50.069,164.7304,23.073,83.14,2295.115,,-111.975,0.0219,2311.875
2317.0,182.2076,28.543,50.665,165.7208,22.996,84.72,2254.627,,-111.372,0.0241,2312.0
2317.125,182.2201,31.496,51.26,166.9728,23.052,85.322,2188.2229,,-110.993,0.0268,2312.125
2317.25,182.2325,32.48,51.657,168.5504,23.334,86.505,1997.2531,,-110.585,0.0301,2312.25
2317.375,182.2445,32.48,51.558,170.5502,23.82,87.106,1947.0861,,-110.206,0.0344,2312.375
2317.5,182.2559,34.449,51.458,174.1764,24.295,87.696,1921.77,,-110.192,0.0423,2312.5
2317.625,182.2678,34.449,51.26,179.3705,24.596,88.296,1888.552,,-109.812,0.0534,2312.625
2317.75,182.2801,34.449,51.062,182.4636,25.089,88.887,1881.583,,-109.8,0.06,2312.75
2317.875,182.2926,34.449,50.764,181.6401,22.547,89.683,1877.318,,-109.811,0.0582,2312.875
2318.0,182.3051,32.48,53.839,177.3966,14.216,90.673,1873.243,,-109.998,0.0491,2313.0
2318.125,182.3176,30.512,54.732,175.0564,12.791,91.666,1870.126,,-110.401,0.0441,2313.125
2318.25,182.3301,30.512,54.732,173.9245,12.471,92.261,1864.8311,,-110.589,0.0417,2313.25
2318.375,182.3423,29.528,54.732,173.5911,12.339,92.657,1862.783,,-110.793,0.041,2313.375
2318.5,182.354,27.559,54.534,173.9548,12.453,92.855,1856.441,,-111.035,0.0417,2313.5
2318.625,182.3524,26.575,53.938,174.8887,13.15,93.447,1847.36,,-111.108,0.0437,2313.625
2318.75,182.307,26.575,53.145,176.189,15.27,93.649,1836.314,,-111.171,0.0465,2313.75
2318.875,182.0874,26.575,52.55,177.1135,15.844,93.843,1709.161,,-111.243,0.0485,2313.875
2319.0,182.0165,24.606,54.732,177.1496,16.2,93.848,1697.593,,-111.307,0.0486,2314.0
2319.125,182.0087,24.606,55.427,176.6166,14.121,93.842,1689.41,,-111.38,0.0474,2314.125
2319.25,182.0212,24.606,56.022,176.115,13.355,93.848,1693.355,,-111.443,0.0464,2314.25
2319.375,182.0337,24.606,56.22,176.0741,13.024,93.842,1710.853,,-111.516,0.0463,2314.375
2319.5,182.0462,26.575,55.923,176.05,13.037,93.452,1725.043,,-111.579,0.0462,2314.5
2319.625,182.0587,26.575,55.526,175.289,12.869,92.85,1765.514,,-111.652,0.0446,2314.625
2319.75,182.0712,26.575,54.931,173.6777,12.881,92.063,1795.407,,-111.716,0.0411,2314.75
2319.875,182.0837,28.543,54.435,171.6123,14.914,91.264,1816.6801,,-111.772,0.0367,2314.875
2320.0,182.0962,28.543,54.038,169.6196,15.075,90.278,1894.5861,,-112.16,0.0324,2315.0
2320.125,182.1086,28.543,53.542,168.2494,16.964,89.281,1937.2,,-112.165,0.0295,2315.125
2320.25,182.1207,28.543,53.046,168.0458,18.225,88.096,1973.973,,-112.161,0.029,2315.25
2320.375,182.1321,30.512,52.649,168.0186,19.335,87.698,1997.864,,-112.165,0.029,2315.375
2320.5,182.1439,30.512,52.054,168.0232,21.529,85.913,2005.933,,-112.161,0.029,2315.5
2320.625,182.1559,28.543,51.756,168.0278,21.707,84.921,2037.005,,-111.969,0.029,2315.625
2320.75,182.1719,28.543,51.359,168.0323,21.683,84.127,2113.187,,-111.769,0.029,2315.75
2320.875,182.2047,26.575,50.863,168.0367,21.083,82.937,2158.9741,,-111.575,0.029,2315.875
2321.0,182.341,24.606,50.466,168.0412,19.785,81.746,2192.8611,,-111.179,0.029,2316.0
2321.125,182.5004,24.606,49.474,168.0458,18.244,80.357,2205.752,,-110.985,0.029,2316.125
2321.25,182.6002,22.638,49.276,168.0503,18.047,79.96,2213.2549,,-110.393,0.029,2316.25
2321.375,182.6324,22.638,49.97,168.0423,18.078,78.77,2213.0149,,-109.805,0.029,2316.375
2321.5,182.645,22.638,50.466,167.9927,18.69,78.373,2209.8569,,-109.606,0.0289,2316.5
2321.625,182.6574,22.638,50.665,167.8067,18.848,77.778,2204.7681,,-109.215,0.0285,2316.625
2321.75,182.6696,22.638,50.764,167.8956,19.972,77.183,2190.5281,,-109.017,0.0287,2316.75
2321.875,182.6811,22.638,50.962,168.0247,21.033,76.786,2160.9761,,-108.625,0.029,2316.875
2322.0,182.6927,24.606,50.565,168.1537,22.644,76.786,2107.8291,,-108.624,0.0293,2317.0
2322.125,182.7049,24.606,49.772,168.2827,25.422,76.389,2062.043,,-109.018,0.0295,2317.125
2322.25,182.7174,24.606,49.772,168.4118,26.949,76.389,1953.62,,-109.017,0.0298,2317.25
2322.375,182.7299,24.606,50.565,168.5404,28.554,76.393,1927.4611,,-109.018,0.0301,2317.375
2322.5,182.7424,24.606,50.764,168.6694,29.092,76.585,1906.014,,-109.214,0.0304,2317.5
2322.625,182.7549,24.606,50.962,168.7984,28.86,76.788,1884.1,,-109.411,0.0307,2317.625
2322.75,182.7666,22.638,50.466,168.9323,28.384,76.982,1870.214,,-109.411,0.0309,2317.75
2322.875,182.7752,22.638,49.673,169.0857,26.185,77.382,1840.83,,-109.412,0.0313,2317.875
2323.0,182.7739,22.638,48.978,169.3115,21.132,77.577,1800.381,,-109.608,0.0318,2318.0
2323.125,182.7712,22.638,48.681,169.5664,21.0,77.58,1750.0601,,-109.806,0.0323,2318.125
2323.25,182.7677,22.638,49.573,169.8244,20.803,77.576,1750.933,,-109.804,0.0329,2318.25
2323.375,182.7638,22.638,49.772,170.0915,20.547,76.984,1774.075,,-109.806,0.0334,2318.375
2323.5,182.7596,22.638,52.054,170.4052,20.629,76.585,1786.345,,-109.804,0.0341,2318.5
2323.625,182.7554,22.638,52.351,170.8354,20.561,76.388,1796.907,,-109.807,0.035,2318.625
2323.75,182.7517,22.638,52.612,171.479,20.697,75.791,1810.021,,-110.0,0.0364,2318.75
2323.875,182.7486,22.638,52.252,172.0858,20.726,74.999,1845.991,,-110.201,0.0377,2318.875
2324.0,182.7452,22.638,51.26,172.524,21.246,74.007,1904.812,,-110.196,0.0387,2319.0
2324.125,182.7413,20.669,50.408,172.8104,17.89,72.618,1917.385,,-110.202,0.0393,2319.125
2324.25,182.7372,20.669,50.069,173.0424,16.527,72.024,1868.958,,-110.196,0.0398,2319.25
2324.375,182.733,20.669,50.268,173.348,15.52,71.428,1854.214,,-110.202,0.0404,2319.375
2324.5,182.7292,20.669,50.367,173.8803,14.805,70.636,1829.328,,-110.787,0.0416,2319.5
2324.625,182.726,24.606,50.268,173.9047,14.564,70.436,1771.22,,-110.989,0.0416,2319.625
2324.75,182.7227,26.575,50.169,173.0924,14.974,69.843,1742.323,,-111.4,0.0399,2319.75
2324.875,182.7188,28.543,49.871,171.5934,18.805,69.048,1711.738,,-111.961,0.0366,2319.875
2325.0,182.7147,30.512,52.351,169.9844,19.738,68.454,1694.9189,,-112.511,0.0332,2320.0
2325.125,182.7105,32.48,52.649,168.3704,22.267,67.857,1671.8409,,-113.071,0.0297,2320.125
2325.25,182.7067,34.449,52.897,166.7579,23.167,67.264,1679.2159,,-113.623,0.0262,2320.25
2325.375,182.7035,34.449,53.046,165.1459,22.902,67.064,1703.0129,,-114.181,0.0228,2320.375
2325.5,182.7002,34.449,53.244,163.536,22.531,66.074,1840.551,,-114.734,0.0193,2320.5
2325.625,182.6964,34.449,53.244,161.9577,21.18,66.072,1948.1219,,-115.291,0.0159,2320.625
2325.75,182.6922,34.449,53.145,160.5143,20.629,66.073,1984.139,,-115.707,0.0128,2320.75
2325.875,182.6881,30.512,52.45,160.0205,19.144,65.675,2046.915,,-115.904,0.0118,2320.875
2326.0,182.6842,30.512,51.31,160.3736,17.623,65.874,2067.387,,-116.166,0.0126,2321.0
2326.125,182.6809,27.83,50.565,161.0139,16.627,66.071,2137.98,,-116.494,0.0139,2321.125
2326.25,182.6777,26.575,51.21,161.654,16.194,66.27,2168.813,,-116.493,0.0153,2321.25
2326.375,182.6739,26.575,51.458,162.2936,16.316,66.865,2222.77,,-116.691,0.0167,2321.375
2326.5,182.6698,24.606,49.474,162.9348,16.82,67.261,2288.344,,-116.887,0.0181,2321.5
2326.625,182.6656,22.638,49.871,163.5898,17.261,68.055,2336.407,,-116.889,0.0195,2321.625
2326.75,182.6617,22.638,50.119,164.3315,17.609,68.649,2343.187,,-117.084,0.0211,2321.75
2326.875,182.6583,22.638,50.367,165.2144,18.681,68.649,2348.7891,,-117.284,0.023,2321.875
2327.0,182.6552,24.606,49.028,166.2265,18.952,69.441,2334.6499,,-117.28,0.0251,2322.0
2327.125,182.6515,26.575,48.333,167.2407,19.155,69.639,2242.3789,,-117.286,0.0273,2322.125
2327.25,182.6473,28.543,48.284,168.2536,19.957,69.64,2140.219,,-117.28,0.0295,2322.25
2327.375,182.6431,28.543,48.433,169.2665,20.729,69.638,2064.7141,,-117.287,0.0317,2322.375
2327.5,182.6392,28.543,49.325,170.1953,21.393,69.243,1993.686,,-117.673,0.0337,2322.5
2327.625,182.6357,28.543,49.97,170.8727,21.515,68.248,1815.634,,-117.682,0.0351,2322.625
2327.75,182.6327,28.543,50.714,171.3369,21.389,67.657,1772.106,,-117.673,0.0361,2322.75
2327.875,182.629,28.543,51.31,173.1678,20.886,66.859,1744.35,,-117.683,0.0401,2322.875
2328.0,182.6248,32.48,52.004,175.5714,19.493,64.683,1736.796,,-117.673,0.0452,2323.0
2328.125,182.6207,32.48,52.847,177.2138,19.156,62.5,1653.028,,-117.88,0.0487,2323.125
2328.25,182.6167,32.48,54.435,177.9959,19.174,61.31,1606.665,,-118.459,0.0504,2323.25
2328.375,182.6131,34.449,54.435,178.0867,18.848,61.31,1593.215,,-118.864,0.0506,2323.375
2328.5,182.6103,36.417,53.74,177.6918,18.54,59.921,1583.5229,,-119.245,0.0498,2323.5
2328.625,182.6065,36.417,52.252,177.5759,18.225,59.325,1576.903,,-119.651,0.0495,2323.625
2328.75,182.6024,36.417,51.508,180.915,17.434,57.341,1564.231,,-120.032,0.0568,2323.75
2328.875,182.5984,36.417,51.359,187.7449,17.13,55.357,1556.6379,,-120.044,0.0715,2323.875
2329.0,182.595,36.417,55.823,195.9138,16.877,54.563,1513.1281,,-120.425,0.089,2324.0
2329.125,182.5928,38.386,57.312,202.1753,15.717,53.571,1537.748,,-120.437,0.1024,2324.125
2329.25,182.5951,36.417,57.411,203.0641,15.376,52.778,1548.826,,-120.423,0.1042,2324.25
2329.375,182.6216,34.449,55.675,199.286,14.933,51.786,1559.78,,-120.436,0.0961,2324.375
2329.5,182.6522,32.48,53.74,195.8041,14.429,51.389,1572.521,,-120.42,0.0886,2324.5
2329.625,182.683,32.48,53.393,192.5173,14.148,50.595,1591.193,,-120.436,0.0816,2324.625
2329.75,182.7131,32.48,53.095,188.8964,13.954,50.0,1615.983,,-120.418,0.0738,2324.75
2329.875,182.744,32.48,52.798,184.7702,14.148,49.802,1618.891,,-120.436,0.0649,2324.875
2330.0,182.7748,32.48,52.649,182.2067,14.582,49.405,1619.803,,-120.414,0.0594,2325.0
2330.125,182.8048,32.48,,181.6484,15.252,49.012,1622.7791,,-120.437,0.0583,2325.125
2330.25,182.8353,30.512,,181.6803,16.313,48.614,1611.697,,-120.413,0.0583,2325.25
2330.375,182.8664,30.512,,181.8152,16.671,48.615,1603.02,,-120.045,0.0586,2325.375
2330.5,182.8972,30.512,,181.9178,17.413,48.614,1591.825,,-120.411,0.0588,2325.5
2330.625,182.927,30.512,,181.799,18.721,48.615,1579.368,,-120.047,0.0586,2325.625
2330.75,182.9578,32.48,,181.314,18.829,49.01,1568.064,,-119.625,0.0575,2325.75
2330.875,182.9888,32.48,,180.5158,18.881,49.407,1555.665,,-119.26,0.0558,2325.875
2331.0,183.0192,32.48,,179.4084,18.513,49.803,1528.71,,-118.446,0.0534,2326.0
2331.125,183.0493,32.48,,178.0139,17.153,50.2,1508.468,,-116.505,0.0504,2326.125
2331.25,183.0801,32.48,,176.3701,17.022,50.993,1481.624,,-115.301,0.0469,2326.25
2331.375,183.1114,32.48,,174.5071,16.683,51.389,1460.912,,-112.963,0.0429,2326.375
2331.5,183.1423,32.48,,172.468,16.63,52.184,1473.901,,-111.543,0.0385,2326.5
2331.625,183.1726,32.48,,170.3852,16.682,52.975,1480.509,,-110.12,0.034,2326.625
2331.75,183.2029,32.48,,168.591,16.632,52.977,1455.897,,-108.67,0.0302,2326.75
2331.875,183.2338,30.512,,168.1201,16.679,52.974,1428.374,,-107.057,0.0292,2326.875
2332.0,183.2646,30.512,,171.5124,16.796,52.978,1403.422,,-105.477,0.0365,2327.0
2332.125,183.2944,30.512,,174.9691,16.833,53.368,1372.897,,-105.481,0.0439,2327.125
2332.25,183.3251,30.512,,177.4512,16.806,53.375,1364.293,,-105.086,0.0493,2327.25
2332.375,183.3562,30.512,,178.3308,16.991,53.765,1356.6281,,-105.085,0.0511,2327.375
2332.5,183.3868,30.512,,177.0732,17.289,53.771,1404.235,,-105.088,0.0484,2327.5
2332.625,183.4167,30.512,,173.5379,17.619,53.765,1432.811,,-105.084,0.0408,2327.625
2332.75,183.4476,30.512,,169.4628,18.553,53.771,1451.954,,-105.088,0.032,2327.75
2332.875,183.4786,30.512,,166.4576,19.351,53.766,1672.406,,-105.083,0.0256,2327.875
2333.0,183.5088,30.512,,163.5108,22.853,53.77,1858.496,,-105.087,0.0193,2328.0
2333.125,183.539,30.512,,160.8149,27.858,53.768,2009.8361,,-105.082,0.0135,2328.125
2333.25,183.5699,30.512,,159.1566,29.072,53.77,2037.006,,-105.479,0.01,2328.25
2333.375,183.6009,30.512,,159.8499,30.229,53.769,2045.5959,,-105.474,0.0115,2328.375
2333.5,183.6305,30.512,,162.4125,31.093,53.769,2048.6169,,-105.477,0.017,2328.5
2333.625,183.6613,32.48,,163.2343,31.203,53.374,2045.863,,-105.867,0.0187,2328.625
2333.75,183.6923,32.48,,162.4943,31.526,53.372,2048.197,,-105.868,0.0171,2328.75
2333.875,183.7229,32.48,,160.8099,32.039,53.771,2057.9919,,-105.865,0.0135,2328.875
2334.0,183.7529,32.48,,159.0276,32.262,53.768,2083.3579,,-105.867,0.0096,2329.0
2334.125,183.7837,32.48,,157.9712,33.673,53.772,2093.8459,,-105.865,0.0074,2329.125
2334.25,183.8147,32.48,,161.3317,37.088,54.164,2098.8491,,-105.866,0.0147,2329.25
2334.375,183.8449,32.48,,167.0178,39.876,54.169,2094.114,,-105.865,0.0269,2329.375
2334.5,183.875,32.48,,172.9503,40.345,54.164,2090.813,,-105.866,0.0396,2329.5
2334.625,183.9049,32.48,,177.7432,40.449,54.168,2090.334,,-105.865,0.0499,2329.625
2334.75,183.9334,32.48,,181.2231,39.799,54.165,2086.8391,,-105.866,0.0574,2329.75
2334.875,183.9572,32.48,,184.1342,37.47,54.168,2098.603,,-105.865,0.0636,2329.875
2335.0,183.979,32.48,,185.9313,36.099,54.191,2122.697,,-105.866,0.0674,2330.0
2335.125,184.001,,,184.6848,22.663,,2122.4221,,,0.0647,2330.125
2335.25,184.023,,,180.9479,19.806,,2098.9641,,,0.0567,2330.25
2335.375,184.0445,,,176.563,16.82,,2078.7151,,,0.0473,2330.375
2335.5,184.0666,,,173.6181,15.103,,2051.5139,,,0.0411,2330.5
2335.625,184.0883,,,177.0835,14.901,,2015.3719,,,0.0485,2330.625
2335.75,184.1104,,,180.7465,15.135,,1976.4,,,0.0564,2330.75
2335.875,184.1323,,,183.9034,16.763,,1924.309,,,0.0631,2330.875
2336.0,184.154,,,185.5091,16.982,,1877.573,,,0.0665,2331.0
2336.125,184.1765,,,183.864,18.123,,1864.896,,,0.063,2331.125
2336.25,184.1992,,,179.8088,18.827,,1873.736,,,0.0543,2331.25
2336.375,184.2209,,,176.2139,19.547,,1884.601,,,0.0465,2331.375
2336.5,184.2428,,,173.1876,20.266,,1885.723,,,0.04,2331.5
2336.625,184.2646,,,170.6268,21.11,,1900.3459,,,0.0346,2331.625
2336.75,184.2862,,,168.3715,21.846,,1901.692,,,0.0297,2331.75
2336.875,184.3088,,,166.3632,22.357,,1872.667,,,0.0254,2331.875
2337.0,184.3302,,,165.1092,23.109,,1846.323,,,0.0227,2332.0
2337.125,184.3524,,,164.8979,24.386,,1781.865,,,0.0223,2332.125
2337.25,184.375,,,166.3086,26.262,,1695.923,,,0.0253,2332.25
2337.375,184.3972,,,168.9591,25.963,,1694.891,,,0.031,2332.375
2337.5,184.4187,,,171.6805,25.319,,1719.538,,,0.0369,2332.5
2337.625,184.4412,,,173.607,26.436,,1738.546,,,0.041,2332.625
2337.75,184.4628,,,175.0004,27.986,,1746.887,,,0.044,2332.75
2337.875,184.4846,,,176.1523,28.957,,1758.5341,,,0.0465,2332.875
2338.0,184.5065,,,177.1989,29.275,,1766.256,,,0.0487,2333.0
2338.125,184.5282,,,178.2279,28.94,,1786.593,,,0.0509,2333.125
2338.25,184.5507,,,179.2905,27.863,,1793.618,,,0.0532,2333.25
2338.375,184.5721,,,181.0265,26.71,,1807.16,,,0.0569,2333.375
2338.5,184.5944,,,182.6645,25.51,,1817.03,,,0.0604,2333.5
2338.625,184.6169,,,183.3353,22.756,,1842.75,,,0.0619,2333.625
2338.75,184.6391,,,182.9747,21.436,,1907.756,,,0.0611,2333.75
2338.875,184.6609,,,182.0755,23.042,,1945.7531,,,0.0592,2333.875
2339.0,184.6831,,,180.9632,24.857,,2022.0031,,,0.0568,2334.0
2339.125,184.783,,,179.8304,29.007,,2048.884,,,0.0543,2334.125
2339.25,185.1024,,,178.639,33.641,,2089.197,,,0.0518,2334.25
2339.375,185.3743,,,177.4131,34.95,,2115.9829,,,0.0491,2334.375
2339.5,185.4422,,,176.1725,37.929,,2105.342,,,0.0465,2334.5
2339.625,185.4571,,,174.9193,39.965,,2080.1079,,,0.0438,2334.625
2339.75,185.472,,,173.6851,42.008,,2070.1111,,,0.0411,2334.75
2339.875,185.4868,,,173.2729,44.203,,2067.8921,,,0.0403,2334.875
2340.0,,,,,36.071,,2070.522,,,,2335.0
2340.125,,,,,34.586,,2087.3889,,,,2335.125
2340.25,,,,,25.816,,2102.5229,,,,2335.25
2340.375,,,,,24.044,,2114.887,,,,2335.375
2340.5,,,,,22.483,,2102.7439,,,,2335.5
2340.625,,,,,20.287,,2079.2319,,,,2335.625
2340.75,,,,,19.928,,2047.425,,,,2335.75
2340.875,,,,,19.695,,2023.783,,,,2335.875
2341.0,,,,,20.519,,2003.839,,,,2336.0
2341.125,,,,,21.315,,1980.327,,,,2336.125
2341.25,,,,,22.062,,1972.116,,,,2336.25
2341.375,,,,,22.929,,1988.401,,,,2336.375
2341.5,,,,,23.138,,2007.6121,,,,2336.5
2341.625,,,,,20.439,,2020.111,,,,2336.625
2341.75,,,,,19.654,,2031.287,,,,2336.75
2341.875,,,,,19.039,,2043.903,,,,2336.875
2342.0,,,,,15.85,,2062.968,,,,2337.0
2342.125,,,,,14.317,,2071.635,,,,2337.125
2342.25,,,,,14.888,,2086.8091,,,,2337.25
2342.375,,,,,15.127,,2099.2959,,,,2337.375
2342.5,,,,,15.335,,2122.5049,,,,2337.5
2342.625,,,,,15.757,,2091.2781,,,,2337.625
2342.75,,,,,15.649,,2011.7159,,,,2337.75
2342.875,,,,,13.391,,1952.7,,,,2337.875
2343.0,,,,,12.661,,1912.783,,,,2338.0
2343.125,,,,,11.968,,1908.864,,,,2338.125
2343.25,,,,,12.357,,1908.8571,,,,2338.25
2343.375,,,,,12.745,,1908.856,,,,2338.375
2343.5,,,,,13.157,,1905.106,,,,2338.5
2343.625,,,,,13.516,,1908.666,,,,2338.625
2343.75,,,,,13.644,,1921.271,,,,2338.75
2343.875,,,,,13.973,,1924.1639,,,,2338.875
2344.0,,,,,13.651,,1949.479,,,,2339.0
2344.125,,,,,13.958,,1951.421,,,,2339.125
2344.25,,,,,14.29,,1961.875,,,,2339.25
2344.375,,,,,14.582,,1965.598,,,,2339.375
2344.5,,,,,14.453,,1978.214,,,,2339.5
2344.625,,,,,14.424,,1986.0129,,,,2339.625
2344.75,,,,,14.296,,2014.038,,,,2339.75
2344.875,,,,,14.265,,2025.214,,,,2339.875
2345.0,,,,,14.293,,1871.657,,,,2340.0
2345.125,,,,,14.188,,1874.844,,,,2340.125
2345.25,,,,,14.208,,1915.084,,,,2340.25
2345.375,,,,,14.349,,1922.616,,,,2340.375
2345.5,,,,,14.678,,1938.469,,,,2340.5
2345.625,,,,,15.221,,1942.877,,,,2340.625
2345.75,,,,,15.067,,1957.751,,,,2340.75
2345.875,,,,,14.204,,1979.077,,,,2340.875
2346.0,,,,,13.563,,1992.84,,,,2341.0
2346.125,,,,,13.503,,1983.588,,,,2341.125
2346.25,,,,,13.556,,1968.605,,,,2341.25
2346.375,,,,,13.668,,1956.3199,,,,2341.375
2346.5,,,,,13.705,,1944.5179,,,,2341.5
2346.625,,,,,14.226,,1920.905,,,,2341.625
2346.75,,,,,14.643,,1904.431,,,,2341.75
2346.875,,,,,15.016,,1924.469,,,,2341.875
2347.0,,,,,15.031,,1955.58,,,,2342.0
2347.125,,,,,13.125,,1964.028,,,,2342.125
2347.25,,,,,12.982,,1979.517,,,,2342.25
2347.375,,,,,13.043,,1983.5909,,,,2342.375
2347.5,,,,,13.063,,1987.817,,,,2342.5
2347.625,,,,,13.275,,1987.084,,,,2342.625
2347.75,,,,,13.462,,1992.369,,,,2342.75
2347.875,,,,,13.741,,1990.431,,,,2342.875
2348.0,,,,,13.782,,1993.079,,,,2343.0
2348.125,,,,,13.814,,1989.717,,,,2343.125
2348.25,,,,,13.473,,1989.77,,,,2343.25
2348.375,,,,,12.864,,1985.13,,,,2343.375
2348.5,,,,,12.295,,1942.7679,,,,2343.5
2348.625,,,,,11.76,,1708.215,,,,2343.625
2348.75,,,,,10.327,,1376.4091,,,,2343.75
2348.875,,,,,8.452,,1371.765,,,,2343.875
2349.0,,,,,7.492,,,,,,2344.0
2349.125,,,,,6.716,,,,,,2344.125
2349.25,,,,,5.679,,,,,,2344.25
2349.375,,,,,4.983,,,,,,2344.375
2349.5,,,,,4.971,,,,,,2344.5
2349.625,,,,,4.983,,,,,,2344.625
2349.75,,,,,4.972,,1375.261,,,,2344.75
2349.875,,,,,4.982,,1373.257,,,,2344.875
2350.0,,,,,4.974,,1374.814,,,,2345.0
